customer_id,monthly_income,monthly_expenses,average_monthly_inflow,average_monthly_outflow,transaction_count,average_transaction,savings_balance,failed_payments,late_payments,account_age_months,spending_volatility,weekend_spending_ratio,night_transaction_ratio,new_device,failed_logins,location_change,high_credit_risk,fraud_label
C00000,51613.6,36214.77,44363.78,37016.75,81,416.85,79875.54,0,0,10,0.3388,0.1468,0.1814,0,0,0,0,0
C00001,28181.61,13025.58,34242.95,12804.71,75,144.6,74279.56,1,3,56,0.6481,0.3134,0.0784,0,4,0,0,0
C00002,63077.59,45376.67,76034.9,42673.77,75,541.0,61935.52,0,0,44,0.257,0.1615,0.1961,0,0,0,0,0
C00003,68711.5,29526.03,90586.5,27672.32,67,505.4,131504.31,1,0,46,0.4702,0.1429,0.2018,0,0,0,0,0
C00004,18703.24,9571.63,21908.71,11221.59,66,193.04,23797.44,0,0,26,0.5881,0.3236,0.0763,0,2,0,0,0
C00005,25045.19,13286.07,27611.52,13569.09,61,275.51,56356.13,0,1,41,0.1673,0.3405,0.1964,0,0,0,0,0
C00006,47664.68,23106.87,57432.93,26022.3,51,445.25,75904.47,2,0,9,0.1693,0.3315,0.0304,0,1,0,0,0
C00007,39030.89,13719.77,38051.32,15671.96,55,279.03,34375.02,0,1,43,0.3749,0.2424,0.238,0,0,0,0,0
C00008,44661.06,20364.51,44774.95,22156.34,62,393.24,96445.56,0,1,58,0.5205,0.1184,0.2043,0,0,0,0,0
C00009,30654.91,15387.05,31951.32,17637.33,65,331.71,31194.1,1,0,36,0.3899,0.2376,0.1386,0,1,0,0,0
C00010,66846.01,32830.16,81168.82,34528.04,75,490.52,100825.88,1,2,31,0.0647,0.2113,0.1768,0,0,0,0,0
C00011,63858.45,44924.42,60492.76,54522.87,81,490.9,100386.05,1,0,59,0.3472,0.311,0.1947,1,1,0,0,0
C00012,46357.19,17213.14,43323.23,19774.63,75,255.13,146705.24,1,0,3,0.2525,0.1472,0.1423,0,1,0,0,0
C00013,74732.95,39236.81,80590.86,45701.98,65,855.16,197284.15,0,0,9,0.2526,0.1811,0.0313,1,1,0,0,0
C00014,55536.57,20375.36,63095.3,19099.42,80,280.08,126447.91,1,0,54,0.0887,0.4304,0.1901,0,0,0,0,0
C00015,30568.83,23501.05,29518.19,25418.49,85,380.9,17451.78,0,0,40,0.6139,0.3128,0.2432,0,1,0,0,0
C00016,53122.49,37482.92,60052.32,31103.22,68,525.32,64812.12,1,2,30,0.5256,0.1851,0.021,1,3,0,1,0
C00017,29229.12,23148.66,35490.22,28197.91,69,325.62,10645.58,1,1,20,0.0737,0.1778,0.109,0,1,0,0,0
C00018,66817.51,50752.72,79783.81,49494.1,64,634.85,132227.28,1,0,9,0.295,0.3496,0.0891,0,1,0,0,0
C00019,44000.27,21653.23,48065.68,21476.44,65,299.8,25907.6,1,1,57,0.1164,0.3797,0.1184,0,0,0,0,0
C00020,41408.01,27379.5,43028.24,24255.95,65,286.99,12251.2,0,0,5,0.3459,0.3488,0.154,0,0,0,0,0
C00021,33123.54,16162.61,41678.52,16900.39,72,261.96,45620.47,1,0,22,0.1785,0.1961,0.2023,0,1,0,0,0
C00022,78007.59,58481.9,82052.16,59523.45,79,689.44,207150.63,2,0,11,0.0816,0.4155,0.1167,0,0,0,0,0
C00023,41977.1,22450.98,48812.76,28484.09,75,310.58,67375.06,0,2,9,0.5502,0.1175,0.1234,0,0,0,0,0
C00024,37111.06,19266.18,47687.48,22215.99,71,263.31,18029.49,1,0,10,0.2222,0.2053,0.1402,0,0,1,0,0
C00025,38405.57,29239.35,44175.32,28895.55,75,487.18,76118.92,0,0,43,0.5408,0.2341,0.2422,0,1,0,0,0
C00026,57179.85,41543.06,53197.22,35313.76,76,539.81,96253.17,0,1,10,0.2383,0.3863,0.1736,0,0,0,0,0
C00027,53043.5,41633.11,47809.02,32305.61,54,534.1,178816.76,0,0,57,0.559,0.2931,0.1264,1,1,0,0,0
C00028,54184.35,20585.7,54958.35,19079.85,86,259.45,35375.67,1,2,30,0.1231,0.4094,0.2438,0,1,0,0,0
C00029,54627.2,25101.34,62009.51,22346.56,74,378.12,134013.89,1,1,32,0.3089,0.3121,0.2449,0,0,0,0,0
C00030,117966.88,57259.47,130161.62,62517.81,72,1008.65,304101.84,1,0,31,0.5957,0.3542,0.0547,0,0,0,0,0
C00031,37478.81,20274.48,49279.01,20935.56,63,310.4,112436.61,1,1,12,0.236,0.2112,0.2166,0,0,0,0,0
C00032,35735.81,20115.99,39388.25,21163.62,67,254.76,106987.52,2,0,23,0.1358,0.2852,0.2317,0,3,0,0,0
C00033,31201.46,15012.97,31535.53,14054.09,65,253.59,47863.83,0,2,15,0.3939,0.1342,0.2189,0,0,0,0,0
C00034,59373.81,41900.26,54267.6,44759.69,72,455.84,158334.76,0,2,52,0.2865,0.235,0.2194,0,2,0,0,0
C00035,74791.18,33690.43,89125.1,29632.46,76,340.18,111618.15,1,0,59,0.1137,0.2046,0.2335,0,0,0,0,0
C00036,42750.72,28362.23,44857.17,29479.82,72,305.71,134772.43,2,1,58,0.0775,0.2091,0.0661,0,0,0,0,0
C00037,30833.2,22609.86,26802.17,25992.96,67,328.95,77894.51,0,0,32,0.5596,0.3691,0.1064,0,0,1,0,0
C00038,31051.46,19303.58,32686.98,19422.26,77,224.2,10546.8,0,2,41,0.5324,0.3119,0.1883,0,3,0,0,0
C00039,60305.86,30718.09,56115.29,33889.34,76,409.61,49569.03,0,0,12,0.1296,0.4174,0.0665,0,1,0,0,0
C00040,62873.63,27321.8,62805.95,22206.51,77,226.54,200170.83,0,1,15,0.63,0.2047,0.0837,0,1,0,0,0
C00041,57459.59,23584.62,60375.26,18941.98,63,321.14,118312.34,1,2,60,0.1202,0.1315,0.07,0,0,1,0,0
C00042,33354.18,22843.57,31398.91,24882.83,79,402.37,92204.69,1,3,49,0.1523,0.1159,0.1389,0,0,0,0,0
C00043,49955.62,28030.57,49530.26,32953.92,79,320.86,150278.55,2,1,31,0.5283,0.2547,0.1819,0,0,0,0,0
C00044,47426.02,17587.65,45562.45,17964.23,80,252.98,16969.4,3,0,58,0.3331,0.2676,0.2441,0,0,0,0,0
C00045,49653.67,39361.85,47862.43,51462.66,73,569.86,27814.5,0,1,31,0.2679,0.4089,0.049,1,1,0,0,0
C00046,66606.72,43433.34,61880.14,38082.01,74,558.76,219405.75,1,0,5,0.0901,0.2875,0.0203,0,0,0,0,0
C00047,49763.44,36321.44,49368.72,35173.76,63,445.8,109907.26,1,4,25,0.5044,0.1037,0.1059,0,0,0,1,0
C00048,61079.34,33421.69,57575.59,35654.63,66,665.95,157219.97,0,1,46,0.2063,0.3208,0.0237,0,1,0,0,0
C00049,46389.5,36181.37,51974.33,40006.64,72,396.84,69689.34,0,1,32,0.5921,0.2011,0.0679,0,1,0,1,0
C00050,51252.59,22540.19,55050.21,22087.84,84,218.42,51166.15,1,0,59,0.0776,0.222,0.0842,1,1,0,0,0
C00051,59784.25,25905.19,71344.48,23907.59,76,343.81,31662.0,1,2,55,0.1837,0.3735,0.1072,0,0,0,0,0
C00052,23358.07,17533.75,29814.34,19715.5,75,290.36,21174.84,0,0,27,0.407,0.4365,0.0449,0,3,0,0,0
C00053,38970.71,29277.63,44086.75,31209.63,68,447.31,20999.79,0,0,53,0.3664,0.2961,0.065,0,0,0,0,0
C00054,36415.51,20922.85,40200.92,21103.74,74,241.58,118754.51,1,0,56,0.4573,0.1724,0.2011,0,0,0,0,0
C00055,33756.31,13725.45,38443.06,15233.29,71,230.25,103806.72,0,0,26,0.3654,0.3142,0.2298,0,1,0,0,0
C00056,39759.49,19376.68,43973.62,20028.48,74,350.49,106972.54,0,0,60,0.3304,0.3362,0.1607,0,1,0,0,0
C00057,88180.52,60788.88,93120.74,62808.95,70,972.45,24067.91,1,0,31,0.2698,0.317,0.0482,0,0,0,0,0
C00058,30479.02,22270.91,31895.71,22912.55,65,284.44,58552.33,0,0,23,0.161,0.4415,0.1264,0,1,0,0,0
C00059,69573.78,35235.27,64522.69,33525.41,60,698.33,68952.82,0,2,26,0.5046,0.1607,0.1581,0,0,0,1,0
C00060,21102.07,7967.19,24281.53,7483.35,68,124.19,9472.28,0,1,12,0.4449,0.1059,0.2484,1,0,0,0,0
C00061,38704.82,25141.76,40494.71,24812.8,84,313.05,10414.33,0,0,33,0.2632,0.1177,0.222,0,1,0,0,0
C00062,48419.44,33059.52,59262.6,34839.72,75,374.52,124212.24,0,2,12,0.0848,0.1721,0.2412,1,1,0,0,0
C00063,58584.05,31682.64,67946.74,26152.35,75,306.22,84987.57,2,1,35,0.4102,0.239,0.2031,0,0,1,0,0
C00064,61973.97,37952.48,60417.54,44152.76,84,518.55,132806.45,1,1,55,0.4376,0.1566,0.0926,0,0,0,0,0
C00065,64307.02,51080.17,77142.89,53747.21,69,823.67,177209.09,1,0,10,0.6417,0.2479,0.0362,0,0,0,0,0
C00066,38464.52,17703.27,28568.02,16325.77,62,239.88,64596.16,1,1,39,0.0892,0.146,0.1427,0,1,0,0,0
C00067,36547.19,22214.84,46839.86,27635.07,80,376.13,22894.15,0,2,60,0.0816,0.3631,0.16,0,1,0,0,0
C00068,66204.71,41373.46,58881.58,43649.62,68,512.78,219340.23,1,1,49,0.4887,0.1067,0.1998,0,0,0,0,0
C00069,41288.15,24653.08,45805.63,21935.87,63,415.1,96386.75,1,0,51,0.6482,0.1883,0.0896,0,2,1,0,0
C00070,25345.56,18783.81,27912.81,23265.74,74,252.4,21714.46,3,0,42,0.5661,0.3504,0.207,0,0,0,0,0
C00071,27022.86,16815.07,32017.93,20389.68,63,412.21,66290.05,1,3,24,0.5281,0.2661,0.2093,0,0,1,1,0
C00072,29752.38,17213.25,30066.45,16196.75,71,258.87,48006.35,0,1,27,0.5935,0.2952,0.2041,1,0,0,0,0
C00073,56282.57,22814.52,44606.06,23071.01,63,425.55,158446.36,2,2,20,0.3013,0.4066,0.0474,0,2,0,0,0
C00074,47978.55,31975.02,48493.14,31818.01,71,401.99,123596.73,3,0,31,0.1276,0.4451,0.1947,0,1,0,0,0
C00075,61398.22,25139.4,62853.39,20696.36,73,251.44,65186.99,0,0,16,0.188,0.2736,0.2361,0,0,0,0,0
C00076,37129.02,13439.09,29855.33,14634.66,69,252.1,98164.13,0,0,4,0.3911,0.2521,0.2459,0,0,0,0,0
C00077,48327.72,27539.02,51007.23,31708.91,71,536.17,97453.31,2,0,17,0.0828,0.3652,0.0816,0,1,0,0,0
C00078,59631.15,36231.91,54914.2,40899.55,74,581.05,144320.76,1,1,28,0.4169,0.1038,0.1274,0,0,0,0,0
C00079,39152.2,31305.09,44159.38,32993.39,53,579.45,58895.56,0,0,20,0.4707,0.4313,0.0548,0,0,0,0,0
C00080,55268.95,37060.43,56400.33,43103.48,70,637.68,29938.69,0,0,50,0.238,0.1603,0.0825,0,2,0,0,0
C00081,33408.01,24450.18,42940.37,22341.56,77,325.66,10645.59,1,1,48,0.4444,0.4151,0.2039,1,1,0,0,0
C00082,38217.3,19333.16,38953.31,24518.2,87,330.61,107506.93,3,1,19,0.5765,0.4276,0.1776,1,0,0,1,0
C00083,37897.32,21942.99,41749.47,21007.12,64,318.52,42726.24,0,0,21,0.3515,0.1333,0.053,0,0,0,0,0
C00084,26272.81,20714.04,26914.69,20106.68,66,358.38,56339.72,2,4,37,0.3347,0.332,0.2365,0,0,0,1,0
C00085,56025.12,30131.7,47913.12,29558.42,78,411.36,166694.65,1,0,8,0.5446,0.1439,0.1703,1,2,0,0,0
C00086,36431.41,25985.82,37358.03,25264.0,80,380.92,121524.26,1,0,51,0.2876,0.1609,0.1532,0,1,0,0,0
C00087,45253.72,26550.14,51607.78,27263.62,73,441.16,153893.1,3,0,43,0.527,0.1335,0.0614,0,0,0,0,0
C00088,55868.38,25184.5,62697.66,25744.27,79,308.69,159697.99,0,1,11,0.5589,0.369,0.0687,0,0,0,0,0
C00089,55014.76,33624.38,55829.41,35828.69,76,547.52,105772.01,2,1,53,0.1745,0.2285,0.0212,0,2,0,0,0
C00090,60708.63,27205.23,53131.54,25892.75,66,417.01,65478.61,0,0,5,0.5013,0.3213,0.1662,0,0,0,0,0
C00091,43049.22,15125.86,48530.89,16184.56,75,236.94,11083.73,1,3,19,0.1698,0.4442,0.2442,0,0,0,0,0
C00092,37195.15,16966.68,40927.25,15594.91,84,155.31,35134.95,2,0,36,0.5012,0.2509,0.0998,1,1,1,0,1
C00093,43414.32,18968.35,49978.97,21584.03,78,322.15,42563.88,3,2,47,0.2537,0.3004,0.1248,0,1,0,0,0
C00094,21059.72,10886.07,21419.97,12371.02,62,153.51,40780.45,0,2,20,0.3353,0.424,0.0488,1,2,1,0,1
C00095,23463.87,17594.82,19894.43,18462.34,66,228.5,53274.69,1,1,21,0.144,0.2256,0.0374,0,1,0,0,0
C00096,24814.98,13016.3,27645.16,12652.32,70,164.54,85225.92,0,2,28,0.4505,0.1522,0.0978,1,1,0,0,0
C00097,28728.84,20981.66,30133.76,22814.11,67,393.88,42785.55,2,0,28,0.6117,0.2545,0.0264,0,2,0,0,0
C00098,53869.31,32322.98,65559.06,30496.16,55,526.33,177604.24,0,2,39,0.3831,0.2623,0.0347,0,1,0,0,0
C00099,29940.05,10581.61,31540.28,11154.55,82,145.68,85745.28,1,1,25,0.4313,0.3421,0.2071,0,2,0,0,0
C00100,37958.34,16509.28,39649.16,17033.98,76,280.28,96149.12,0,1,3,0.4363,0.1943,0.0595,0,0,0,0,0
C00101,80746.55,62100.16,88826.9,84803.3,79,1210.19,62773.8,0,0,18,0.3257,0.2442,0.1925,0,1,0,0,0
C00102,38334.25,23839.23,37505.01,21520.95,78,330.83,85840.21,1,0,40,0.4815,0.3464,0.1656,0,0,0,0,0
C00103,62711.48,48180.98,60992.16,35168.4,73,375.77,135234.46,1,2,6,0.5316,0.3703,0.0559,1,1,0,1,0
C00104,29563.32,14472.84,30694.2,14089.17,72,144.11,83026.98,1,1,58,0.2396,0.3752,0.2204,0,0,0,0,0
C00105,41026.39,27588.32,38546.4,23288.3,59,333.61,86622.29,0,0,48,0.6137,0.3093,0.1263,0,0,1,0,0
C00106,29345.89,20466.16,30006.43,19704.75,66,369.71,99172.91,1,1,19,0.3724,0.2418,0.1202,1,3,0,0,0
C00107,38632.64,30483.66,49555.92,27261.16,73,424.96,33104.01,1,1,47,0.471,0.2342,0.0455,0,0,0,0,0
C00108,65680.44,23525.38,77182.14,22148.2,69,298.05,49007.86,1,1,20,0.5325,0.2871,0.0938,0,0,0,0,0
C00109,20684.16,16102.76,22482.95,14850.14,72,257.07,53731.33,2,2,15,0.0671,0.2268,0.1978,0,2,0,0,0
C00110,54715.83,28792.33,67639.78,33559.01,74,495.78,190738.1,0,3,17,0.6042,0.2851,0.2227,0,1,0,1,0
C00111,50081.09,36413.79,47627.74,38022.42,59,760.48,49342.36,2,0,42,0.5428,0.4165,0.1142,1,1,0,0,0
C00112,34442.63,20497.53,46458.04,24167.7,70,259.88,13008.02,2,1,39,0.1039,0.3697,0.2145,1,1,0,0,0
C00113,23475.01,14181.07,23351.52,14959.01,68,263.77,55616.39,1,0,11,0.0903,0.1412,0.2067,0,0,0,0,0
C00114,46484.59,23787.09,59986.35,27627.06,79,347.55,123929.92,2,0,19,0.1014,0.2278,0.0586,0,0,0,0,0
C00115,35459.48,25630.56,45740.2,25982.79,59,330.66,66818.52,2,1,4,0.5865,0.106,0.0731,0,2,0,1,0
C00116,49967.2,23424.93,41953.08,29078.45,62,339.25,47568.37,1,0,57,0.4215,0.312,0.1899,0,0,0,0,0
C00117,45444.69,25972.03,55717.51,28738.47,97,308.08,83509.25,2,0,28,0.0833,0.2484,0.0231,1,0,1,0,1
C00118,92523.53,55706.43,93997.51,53278.83,68,824.4,112443.47,1,1,43,0.6094,0.4264,0.1451,1,1,0,0,0
C00119,40404.96,27642.42,39671.36,31078.32,70,359.04,37104.13,0,0,40,0.4542,0.1017,0.0893,0,0,0,0,0
C00120,28391.47,15962.7,31598.47,16812.74,74,200.87,52633.34,0,0,32,0.2436,0.1931,0.0713,0,1,0,0,0
C00121,48780.79,32006.41,45319.8,32828.94,70,439.26,17439.16,2,0,19,0.466,0.1718,0.1292,0,0,0,0,0
C00122,49682.91,28238.89,55159.94,29976.22,68,311.43,127465.1,5,0,51,0.6177,0.1766,0.2159,0,1,0,0,0
C00123,82954.88,53646.45,77737.41,61165.0,78,1005.43,226176.54,3,0,48,0.107,0.4493,0.1382,1,0,0,0,0
C00124,65527.02,42813.03,70195.79,34074.83,79,516.63,226157.72,0,0,47,0.5566,0.2586,0.2398,0,3,0,0,0
C00125,52839.26,35362.61,63948.37,35641.52,78,388.48,163793.03,0,0,27,0.391,0.2576,0.2329,0,1,0,0,0
C00126,86933.96,62634.61,95312.85,70897.4,67,1276.85,101926.73,0,0,19,0.2585,0.3502,0.0678,1,1,0,0,0
C00127,26356.61,15638.04,26536.49,16885.76,71,253.43,31729.8,0,0,44,0.4283,0.1483,0.1236,0,1,0,0,0
C00128,33743.04,14744.87,37622.46,13489.11,67,162.54,56171.21,1,0,31,0.4839,0.2384,0.1143,0,0,0,0,0
C00129,29657.15,19450.3,26134.55,14896.37,71,246.28,76809.79,1,2,52,0.5823,0.2668,0.0443,0,0,0,1,0
C00130,37759.91,14526.36,35846.87,18217.67,93,148.44,12657.77,1,2,3,0.331,0.282,0.0629,0,1,0,0,0
C00131,24219.39,10863.12,24179.86,11162.4,83,128.34,81710.07,3,0,18,0.515,0.2457,0.1432,0,0,0,0,0
C00132,59888.26,42309.31,68537.44,52111.78,87,690.42,150844.06,1,0,27,0.4561,0.1319,0.175,0,0,0,0,0
C00133,40717.68,22222.96,44736.34,25454.07,81,389.19,122443.36,1,0,20,0.0935,0.183,0.1502,0,0,0,0,0
C00134,23215.02,13328.21,25866.64,12725.32,59,188.14,57509.56,0,0,10,0.4636,0.4425,0.116,0,1,0,0,0
C00135,28492.81,22632.66,29823.83,16970.6,77,234.06,92281.22,1,0,45,0.4265,0.3543,0.2068,0,0,0,0,0
C00136,51818.32,23620.22,49508.67,23491.3,66,428.98,150077.17,1,2,55,0.2618,0.1178,0.2148,0,1,0,0,0
C00137,65615.99,23542.94,80614.1,24614.87,79,379.93,107522.31,0,0,26,0.0624,0.1279,0.1748,1,0,1,0,1
C00138,110519.44,44220.78,106791.04,48823.24,74,463.17,280639.78,2,0,34,0.242,0.1219,0.0679,0,1,0,0,0
C00139,166984.43,76817.15,183730.41,70417.87,66,807.47,552550.17,2,0,48,0.5281,0.1613,0.0987,0,0,0,0,0
C00140,54225.25,36692.28,56207.05,39310.67,67,477.29,179949.66,0,0,39,0.5305,0.1855,0.183,0,1,0,0,0
C00141,28828.67,20154.7,32217.74,21592.07,67,228.05,91407.22,1,2,26,0.3134,0.4015,0.0538,0,0,0,0,0
C00142,17240.16,10421.16,16849.53,12175.19,74,203.42,46123.28,1,1,50,0.5841,0.3745,0.0273,1,0,0,1,0
C00143,50761.22,23592.34,59711.5,23903.36,78,226.73,116473.08,0,1,4,0.5267,0.3079,0.1827,0,1,0,0,0
C00144,31213.13,18252.94,37936.24,20135.38,70,359.31,62878.52,0,0,18,0.4206,0.1044,0.2275,0,0,0,0,0
C00145,37328.3,13316.16,43635.24,14442.87,76,167.91,30883.92,0,0,16,0.5499,0.4349,0.0533,0,1,1,0,0
C00146,34165.59,22440.31,36520.11,25920.14,77,250.67,58544.76,0,2,41,0.4329,0.3382,0.0381,0,0,0,0,0
C00147,42237.42,26458.95,42143.86,25178.62,73,319.65,27228.36,0,1,4,0.3862,0.2873,0.1447,0,0,0,0,0
C00148,72700.89,26158.39,100956.34,18310.88,67,310.71,51386.91,2,1,12,0.2918,0.3308,0.2349,1,0,0,0,0
C00149,48295.3,34659.38,44963.17,35407.2,64,432.02,34797.21,0,1,25,0.2178,0.4225,0.2163,0,0,0,0,0
C00150,41899.62,29059.15,48425.39,29706.7,80,472.5,73749.6,2,1,40,0.1254,0.1008,0.0295,0,0,0,0,0
C00151,28236.58,13799.24,30776.01,12572.45,78,129.93,13752.85,0,0,56,0.4017,0.1558,0.0432,0,0,0,0,0
C00152,21179.95,13468.75,22080.01,11704.78,66,219.76,64285.17,1,1,24,0.3054,0.2023,0.1598,0,0,0,0,0
C00153,36155.31,22440.58,38766.43,22015.02,64,243.75,115389.37,1,0,29,0.26,0.4337,0.1079,0,1,0,0,0
C00154,43923.98,18203.46,43430.89,18862.7,72,299.1,106762.73,1,0,55,0.2064,0.3771,0.0491,0,1,1,0,0
C00155,99706.51,43568.42,109801.46,46245.76,59,777.34,190453.5,1,1,33,0.4561,0.1139,0.108,0,0,0,0,0
C00156,47716.92,31371.14,51916.91,24336.58,73,386.9,159731.81,1,2,27,0.6114,0.3772,0.0514,0,1,0,1,0
C00157,70028.01,53928.45,96030.69,45276.99,70,707.74,88365.33,1,1,60,0.2254,0.1698,0.0451,0,0,0,0,0
C00158,35944.62,21902.06,42360.69,25965.92,62,342.26,78842.13,0,1,31,0.1699,0.1043,0.2015,0,2,0,0,0
C00159,26401.95,15986.8,29356.48,16422.39,64,187.22,74820.38,2,2,7,0.3233,0.27,0.0975,1,0,0,1,0
C00160,29147.23,18683.57,32617.71,19612.3,71,260.38,76652.49,0,0,53,0.2931,0.1001,0.0486,0,0,0,0,0
C00161,32469.81,17801.91,41260.83,15843.86,76,218.4,96918.96,2,4,25,0.5004,0.2318,0.1534,0,0,0,1,0
C00162,117269.4,43903.02,109476.71,46074.97,63,884.88,113629.24,2,1,52,0.08,0.2707,0.1903,0,0,0,0,0
C00163,31094.73,16431.29,31967.63,16512.12,66,210.59,88488.37,0,0,6,0.3698,0.4422,0.0742,0,1,1,0,0
C00164,65626.7,49555.61,53888.93,48355.18,64,665.46,20797.9,1,1,29,0.6066,0.1358,0.1487,0,0,0,1,0
C00165,29974.45,21348.58,33483.04,18671.04,66,255.73,60536.82,1,2,9,0.6395,0.1959,0.0202,0,2,0,1,0
C00166,68434.04,52512.22,78821.02,49665.09,75,751.28,15865.47,1,0,41,0.2763,0.1954,0.1099,0,2,0,0,0
C00167,53511.17,22409.1,49793.64,28832.49,80,279.48,72385.15,1,2,24,0.0505,0.4146,0.2179,0,0,0,0,0
C00168,41937.29,24226.38,51256.16,24421.73,60,412.33,88561.55,0,1,49,0.4873,0.2966,0.2097,0,0,0,0,0
C00169,44182.08,27089.26,42579.79,31010.55,66,495.35,112412.01,1,0,45,0.1969,0.201,0.1684,1,1,0,0,0
C00170,33515.5,14896.52,33813.92,15290.27,73,212.18,61789.94,1,1,43,0.429,0.444,0.2372,0,2,0,0,0
C00171,55003.4,24225.51,58542.75,24529.45,56,449.68,183098.49,0,0,7,0.3336,0.1697,0.1336,0,0,0,0,0
C00172,36668.57,25738.21,45516.82,25060.77,73,329.7,69214.73,0,0,16,0.4208,0.361,0.1078,0,1,0,0,0
C00173,25923.24,16910.59,24549.73,20486.78,59,448.51,11318.45,2,1,4,0.2594,0.2892,0.0966,0,1,0,0,0
C00174,25319.9,16235.99,27470.81,17774.65,71,242.93,20235.95,0,0,39,0.0968,0.1214,0.154,0,0,0,0,0
C00175,48634.2,22865.1,55587.95,21841.81,59,445.03,145396.72,0,0,36,0.6227,0.2211,0.0236,0,1,0,0,0
C00176,91583.72,52939.63,102410.42,53082.92,49,1118.63,303979.65,0,0,11,0.5741,0.2718,0.1367,0,1,0,0,0
C00177,48359.31,17427.8,54290.49,20549.27,71,308.76,116444.23,0,2,34,0.4893,0.1101,0.0877,0,0,0,0,0
C00178,42660.58,17425.81,48691.93,12361.44,72,203.89,113287.21,0,0,57,0.1787,0.3078,0.08,0,1,0,0,0
C00179,51176.69,29846.91,50328.86,32451.36,59,708.99,114762.69,0,1,43,0.5938,0.358,0.1452,0,2,0,0,0
C00180,80993.04,39634.15,101446.51,44172.74,82,422.79,186888.25,1,0,23,0.1565,0.2976,0.0456,0,0,0,0,0
C00181,49669.18,38968.02,51490.15,37410.49,65,603.59,159847.45,0,1,4,0.274,0.2604,0.1028,0,0,0,0,0
C00182,37402.79,21026.65,38178.45,22468.06,65,279.78,61260.77,0,0,19,0.6049,0.4275,0.1568,0,1,0,0,0
C00183,74031.63,28694.95,89705.24,31859.34,75,309.54,177762.54,2,0,33,0.2611,0.3322,0.1751,0,2,0,0,0
C00184,54576.47,19539.96,53175.6,17630.17,66,330.96,132246.76,0,0,42,0.0714,0.393,0.0986,0,0,0,0,0
C00185,89815.06,60747.86,97757.71,69922.74,71,1276.51,135397.62,2,2,36,0.445,0.3866,0.1096,0,1,0,1,0
C00186,48867.77,20875.24,47072.36,22663.84,73,345.9,82131.03,0,2,29,0.5146,0.436,0.2182,0,1,0,0,0
C00187,25936.5,11269.82,35074.15,11626.43,82,133.76,32600.24,2,2,53,0.3134,0.2865,0.1617,0,0,0,0,0
C00188,24312.51,13146.09,32263.63,13968.93,58,277.87,81386.39,0,1,34,0.5029,0.1477,0.2139,1,0,0,0,0
C00189,94592.68,44347.63,98070.95,50328.48,72,903.37,60022.67,0,0,16,0.4526,0.4272,0.1169,0,2,0,0,0
C00190,97740.11,61327.98,108724.43,81439.51,87,1168.89,101371.22,0,0,35,0.2271,0.3072,0.0934,0,0,0,0,0
C00191,41507.7,23599.68,43608.98,26507.01,70,461.08,114134.38,0,1,37,0.1743,0.2499,0.191,0,0,0,0,0
C00192,37872.61,15154.83,38181.96,17386.68,72,243.55,50407.38,0,0,7,0.3624,0.2515,0.192,0,0,1,0,0
C00193,86861.29,61075.07,92451.31,65547.18,65,836.21,215993.37,1,1,37,0.2309,0.3625,0.2396,0,0,0,0,0
C00194,27343.86,14810.43,28577.83,18930.67,69,214.05,71058.87,1,1,11,0.4066,0.1112,0.1093,0,0,0,0,0
C00195,30085.26,18799.54,26099.56,16432.32,69,176.9,60904.12,1,1,7,0.6419,0.2602,0.1886,0,0,0,0,0
C00196,60109.0,21144.79,65011.66,17793.59,74,217.52,93054.57,2,2,6,0.1565,0.2679,0.1907,0,0,0,1,0
C00197,37678.52,23808.3,39371.22,25435.93,79,233.13,94718.31,0,2,51,0.3931,0.2062,0.0761,0,0,0,0,0
C00198,44896.4,21428.26,48823.22,24197.16,72,371.52,10498.69,1,1,25,0.1582,0.4295,0.081,0,1,0,0,0
C00199,41809.07,23934.3,43510.6,17736.42,61,347.5,106106.11,2,2,48,0.0537,0.2405,0.024,0,1,0,0,0
C00200,52382.42,25351.74,52736.49,26608.88,58,540.51,110082.35,2,1,57,0.64,0.1905,0.0661,0,2,0,0,0
C00201,84777.43,67679.29,97917.01,69597.4,62,842.97,252956.44,0,0,49,0.5106,0.2547,0.2477,0,0,0,0,0
C00202,46872.24,21274.33,52214.56,24237.82,60,331.26,123975.8,0,1,18,0.1692,0.2231,0.196,0,0,0,0,0
C00203,60125.55,45742.73,73204.41,50383.25,69,935.43,123514.58,0,1,3,0.1832,0.3147,0.0251,1,2,0,0,0
C00204,17887.19,13649.45,19843.47,11370.17,63,234.34,49672.59,0,1,33,0.0781,0.1033,0.1614,0,0,0,0,0
C00205,44024.19,23748.86,45181.46,21858.29,78,359.59,33482.39,2,0,6,0.3961,0.416,0.0538,0,0,0,0,0
C00206,30790.58,14988.9,34608.99,14287.2,72,248.83,46436.68,3,1,37,0.6152,0.4045,0.1326,0,0,0,0,0
C00207,26002.6,13559.47,21122.6,15439.81,59,206.01,50822.12,0,2,4,0.2204,0.2015,0.0999,0,1,0,0,0
C00208,30310.49,24102.98,39477.65,26391.74,96,322.69,83230.09,0,2,46,0.3132,0.2985,0.2417,0,1,0,0,0
C00209,38718.09,24332.71,41928.81,23736.87,60,327.36,33002.48,0,2,46,0.183,0.1846,0.1436,0,0,0,0,0
C00210,67953.16,40442.4,89163.7,43166.02,77,478.98,171835.68,0,1,53,0.6081,0.2549,0.1703,0,1,0,0,0
C00211,24773.78,9071.24,23428.03,8373.11,77,108.16,27523.69,4,2,29,0.6331,0.1576,0.1891,0,1,0,1,0
C00212,45624.58,33375.72,41786.76,43253.49,85,601.37,39021.61,3,0,30,0.3258,0.1738,0.2336,0,1,0,1,0
C00213,36190.12,14031.36,39588.38,15700.01,71,213.59,54894.3,0,0,22,0.1569,0.3476,0.1625,0,0,0,0,0
C00214,38830.64,14411.51,42461.47,16491.68,79,174.34,32979.33,0,0,28,0.515,0.1049,0.13,0,0,0,0,0
C00215,70661.69,33471.46,77062.88,40675.1,75,675.6,115881.76,0,0,38,0.4721,0.1752,0.2459,0,0,0,0,0
C00216,57329.45,32339.82,61474.32,37900.63,78,423.48,114057.54,0,0,34,0.1263,0.403,0.0706,0,0,0,0,0
C00217,82145.46,61845.68,80061.1,65171.94,74,1024.96,117103.66,2,1,6,0.5965,0.4461,0.2464,1,1,0,1,0
C00218,41977.55,29616.65,36594.24,30440.12,77,458.23,138677.66,1,0,44,0.6164,0.1371,0.2268,0,0,0,0,0
C00219,32900.52,14441.17,35663.44,17395.75,61,215.14,79762.0,0,1,45,0.0983,0.3034,0.0813,0,1,0,0,0
C00220,40687.71,21053.28,36459.81,22172.98,79,271.5,62342.82,0,0,57,0.0932,0.332,0.0658,0,1,0,0,0
C00221,50188.51,35187.57,44404.75,33784.21,68,387.06,166838.58,1,1,54,0.5759,0.1124,0.2002,0,0,0,1,0
C00222,48721.5,28608.86,48932.19,36790.87,59,707.24,60825.08,0,1,15,0.1944,0.2172,0.0903,1,2,0,0,1
C00223,27624.08,11837.51,30432.87,11099.9,65,195.61,63806.66,0,2,24,0.3306,0.4251,0.1166,0,1,0,0,0
C00224,46870.24,24758.02,60393.76,20842.18,73,251.51,82117.56,0,2,38,0.3318,0.232,0.0389,0,0,0,0,0
C00225,49867.29,31499.73,58220.61,36827.37,81,504.2,153573.55,2,1,40,0.1761,0.416,0.2491,0,1,0,0,0
C00226,139703.99,110079.97,170716.33,105924.5,73,1377.63,230115.2,2,1,18,0.3684,0.2358,0.1892,0,0,0,0,0
C00227,104715.02,67836.01,118164.55,74769.63,73,1061.64,34608.99,2,0,8,0.1669,0.3834,0.155,0,4,0,0,0
C00228,30652.16,10951.64,33534.15,13887.4,64,241.14,37270.0,0,1,26,0.6238,0.2449,0.1369,0,0,0,0,0
C00229,39541.07,26383.93,53407.92,23350.26,71,395.81,49113.6,1,0,39,0.0666,0.1796,0.1271,0,0,0,0,0
C00230,23292.08,10781.65,20759.24,11267.8,59,190.19,35014.17,1,1,14,0.4493,0.2532,0.1344,0,1,0,0,0
C00231,34496.03,25457.09,34510.26,31261.54,67,523.16,90083.39,0,0,35,0.6064,0.3851,0.0859,0,1,0,0,0
C00232,51867.1,27113.55,52374.28,30687.83,59,450.71,131576.91,0,0,33,0.3696,0.4115,0.1712,0,1,0,0,0
C00233,77423.99,34053.14,89597.11,35020.98,56,612.95,43176.95,1,0,43,0.5953,0.2194,0.2134,0,0,0,0,0
C00234,32413.49,18170.23,30227.1,24288.62,86,212.5,12528.58,1,0,16,0.5508,0.235,0.0718,0,1,0,0,0
C00235,33525.17,15583.81,38272.72,16184.75,62,258.28,27667.6,0,0,35,0.155,0.4306,0.0791,0,1,0,0,0
C00236,17122.31,7809.82,19169.42,8572.26,63,125.62,28818.64,1,0,4,0.1256,0.1903,0.0949,0,1,0,0,0
C00237,41823.69,25427.45,47996.93,31731.49,65,611.53,87792.47,2,0,47,0.3111,0.2326,0.2323,0,1,1,0,0
C00238,27898.59,19398.05,31955.79,22651.17,59,329.15,47911.78,0,1,33,0.3024,0.1351,0.1741,1,0,0,0,0
C00239,35460.33,25734.61,43779.27,31103.01,75,537.81,102113.79,2,1,9,0.6288,0.3745,0.1285,1,0,0,0,0
C00240,30328.11,16042.1,31665.43,15112.54,62,201.41,56890.22,1,1,3,0.3554,0.2663,0.1162,0,1,0,0,0
C00241,43131.1,16392.48,48031.61,19628.04,65,319.87,113934.44,0,1,59,0.5048,0.4084,0.0495,0,0,0,0,0
C00242,20403.06,11584.63,19619.87,12399.62,59,188.39,70641.59,0,0,53,0.0716,0.3486,0.1902,0,1,0,0,0
C00243,23254.35,12678.31,21724.78,12177.6,80,188.78,55038.66,1,3,20,0.4868,0.1755,0.1924,0,0,0,1,0
C00244,117310.43,51457.11,148019.89,55400.44,64,856.56,262835.46,1,1,40,0.5567,0.2887,0.0845,0,0,1,0,0
C00245,25212.06,18991.37,24015.64,20374.5,67,260.92,68651.94,0,0,40,0.2799,0.1874,0.2316,0,0,0,0,0
C00246,27470.4,21656.75,30957.97,27594.39,71,311.49,51241.59,3,1,19,0.3359,0.2966,0.1513,0,0,0,0,0
C00247,102850.2,38392.56,114546.85,42068.86,65,743.2,331946.89,5,4,16,0.3677,0.17,0.2115,1,0,0,1,0
C00248,166324.84,117772.27,198092.5,112626.02,59,2358.87,380674.48,0,1,16,0.1745,0.1119,0.2278,0,1,0,0,0
C00249,26561.36,17014.48,22604.14,15800.13,71,258.16,84282.06,1,0,37,0.2807,0.1125,0.1913,0,0,0,0,0
C00250,38128.06,17830.45,44112.06,18620.55,60,313.83,68921.05,0,0,7,0.3329,0.4451,0.2292,0,0,0,0,0
C00251,52476.34,33365.52,54734.72,29643.14,71,522.89,50375.12,0,1,38,0.161,0.3233,0.1178,0,1,0,0,0
C00252,97961.68,39957.54,95807.6,38525.35,85,456.44,291717.0,1,3,53,0.6422,0.3413,0.2132,0,1,0,0,0
C00253,28863.47,11003.71,29437.91,11231.45,61,153.34,22930.64,2,0,42,0.2511,0.423,0.2005,1,1,0,0,0
C00254,40297.42,32119.87,47325.79,32099.75,72,374.5,136056.65,2,2,28,0.3351,0.4143,0.2034,1,0,0,0,0
C00255,63845.39,40629.06,72640.02,46204.55,74,677.31,205633.83,2,0,38,0.1569,0.1934,0.0411,1,0,0,0,0
C00256,54724.27,25389.33,56620.42,24410.85,65,446.38,79758.2,1,1,14,0.6206,0.3374,0.1591,0,1,0,0,0
C00257,37992.63,20991.51,34698.94,15819.25,66,268.25,115899.57,2,1,31,0.4957,0.3524,0.0304,1,0,0,0,0
C00258,42370.07,32944.41,39055.65,27927.21,80,270.12,135657.71,0,1,34,0.0943,0.1819,0.0988,0,2,0,0,0
C00259,24238.91,13269.02,27641.18,13904.1,79,171.99,35026.47,0,1,27,0.3599,0.114,0.0586,0,0,0,0,0
C00260,40426.45,30530.06,36249.22,29906.74,74,298.53,126717.43,1,3,56,0.2944,0.1009,0.1066,0,0,0,1,0
C00261,39916.43,29576.65,41346.3,26666.29,71,470.31,96199.2,0,1,42,0.5278,0.2912,0.1603,0,1,1,1,0
C00262,49955.82,25221.21,68525.82,32409.61,82,301.15,62059.16,0,3,7,0.1325,0.379,0.0936,0,2,0,1,0
C00263,35049.64,23245.06,38735.01,26719.04,81,411.37,60652.08,1,0,41,0.2126,0.294,0.1194,0,1,0,0,0
C00264,55637.35,36009.85,63374.84,37557.87,69,497.89,179746.27,0,0,54,0.5014,0.1852,0.0948,0,1,1,0,0
C00265,70979.04,49475.61,65490.64,53334.49,69,812.26,163871.03,0,1,24,0.1108,0.4022,0.0452,0,1,0,0,0
C00266,48260.13,24837.95,43565.57,25289.58,75,378.64,112854.37,1,0,55,0.5369,0.3808,0.2205,0,1,0,0,0
C00267,52717.78,19690.43,60388.15,17712.37,72,295.27,136949.96,0,1,44,0.5582,0.2942,0.1519,0,2,0,0,0
C00268,46089.37,19678.67,46832.23,23096.59,72,361.85,122818.15,0,1,15,0.24,0.4491,0.0264,0,1,0,0,0
C00269,45001.71,28236.28,53589.59,32532.71,72,452.96,59012.39,2,1,37,0.531,0.1394,0.201,1,3,0,1,1
C00270,32523.45,22727.23,34708.25,18470.87,78,202.94,97717.79,1,1,60,0.1743,0.2905,0.1817,0,0,0,0,0
C00271,51887.86,35814.14,76626.1,38577.98,67,472.44,111028.87,1,1,45,0.3819,0.105,0.116,0,1,0,0,0
C00272,43072.45,26388.62,42784.79,28774.68,90,354.39,147076.28,0,0,12,0.1445,0.1868,0.1297,0,1,0,0,0
C00273,115421.22,44799.73,126581.97,45310.1,61,698.13,234272.23,1,0,41,0.276,0.2089,0.1482,0,0,0,0,0
C00274,91347.62,32682.34,87209.8,42541.68,78,618.25,76799.85,0,0,24,0.154,0.2751,0.0312,0,3,0,0,0
C00275,53532.74,37578.05,63481.78,48424.92,76,744.33,22912.01,1,0,29,0.4941,0.4401,0.0699,0,0,0,0,0
C00276,31921.72,19064.27,35588.3,19153.86,84,193.88,78846.84,2,0,46,0.3823,0.3354,0.0348,0,0,0,0,0
C00277,27277.91,19155.11,25822.83,19600.69,82,170.87,56142.88,0,0,44,0.076,0.2295,0.1351,0,1,0,0,0
C00278,76913.15,32553.86,78753.36,32852.3,70,469.26,235713.15,1,2,23,0.5795,0.2292,0.0459,1,0,0,0,0
C00279,50647.99,27012.62,62125.85,26381.61,82,287.81,152291.8,1,1,47,0.4646,0.4106,0.0448,0,1,1,0,0
C00280,55853.21,42650.97,67705.55,40070.96,66,462.57,80952.49,1,1,42,0.0598,0.2528,0.1385,0,0,0,0,0
C00281,20524.08,8768.28,18313.07,9740.0,54,172.89,71374.23,1,2,60,0.5439,0.2588,0.0929,1,1,0,1,0
C00282,68306.83,25798.61,68722.39,33160.84,64,483.93,204923.44,0,1,55,0.2334,0.3425,0.0352,0,0,0,0,0
C00283,55210.42,35558.84,70700.67,43951.07,62,592.09,23986.75,1,0,38,0.09,0.1719,0.1569,0,1,0,0,0
C00284,27302.24,16860.26,28447.26,19299.96,90,192.35,35889.19,0,0,33,0.1301,0.4283,0.1977,0,1,0,0,0
C00285,36396.64,28331.64,39454.34,21564.53,88,178.25,85371.39,0,1,39,0.6217,0.3876,0.2028,0,1,0,0,0
C00286,50670.06,38403.39,60055.77,31730.95,65,623.71,17546.23,0,1,40,0.4312,0.1583,0.0645,0,0,0,0,0
C00287,46075.09,31664.82,41566.21,37291.64,49,860.43,53160.05,0,3,15,0.6412,0.1112,0.0391,0,0,0,1,0
C00288,39455.97,14149.73,37453.04,17606.86,75,190.09,79744.88,1,1,60,0.6236,0.3016,0.0521,0,1,0,0,0
C00289,42952.41,24318.54,43947.02,27150.39,82,344.07,144387.26,0,0,35,0.1901,0.3914,0.1962,1,2,0,0,0
C00290,40176.12,30262.49,48474.69,30665.9,64,524.52,123259.18,1,1,12,0.2016,0.4245,0.1172,0,1,0,0,0
C00291,48197.91,26274.75,57084.25,31852.25,65,498.94,15253.97,3,0,43,0.4844,0.39,0.1214,0,0,0,0,0
C00292,87254.91,68317.59,100201.1,77911.52,60,1380.48,245619.22,1,1,43,0.3135,0.1988,0.1879,0,1,1,0,0
C00293,14177.64,9125.01,14819.9,10826.76,73,181.17,9734.38,0,0,28,0.1266,0.1656,0.1507,0,1,0,0,0
C00294,40450.54,16150.11,48441.47,13359.56,70,235.57,131141.37,0,0,60,0.2541,0.2476,0.0622,0,1,1,0,0
C00295,48720.17,28217.38,50848.39,30790.83,64,344.7,116677.21,0,0,40,0.0566,0.3807,0.2208,0,1,0,0,0
C00296,51411.39,34087.18,58164.6,43050.35,86,505.09,34790.66,0,2,33,0.2359,0.16,0.0914,0,1,0,0,0
C00297,38065.22,14442.55,44591.3,16078.81,72,217.66,131271.09,1,1,10,0.258,0.2859,0.0705,0,1,1,0,0
C00298,20412.3,10310.1,25834.18,11998.78,80,108.7,11379.52,0,0,56,0.1221,0.2161,0.2097,0,0,0,0,0
C00299,52157.11,35085.38,55038.32,36992.79,54,852.4,44459.56,0,2,20,0.411,0.1553,0.1975,0,5,0,0,0
C00300,97902.3,41185.75,99712.2,43769.29,74,766.01,43883.27,0,1,7,0.2081,0.4283,0.0885,0,0,0,0,0
C00301,22565.56,11435.16,27471.52,13931.5,78,201.09,32328.45,1,0,44,0.5819,0.1047,0.1772,0,2,0,0,0
C00302,66379.29,43840.84,81422.32,42509.19,77,476.78,51429.05,0,1,58,0.6446,0.3882,0.1599,0,0,0,0,0
C00303,38815.75,27131.95,38691.35,25989.25,72,266.95,134820.12,1,1,56,0.177,0.3798,0.0308,0,1,0,0,0
C00304,43775.16,25535.38,40684.46,25346.78,61,361.32,86023.37,0,0,34,0.636,0.2478,0.1147,0,2,0,0,0
C00305,28018.31,21870.7,33854.08,23025.77,71,344.95,77409.96,1,1,32,0.2016,0.1955,0.1192,0,2,0,0,0
C00306,38712.29,29669.06,33485.85,25420.13,70,316.65,45739.72,3,1,26,0.153,0.4281,0.1426,0,1,0,0,0
C00307,80776.22,45480.78,69375.77,51744.71,66,898.37,86185.56,1,1,9,0.3378,0.287,0.1712,0,0,0,0,0
C00308,58490.09,24690.04,60233.36,25437.91,67,489.33,106811.91,0,1,56,0.2116,0.424,0.0577,1,1,0,0,0
C00309,98121.13,68470.81,104233.36,78908.68,83,787.14,271345.15,1,2,25,0.3176,0.1279,0.1333,0,1,0,0,0
C00310,76439.37,35117.22,70538.69,27943.18,82,441.6,174157.65,1,2,10,0.1665,0.247,0.0446,0,0,0,0,0
C00311,54830.77,39986.41,59032.11,46100.44,58,794.72,97789.29,0,1,60,0.4694,0.2755,0.1527,0,1,0,0,0
C00312,98635.68,60583.51,106721.48,73331.94,54,1290.66,66268.42,1,0,5,0.6096,0.1407,0.1357,0,1,0,1,0
C00313,54828.46,28913.34,54409.21,31880.6,67,389.39,100804.74,1,0,17,0.5904,0.19,0.0839,1,0,0,0,0
C00314,65317.32,39214.72,84521.63,41316.72,59,520.48,151195.5,1,2,14,0.4987,0.2137,0.1288,0,1,0,0,0
C00315,39377.93,23223.68,43377.6,26796.05,66,465.62,16288.53,0,2,49,0.4648,0.314,0.1914,0,1,1,0,0
C00316,46367.93,35523.85,54965.41,42719.97,69,682.84,104955.46,0,2,46,0.5889,0.207,0.0974,1,0,0,0,0
C00317,32878.59,14679.09,28777.13,16334.17,83,228.28,110849.37,0,0,36,0.1728,0.3541,0.0953,0,1,0,0,0
C00318,70244.03,53924.32,61408.66,60487.83,74,678.47,61738.43,1,0,31,0.4395,0.1135,0.168,0,0,0,1,0
C00319,26480.96,9641.81,29266.95,12041.01,65,212.8,25399.97,0,2,56,0.1813,0.1081,0.0747,0,1,0,0,0
C00320,63989.57,44545.8,81432.04,50841.85,64,855.7,106765.23,1,1,13,0.4928,0.4228,0.1533,0,1,0,0,0
C00321,41300.29,31547.25,38360.03,30095.1,78,362.07,106180.55,0,0,34,0.583,0.1895,0.0292,1,0,0,0,0
C00322,76227.61,40196.61,81350.5,48316.2,54,719.2,137214.97,1,2,15,0.2765,0.2937,0.1884,0,1,0,1,0
C00323,63089.45,24155.7,56893.34,25004.86,70,392.54,43666.79,0,0,49,0.2659,0.204,0.2404,0,2,0,0,0
C00324,102100.05,72705.49,98400.49,76631.15,68,1404.03,265576.81,0,1,18,0.5393,0.228,0.0825,0,0,0,1,0
C00325,62521.54,45596.28,67096.45,48460.9,71,805.98,121916.78,0,1,38,0.4005,0.4455,0.1352,0,0,0,0,0
C00326,22181.18,11119.78,21979.04,12968.6,79,211.94,60626.11,0,1,60,0.5444,0.1201,0.0402,0,2,0,0,0
C00327,43664.42,25472.38,39007.05,32091.69,78,325.29,46455.02,2,0,10,0.2772,0.2684,0.0476,0,0,0,0,0
C00328,26556.09,18967.98,23652.18,19971.97,89,244.33,91454.13,1,3,10,0.1845,0.4086,0.1228,0,1,0,0,0
C00329,35638.86,15553.49,29354.98,19562.42,68,262.86,25961.3,0,0,33,0.3243,0.2146,0.0572,1,2,0,0,0
C00330,88829.19,56232.35,98350.79,60154.59,80,681.6,300658.84,1,0,9,0.4709,0.448,0.2114,0,0,0,0,0
C00331,59952.51,32601.2,67249.31,39716.75,80,447.41,29444.89,1,4,31,0.4396,0.3283,0.2489,0,0,1,1,0
C00332,32856.31,14078.5,36835.42,15117.67,67,247.56,35093.7,1,1,18,0.1803,0.2007,0.1859,0,1,1,0,0
C00333,28516.69,20650.31,26831.33,20462.58,70,342.19,18944.19,0,1,52,0.4886,0.4061,0.1879,0,0,0,0,0
C00334,45668.76,22656.56,53465.06,29015.17,78,383.67,133366.06,1,0,24,0.0927,0.2387,0.2138,0,1,0,0,0
C00335,26028.98,20055.11,29538.03,19643.06,81,271.54,64997.71,0,0,57,0.563,0.1728,0.0933,1,0,1,0,0
C00336,33269.78,20162.16,34962.39,19585.98,78,228.87,62599.44,0,0,44,0.1934,0.2879,0.2383,0,0,0,0,0
C00337,51783.25,30113.49,53397.88,27080.31,72,375.94,170829.85,0,0,44,0.0838,0.19,0.0426,0,0,0,0,0
C00338,75682.95,40905.7,73571.86,49171.6,72,544.09,59611.32,0,0,48,0.6114,0.1916,0.1568,0,2,0,0,0
C00339,59181.27,31383.94,63505.02,38615.23,67,421.79,82684.82,1,1,27,0.5344,0.2905,0.1256,0,1,0,0,0
C00340,16047.97,11523.8,19964.79,12615.98,70,175.34,3717.1,0,0,32,0.3083,0.1123,0.0953,0,2,0,0,0
C00341,51605.46,33795.15,61232.09,31494.89,73,554.72,82128.96,2,0,17,0.4804,0.3564,0.2129,1,0,0,0,0
C00342,46482.58,32452.3,47377.59,34048.52,69,618.65,17130.65,0,0,6,0.4814,0.2722,0.0554,0,0,1,0,0
C00343,54212.59,29247.03,60427.22,29647.3,77,476.79,49202.03,1,0,20,0.4237,0.4078,0.0277,0,0,0,0,0
C00344,93126.32,43550.22,85473.98,40342.48,89,416.43,78775.96,0,0,9,0.2681,0.24,0.1571,0,0,0,0,0
C00345,17782.33,6918.92,20229.32,6858.95,64,123.24,36742.35,2,1,14,0.2436,0.1261,0.2294,0,2,0,0,0
C00346,34489.88,24125.51,32775.63,26795.92,76,444.92,39801.83,0,0,41,0.5459,0.432,0.1957,0,2,0,0,0
C00347,58707.67,31518.64,66505.85,30805.68,78,290.83,27633.79,0,1,11,0.2535,0.1924,0.2034,0,1,0,0,0
C00348,22086.02,12791.13,31059.33,13878.48,69,194.62,53255.31,3,1,55,0.6471,0.2884,0.1537,1,2,0,1,0
C00349,87430.1,49066.16,85821.25,41060.59,76,498.8,65626.69,2,0,7,0.563,0.4281,0.1554,0,1,0,1,0
C00350,53113.07,28894.15,74397.4,36161.08,69,631.83,50587.38,2,1,40,0.2354,0.2998,0.1933,0,0,1,0,0
C00351,65866.19,43323.8,73037.46,43455.1,63,722.05,133869.69,0,0,36,0.3033,0.11,0.2227,0,1,0,0,0
C00352,34804.19,21715.39,33413.59,25068.9,51,638.48,119224.74,1,0,35,0.1618,0.4303,0.0444,0,1,0,0,0
C00353,64900.55,51104.27,61950.52,54816.59,64,628.59,189105.94,0,2,60,0.3845,0.2609,0.0635,0,1,0,0,0
C00354,72782.44,30023.25,97076.83,32974.53,75,390.3,210818.19,0,0,7,0.2048,0.3594,0.1752,0,0,0,0,0
C00355,49971.74,30387.0,55426.58,27778.64,62,462.35,117824.19,2,1,41,0.4799,0.2383,0.2481,0,0,0,0,0
C00356,50005.99,18925.17,49108.97,18144.19,81,186.3,59050.2,0,1,41,0.4452,0.2803,0.218,0,0,0,0,0
C00357,50821.37,36264.26,52121.62,34866.55,56,797.56,108855.33,2,0,57,0.1958,0.4148,0.2059,0,0,0,0,0
C00358,30513.13,19142.11,33616.11,20157.44,64,351.58,86447.77,1,0,53,0.2558,0.1671,0.092,0,2,0,0,0
C00359,42109.55,22855.82,44170.96,27635.86,76,386.98,33336.48,2,2,32,0.635,0.3124,0.1347,0,0,0,1,0
C00360,42015.03,29872.94,45859.73,32919.7,74,347.87,140904.17,0,1,60,0.4683,0.1664,0.1294,1,2,0,0,1
C00361,53473.69,29664.59,67528.35,27942.83,86,381.67,153925.93,1,0,40,0.3324,0.2878,0.1636,0,0,0,0,0
C00362,70568.47,31932.5,64544.99,33863.78,70,620.42,147799.6,1,0,6,0.3072,0.2787,0.1198,0,1,0,0,0
C00363,27947.32,15723.87,31506.57,16357.92,60,322.02,50665.34,0,0,13,0.5111,0.2795,0.1561,1,1,0,0,0
C00364,42538.45,16244.34,44293.26,16372.61,52,327.25,113482.3,0,0,44,0.5586,0.1946,0.2246,0,1,0,0,0
C00365,87647.01,66089.13,86780.58,69271.32,71,1083.53,294692.66,0,3,3,0.4809,0.2396,0.1166,0,0,0,0,0
C00366,32202.62,21863.37,37955.97,24960.21,78,326.3,33223.33,0,0,42,0.4808,0.3185,0.0318,0,1,0,0,0
C00367,31082.66,21513.61,27185.79,20730.71,74,202.34,15556.48,2,1,8,0.0971,0.4355,0.0821,0,0,0,1,0
C00368,49288.97,36647.43,37756.73,36958.68,67,674.49,113525.82,0,1,59,0.5673,0.2997,0.181,1,1,0,0,0
C00369,65801.05,46469.21,70864.05,54269.27,58,786.24,89095.21,1,1,23,0.4497,0.1054,0.2257,0,0,0,0,0
C00370,45231.97,24621.29,46743.56,27237.93,59,410.0,51886.77,2,0,18,0.3132,0.1232,0.0942,1,1,0,0,0
C00371,81834.16,33010.79,72640.77,39728.26,69,719.3,133985.29,0,2,59,0.3091,0.3745,0.0212,0,0,0,0,0
C00372,66169.51,34276.74,55895.61,41896.53,67,718.32,148381.94,1,1,23,0.3802,0.1398,0.2367,0,0,0,0,0
C00373,65725.14,50630.58,84238.34,44895.91,74,625.04,54535.72,0,2,26,0.1206,0.165,0.2387,0,0,0,0,0
C00374,57743.74,44872.12,63839.27,48668.11,74,560.69,100710.6,1,2,7,0.0797,0.2862,0.2368,0,2,0,0,0
C00375,128266.02,89214.39,134981.71,88237.06,70,1505.2,223327.64,2,1,6,0.1072,0.4114,0.2429,1,1,0,0,0
C00376,41031.49,18135.66,53891.96,16433.7,97,172.92,38665.86,0,3,33,0.1867,0.298,0.206,0,1,0,0,0
C00377,18266.66,7991.71,21420.35,7634.45,77,101.89,3734.7,1,2,14,0.3023,0.2175,0.2083,0,1,0,0,0
C00378,92626.66,69089.96,116923.85,70050.85,81,703.88,81386.53,2,0,50,0.3457,0.3186,0.0792,0,0,0,0,0
C00379,36623.78,15157.2,33269.24,15379.36,72,205.81,10464.14,0,0,32,0.6374,0.4263,0.241,1,1,0,0,0
C00380,47238.47,28950.66,42699.47,28289.81,63,410.48,14912.22,1,1,23,0.2959,0.4195,0.1784,0,0,0,0,0
C00381,81122.5,42201.0,91185.66,44241.97,80,484.54,169889.63,1,0,38,0.6267,0.3958,0.056,0,0,0,0,0
C00382,21881.59,10632.37,24064.06,14285.63,86,163.47,75869.45,2,1,30,0.2917,0.4177,0.2099,0,1,1,0,0
C00383,25621.23,16777.34,30744.44,14142.86,78,218.4,33012.45,0,0,55,0.5658,0.3535,0.0492,0,0,0,0,0
C00384,21891.26,17114.72,18701.82,20305.95,63,286.78,64629.47,0,1,53,0.6281,0.2718,0.1637,0,1,0,1,0
C00385,31478.39,22032.83,35710.08,23085.89,65,301.03,47434.46,1,1,49,0.424,0.4344,0.0616,0,0,0,0,0
C00386,54844.34,31193.99,64097.25,31114.58,85,450.0,130308.83,0,0,57,0.1293,0.2492,0.1871,0,0,0,0,0
C00387,56971.27,31238.49,66220.02,25234.92,53,554.07,101067.23,0,0,26,0.3776,0.3027,0.2498,0,1,0,0,0
C00388,50957.19,38648.42,51018.17,44118.4,76,603.31,175335.53,2,1,59,0.3411,0.1765,0.1239,0,1,0,0,0
C00389,23829.35,14539.43,26503.8,12752.3,69,204.78,54695.19,0,0,43,0.5795,0.4257,0.0886,0,0,0,0,0
C00390,15912.67,9125.72,15227.17,10488.62,78,100.96,32653.57,1,0,5,0.0655,0.1407,0.1636,0,0,0,0,0
C00391,46114.23,30309.78,46798.86,38158.8,64,681.44,62339.67,2,1,27,0.6297,0.2296,0.1841,0,1,0,0,0
C00392,36392.52,16621.16,33657.54,14893.62,66,278.62,105104.9,1,0,50,0.5303,0.2572,0.1935,0,0,0,0,0
C00393,55333.92,20953.9,53063.02,24939.4,60,408.94,192900.01,0,0,37,0.5143,0.1482,0.0708,1,0,0,0,0
C00394,61715.9,45348.85,63017.15,47754.73,79,728.48,68196.9,2,2,54,0.49,0.3427,0.0619,0,0,0,1,0
C00395,47888.3,29847.23,47461.5,23838.85,80,310.39,30327.18,3,0,45,0.2597,0.3113,0.1984,0,1,0,0,0
C00396,63353.01,26874.01,60752.05,24332.32,75,234.12,215778.54,0,0,28,0.1002,0.4035,0.1189,0,0,0,0,0
C00397,49889.35,24152.51,44603.49,25876.69,65,281.76,126594.85,4,3,10,0.6474,0.1192,0.1829,1,1,0,1,0
C00398,57122.13,45438.95,73420.87,49898.41,65,595.72,22507.8,2,0,38,0.5217,0.1326,0.178,1,0,0,1,0
C00399,32771.51,20825.99,32441.58,17916.95,65,352.39,28554.35,3,0,21,0.2771,0.3628,0.1693,1,0,0,0,0
C00400,41505.97,26408.19,45224.74,27829.08,62,571.89,112220.24,3,1,48,0.4757,0.3636,0.1323,0,4,0,0,0
C00401,49166.46,18804.88,41246.89,21603.54,66,237.31,158160.24,0,0,23,0.1106,0.3557,0.0587,0,0,0,0,0
C00402,65098.42,51170.37,78959.04,59860.59,65,848.66,26896.67,2,0,31,0.3467,0.3656,0.2488,0,1,1,0,0
C00403,37693.17,28335.93,40333.93,28348.95,64,561.68,21991.66,2,1,21,0.4172,0.1949,0.1523,0,0,0,0,0
C00404,56893.88,33937.32,56708.12,37419.84,68,567.81,35899.86,1,1,59,0.5849,0.4041,0.1703,0,1,0,0,0
C00405,39926.29,19532.94,39837.78,23023.33,71,381.1,130597.1,1,0,52,0.0732,0.3805,0.2135,0,0,0,0,0
C00406,42681.63,28345.93,49268.65,32662.86,78,344.44,139653.66,0,0,22,0.0846,0.299,0.0422,0,0,1,0,0
C00407,65362.33,47388.9,45753.63,54827.65,79,528.62,147671.56,1,1,59,0.3885,0.1234,0.0615,0,0,0,0,0
C00408,18352.86,12915.91,17455.34,13737.63,70,176.28,28664.5,2,1,52,0.5058,0.1558,0.131,0,0,0,1,0
C00409,25109.59,19828.32,26006.25,20594.85,68,337.84,51399.98,4,1,20,0.1985,0.3128,0.0804,0,1,0,1,0
C00410,23096.45,14702.85,23889.28,15918.1,67,298.87,53791.64,0,1,28,0.2959,0.1749,0.0811,0,1,1,0,0
C00411,15745.19,7786.81,21266.05,7462.47,78,111.76,47226.05,1,1,4,0.2826,0.3325,0.0607,0,0,0,0,0
C00412,33163.29,19037.96,33477.97,22530.5,70,304.37,80010.57,1,0,43,0.4821,0.1627,0.1581,0,2,0,0,0
C00413,63048.72,45227.54,73693.06,39182.94,71,509.74,154350.02,0,2,46,0.3329,0.2232,0.1562,0,0,0,0,0
C00414,39585.57,18581.63,50170.71,18386.2,66,340.49,134955.28,0,1,6,0.1148,0.2392,0.2196,0,0,0,0,0
C00415,49188.9,22338.34,55606.76,23358.1,63,374.63,36745.17,1,0,27,0.6041,0.1259,0.1405,0,0,0,0,0
C00416,73465.09,49675.3,71198.11,54958.84,66,811.12,197382.33,0,1,5,0.5192,0.3912,0.1812,0,0,0,0,0
C00417,81787.24,44982.36,73270.04,50780.74,67,660.42,271262.94,0,1,32,0.1681,0.1282,0.1167,0,1,0,0,0
C00418,43621.51,31296.54,49704.55,38453.39,73,586.74,34942.26,0,0,15,0.086,0.2611,0.1065,0,2,0,0,0
C00419,82746.04,34311.27,103217.66,36346.97,81,355.04,118899.14,0,0,29,0.4262,0.1845,0.2197,0,0,0,0,0
C00420,46904.78,23502.27,52323.01,22652.46,66,320.14,66891.94,0,1,12,0.603,0.3093,0.2483,0,0,0,0,0
C00421,30871.5,14529.51,36984.48,15003.11,78,221.48,93601.69,2,1,9,0.0588,0.2349,0.0279,0,0,0,0,0
C00422,34438.75,22868.73,46872.3,23135.66,68,375.96,74517.9,2,1,27,0.4497,0.3199,0.171,0,1,0,0,0
C00423,23113.6,15987.63,26591.84,17784.51,76,182.52,52558.31,1,0,47,0.4968,0.2267,0.0783,0,2,0,0,0
C00424,30174.65,16753.0,27698.04,15445.6,75,188.38,65895.67,0,1,9,0.1272,0.136,0.0752,0,1,0,0,0
C00425,38304.02,21646.11,40453.93,22272.73,61,341.97,63172.53,1,0,55,0.3979,0.3657,0.1681,0,0,1,0,0
C00426,64603.96,26449.79,78456.72,32922.57,79,350.13,51720.01,0,0,57,0.0707,0.1653,0.0431,0,2,0,0,0
C00427,97612.83,64992.83,99579.38,69645.16,57,1002.12,34158.63,2,1,32,0.1972,0.3347,0.2453,1,1,0,0,0
C00428,24159.58,19244.14,29732.82,17774.81,57,313.52,27129.47,0,2,14,0.0874,0.2957,0.2454,0,4,0,0,0
C00429,53701.17,37594.3,55954.88,37941.14,64,534.19,184426.58,1,3,32,0.2601,0.3077,0.0956,1,1,0,0,0
C00430,28174.51,12689.82,30713.65,9923.97,68,155.31,81509.23,0,0,58,0.4116,0.4183,0.1742,0,1,0,0,0
C00431,55716.49,35123.97,56157.27,36632.08,84,472.99,49521.5,2,1,14,0.0923,0.194,0.041,1,0,0,0,0
C00432,42422.27,20478.53,45355.53,25551.5,69,471.47,48120.67,2,0,11,0.5583,0.2907,0.0259,0,0,0,0,0
C00433,19742.13,7177.83,21232.53,6514.66,67,102.52,38073.66,1,0,53,0.091,0.4394,0.0671,0,0,0,0,0
C00434,68333.23,29446.17,58559.87,25773.48,77,399.21,163357.94,1,1,13,0.4808,0.4205,0.0354,0,1,0,0,0
C00435,34274.86,13578.57,34172.34,13193.06,64,256.93,14805.94,2,0,43,0.4008,0.4295,0.02,0,0,0,0,0
C00436,35389.22,15506.48,31921.61,17996.17,70,245.59,14707.58,1,1,38,0.2031,0.444,0.0431,0,1,0,0,0
C00437,27806.61,19687.69,27838.51,24699.32,86,231.11,64558.43,1,2,45,0.2945,0.3473,0.0217,0,0,0,0,0
C00438,33523.11,16150.58,32000.5,17826.77,59,262.2,73665.17,1,0,8,0.3951,0.1651,0.0766,1,1,0,0,0
C00439,54555.21,37679.54,63906.98,33749.21,63,594.97,109744.87,0,0,28,0.4745,0.1632,0.1948,0,1,0,0,0
C00440,41326.44,32110.16,48467.98,33630.03,76,395.18,51738.56,1,0,54,0.1111,0.3129,0.1965,1,2,0,0,1
C00441,52172.75,31743.1,58289.24,40146.48,72,434.11,94537.42,1,0,57,0.0954,0.3337,0.0665,0,0,1,0,0
C00442,52959.49,30103.98,47551.38,30486.05,87,274.6,126550.04,1,0,10,0.2315,0.1698,0.0736,0,1,0,0,0
C00443,81529.12,56055.93,84645.47,59803.65,74,727.8,78565.12,1,0,51,0.0606,0.3758,0.1445,0,1,0,0,0
C00444,38567.45,15183.64,34260.89,16381.13,80,161.11,11727.43,0,0,28,0.5036,0.2943,0.1827,0,0,0,0,0
C00445,23151.89,12564.43,23900.27,10861.9,65,209.01,42260.17,3,1,15,0.0996,0.1434,0.0533,0,1,0,0,0
C00446,72741.54,41787.91,82029.94,48881.56,70,491.6,183303.65,0,0,55,0.4956,0.3362,0.1557,1,0,0,0,0
C00447,38764.03,28064.12,45317.19,32342.53,95,285.76,32932.01,1,2,42,0.3862,0.1081,0.0316,0,0,1,0,0
C00448,74308.78,53234.66,82240.6,43161.34,60,904.48,103793.04,0,1,12,0.4658,0.1024,0.0663,0,0,0,0,0
C00449,53473.29,39127.44,64222.3,34836.01,71,580.95,67216.44,0,1,41,0.0996,0.3975,0.0603,1,1,0,0,0
C00450,42421.3,28169.56,45864.67,26300.11,72,458.41,124239.94,0,0,48,0.1125,0.1872,0.09,1,1,0,0,0
C00451,52647.13,30996.0,53803.93,35329.3,84,515.79,180189.84,1,0,48,0.587,0.2944,0.1909,0,1,0,0,0
C00452,108268.92,78229.24,125033.2,75089.63,60,1191.45,201887.31,1,1,47,0.5574,0.1536,0.1375,1,0,1,0,1
C00453,114583.49,85132.91,132776.73,93489.74,68,1039.23,173182.49,1,0,12,0.3703,0.3104,0.2036,0,0,0,0,0
C00454,46427.13,26287.88,45828.19,27028.86,72,450.12,105083.91,0,1,27,0.0523,0.2929,0.2203,0,1,0,0,0
C00455,48363.64,38378.86,52981.3,40625.58,80,469.42,165753.5,0,1,34,0.0933,0.179,0.1554,0,0,0,0,0
C00456,73037.32,54315.53,74109.68,60263.75,64,724.15,194679.48,0,2,47,0.1355,0.1007,0.1711,0,1,0,0,0
C00457,30756.92,17830.14,24881.38,19304.33,68,330.45,13315.17,0,1,31,0.3164,0.1663,0.0235,0,1,1,0,0
C00458,52276.35,19926.67,57651.03,20877.64,74,201.77,82969.82,1,0,28,0.5522,0.1328,0.1987,0,0,0,0,0
C00459,44479.31,20061.12,39793.74,21851.57,79,229.76,37746.01,2,1,11,0.0538,0.3575,0.0838,1,0,0,0,0
C00460,51827.51,36247.09,56460.22,39003.2,72,592.46,37031.95,0,0,29,0.4643,0.2516,0.1853,0,0,0,0,0
C00461,30927.52,12371.61,26775.91,12678.92,78,137.2,75717.34,0,1,47,0.5297,0.3836,0.1787,0,0,0,0,0
C00462,22006.92,12354.91,21206.75,12333.31,75,121.65,58179.87,1,2,3,0.4952,0.1971,0.0447,0,0,0,0,0
C00463,17704.52,11015.46,17668.55,14051.91,64,243.6,31931.58,2,1,4,0.2347,0.1252,0.1957,0,0,0,1,0
C00464,27216.94,20283.59,32502.66,20220.21,75,237.8,45900.81,1,1,45,0.428,0.2329,0.1713,0,0,0,1,0
C00465,36607.7,26767.6,36094.39,32496.92,87,466.98,51165.02,0,0,7,0.3753,0.1295,0.1341,0,2,0,0,0
C00466,39437.86,27366.92,36322.41,26485.28,73,267.73,131325.05,2,0,36,0.4689,0.4355,0.2175,0,0,0,0,0
C00467,107599.56,57400.32,117683.94,65850.85,70,855.71,121065.41,0,0,44,0.4873,0.3421,0.0762,0,0,0,0,0
C00468,74021.79,30645.92,75795.59,38738.01,64,749.86,67188.24,1,2,48,0.598,0.3066,0.1395,0,2,0,0,0
C00469,29186.94,19010.69,33415.18,19191.27,68,211.04,96834.1,0,2,56,0.6238,0.2255,0.0666,0,0,0,1,0
C00470,52621.84,22710.53,48863.3,22027.24,68,397.04,107774.12,2,1,37,0.1812,0.259,0.1809,0,0,0,1,0
C00471,37467.63,22577.67,40289.03,22543.64,53,511.26,23647.04,1,2,7,0.6271,0.1382,0.2417,0,1,0,1,0
C00472,39594.84,31331.6,53308.43,32825.36,80,319.77,112242.17,2,1,6,0.5152,0.3274,0.025,1,1,1,1,1
C00473,48913.77,29232.8,49954.98,31823.54,77,427.88,109494.13,0,0,34,0.4009,0.2047,0.0832,1,0,0,0,0
C00474,59459.15,38083.62,63764.45,39805.01,74,414.94,169485.77,2,1,9,0.0785,0.1847,0.1745,0,0,0,0,0
C00475,38628.73,25298.3,32860.5,25288.23,68,467.21,84428.56,0,0,38,0.1477,0.3211,0.1899,0,0,0,0,0
C00476,72631.28,52561.42,68828.49,67517.52,62,1406.54,221527.58,1,0,10,0.1427,0.1367,0.2249,0,0,0,0,0
C00477,26917.87,14690.19,29748.73,15071.36,82,166.93,70752.07,0,0,28,0.268,0.437,0.2061,0,0,0,0,0
C00478,45128.55,25898.35,45598.44,25266.11,67,481.37,110629.34,0,1,59,0.397,0.1109,0.2008,0,1,0,0,0
C00479,144837.97,62162.63,162759.05,71465.98,69,895.52,438349.73,0,1,30,0.0784,0.2585,0.2098,0,2,0,0,0
C00480,49751.89,31174.83,54776.46,35900.07,56,680.57,55767.6,1,1,4,0.1209,0.3071,0.1289,0,1,0,0,0
C00481,85764.83,41432.23,76488.2,50526.55,73,584.69,39388.05,1,0,29,0.3885,0.3446,0.133,0,0,0,0,0
C00482,46891.98,27123.78,54949.74,34754.88,75,330.26,16105.53,0,1,43,0.2097,0.2399,0.0577,0,0,0,0,0
C00483,58440.68,40613.39,52647.91,44331.66,66,611.48,48248.12,1,0,51,0.3479,0.2931,0.0531,0,1,0,0,0
C00484,43864.71,15699.46,42031.57,15941.38,60,256.3,75617.62,1,1,52,0.3819,0.425,0.2406,1,0,0,0,0
C00485,41678.24,25163.73,44909.89,20677.83,71,237.65,9372.67,1,0,55,0.3716,0.3257,0.058,1,0,0,0,0
C00486,31686.65,13563.48,39229.43,12715.19,78,164.65,76165.6,0,0,13,0.1071,0.435,0.0664,0,1,0,0,0
C00487,54614.43,25981.31,50766.01,27930.62,67,524.58,182595.52,1,4,7,0.3625,0.3079,0.0605,0,0,0,0,0
C00488,30675.7,11215.68,32753.12,10187.05,74,163.62,48689.96,1,0,52,0.389,0.1553,0.1704,0,1,0,0,0
C00489,60714.09,25879.88,64886.51,22251.14,78,270.32,121562.26,1,1,9,0.3144,0.391,0.0227,0,1,0,0,0
C00490,73335.27,58226.97,82786.95,61598.28,64,916.03,246408.66,0,1,43,0.4957,0.4398,0.184,0,1,0,0,0
C00491,53069.46,42420.29,63263.24,48495.35,84,704.7,31741.16,2,0,29,0.1141,0.1124,0.2194,0,0,0,0,0
C00492,39561.27,26661.59,39621.04,27206.09,67,423.27,59771.89,0,1,17,0.4919,0.1532,0.1175,1,0,0,0,0
C00493,55199.12,34517.97,64661.46,39958.51,70,542.76,190842.49,0,1,40,0.5943,0.223,0.1323,0,0,0,0,0
C00494,39164.06,27401.26,47374.36,30798.74,61,437.21,25972.3,2,3,51,0.4925,0.1344,0.0395,0,1,0,1,0
C00495,68556.53,51653.88,86660.61,61360.06,82,945.13,213041.53,0,1,40,0.494,0.148,0.0377,1,0,0,0,0
C00496,19737.68,11520.64,21913.39,15101.39,65,230.65,30468.45,1,1,40,0.3533,0.1392,0.2008,0,0,0,0,0
C00497,38692.24,14156.63,41357.85,19305.16,84,205.84,73750.66,1,1,51,0.5758,0.3474,0.1794,0,1,0,0,0
C00498,18371.44,12294.68,18243.75,13988.9,61,284.26,53650.1,1,0,6,0.579,0.3967,0.1882,0,0,0,0,0
C00499,22963.02,18211.31,20090.84,18116.94,68,295.21,79233.6,0,0,55,0.2703,0.4309,0.1942,0,1,0,0,0
C00500,83129.57,38748.67,84513.31,40973.64,95,530.93,23942.68,2,0,47,0.3983,0.2525,0.1052,0,2,0,0,0
C00501,67322.58,37603.67,71596.26,46583.07,68,602.91,90760.77,0,0,30,0.291,0.1184,0.1873,0,1,0,0,0
C00502,32553.87,16686.25,33753.84,15732.02,72,281.08,37874.92,1,0,6,0.1844,0.3178,0.1144,0,2,0,0,0
C00503,22886.24,12031.53,25672.1,14723.22,72,250.14,39346.02,1,1,50,0.1159,0.2043,0.027,0,2,0,0,0
C00504,12000.0,8095.56,10505.99,8335.26,80,112.7,8562.19,2,0,3,0.35,0.1937,0.0668,0,0,0,0,0
C00505,35236.75,18333.04,36229.12,19749.37,74,342.98,44081.12,0,1,30,0.2808,0.326,0.1056,0,0,0,0,0
C00506,133733.53,103441.26,172432.32,98587.54,76,1250.14,299470.71,1,0,16,0.1845,0.4073,0.025,1,0,0,0,0
C00507,54727.18,38601.61,64001.89,34399.94,81,425.23,155914.02,0,1,59,0.4754,0.3134,0.1382,0,0,0,0,0
C00508,34982.75,12679.19,39318.61,12888.9,78,174.81,117945.25,0,0,30,0.3714,0.2955,0.1421,0,2,0,0,0
C00509,55475.89,39850.94,60850.5,48074.64,60,936.21,58642.56,1,1,26,0.4,0.4012,0.0979,0,1,0,0,0
C00510,22292.07,15555.09,22429.13,15022.56,82,205.38,76149.27,3,0,56,0.4166,0.3165,0.1653,0,0,0,1,0
C00511,39364.6,22926.82,33047.04,28509.56,69,516.68,47208.84,0,1,20,0.1668,0.3287,0.1015,0,1,1,0,0
C00512,47060.19,26992.21,51994.7,26486.25,72,361.28,153366.22,1,0,27,0.3506,0.3472,0.235,0,0,0,0,0
C00513,43289.81,31427.84,32735.26,28970.58,71,424.76,115486.55,1,1,47,0.4042,0.1961,0.237,0,0,0,1,0
C00514,64233.52,34760.19,64935.81,37556.17,63,565.85,100189.76,1,0,24,0.1254,0.4336,0.1355,0,0,0,0,0
C00515,52549.36,22163.11,55153.75,25077.31,65,452.79,179356.56,2,0,10,0.6389,0.422,0.04,0,0,0,0,0
C00516,60789.02,29835.52,60566.36,32000.7,66,548.31,18023.72,0,2,59,0.3484,0.1594,0.0823,0,1,0,0,0
C00517,33012.79,15494.26,43265.43,16549.64,59,357.06,92078.1,1,0,53,0.0844,0.3407,0.1623,1,1,0,0,0
C00518,67402.32,44248.04,85528.23,54971.79,71,991.67,163299.88,1,0,10,0.6325,0.138,0.0916,0,1,0,0,0
C00519,93661.21,40320.5,109952.4,42795.76,79,561.1,46688.29,1,0,49,0.5136,0.146,0.2071,0,0,0,0,0
C00520,29081.3,18616.32,27306.2,18496.27,74,180.71,33139.44,1,0,46,0.4182,0.1103,0.1191,1,1,0,0,0
C00521,30180.6,16891.63,38648.37,15439.69,72,225.58,50695.77,1,0,47,0.3479,0.1956,0.0938,0,2,1,0,0
C00522,82085.83,59745.96,92287.16,71864.61,76,1029.85,82030.55,0,0,51,0.4395,0.3109,0.1607,0,0,0,0,0
C00523,41287.41,23461.55,38684.76,23436.18,78,222.46,135452.65,1,0,24,0.4479,0.2541,0.1915,0,2,0,0,0
C00524,84637.9,65036.76,89202.08,65727.94,89,597.06,60077.99,2,0,38,0.3376,0.1241,0.0754,0,1,0,0,0
C00525,36874.54,27848.06,42959.91,32755.6,75,533.0,75417.16,1,0,36,0.2319,0.2087,0.2024,0,1,0,0,0
C00526,86611.53,37535.66,84717.73,48664.89,73,639.4,173785.76,0,1,11,0.0688,0.2322,0.0806,1,0,0,0,0
C00527,47742.94,31451.85,50935.21,33973.02,58,734.55,93713.98,0,0,59,0.5866,0.4493,0.1461,0,2,0,0,0
C00528,50545.07,22572.48,54991.88,23330.01,58,359.48,33169.77,2,1,36,0.0814,0.3265,0.122,0,1,0,0,0
C00529,90993.27,65559.47,83522.5,68792.97,82,1080.85,165638.86,0,1,10,0.3989,0.292,0.1335,0,1,0,1,0
C00530,38239.38,24323.13,38911.96,24209.67,73,366.26,123829.1,1,1,24,0.277,0.3004,0.0521,0,0,0,0,0
C00531,29463.66,14211.88,27311.17,14315.61,68,241.96,26221.8,1,0,20,0.0729,0.1747,0.1411,0,0,0,0,0
C00532,36774.64,16993.77,42446.77,17128.72,73,248.67,16373.81,0,1,50,0.4952,0.175,0.0622,0,0,0,0,0
C00533,55158.61,29968.22,51906.09,34741.78,80,445.68,183772.72,0,0,53,0.2064,0.2471,0.0884,1,0,0,0,0
C00534,22243.97,15800.45,24135.07,16423.3,61,305.89,72158.9,0,2,14,0.4532,0.1996,0.2188,0,1,0,0,0
C00535,59950.81,42461.52,52947.43,51510.82,69,612.23,122234.38,0,0,42,0.3247,0.237,0.1932,0,1,0,0,0
C00536,35311.74,12889.47,32274.49,13354.09,72,184.06,110399.84,1,1,46,0.5405,0.3856,0.1742,0,1,0,0,0
C00537,75427.97,36660.2,68501.74,36878.57,77,608.28,257582.0,0,0,9,0.4269,0.3135,0.1827,0,0,0,0,0
C00538,15321.32,8277.85,15554.99,9961.11,77,159.99,11834.68,2,0,44,0.264,0.1447,0.1973,0,1,0,0,0
C00539,31585.81,19378.27,33848.8,20397.29,60,427.95,29064.1,1,0,38,0.4759,0.2498,0.0291,0,2,0,0,0
C00540,21067.93,8791.38,23043.48,9097.56,74,145.15,41355.03,0,2,60,0.4631,0.2711,0.0835,0,1,0,0,0
C00541,31027.04,15540.74,25979.93,16380.37,76,252.34,78301.93,3,2,17,0.3281,0.1371,0.0591,0,0,0,1,0
C00542,50305.39,37654.52,51802.64,46164.36,65,891.71,144775.84,1,0,5,0.5481,0.2557,0.218,0,0,0,0,0
C00543,41513.16,23431.95,39849.78,25464.19,68,433.98,75756.14,2,0,54,0.6071,0.1088,0.1701,0,3,0,0,0
C00544,40150.81,27497.86,44732.07,32995.73,73,340.99,11123.95,2,0,53,0.2395,0.3398,0.1307,0,0,1,0,0
C00545,41889.25,23799.39,42638.39,24319.29,73,348.33,18326.25,2,0,43,0.1654,0.2469,0.2146,0,0,0,0,0
C00546,49312.97,27577.89,51300.3,32562.0,78,301.82,146075.56,1,1,33,0.206,0.4114,0.0326,0,0,0,0,0
C00547,28583.26,18003.64,27457.26,19417.32,70,223.75,58817.47,2,1,32,0.2407,0.1591,0.0229,0,0,0,0,0
C00548,61852.02,28867.21,77745.38,33367.87,74,499.18,23309.89,0,0,24,0.3229,0.3769,0.0484,0,0,0,0,0
C00549,60634.39,28038.0,54326.62,32692.24,84,487.75,151202.72,1,0,28,0.0746,0.1481,0.0805,0,0,0,0,0
C00550,53513.26,42554.24,53622.0,39873.57,69,409.5,122025.55,0,0,8,0.1299,0.1871,0.1143,1,0,0,0,0
C00551,57806.58,42837.36,61443.29,45349.12,92,568.74,92757.43,1,0,40,0.3109,0.2603,0.0506,0,0,0,0,0
C00552,51421.2,35068.73,52441.23,40850.29,58,686.17,156030.52,0,1,20,0.4359,0.2793,0.147,0,0,0,0,0
C00553,112442.89,46294.43,107757.14,54811.6,58,1128.06,131181.81,2,2,57,0.5653,0.428,0.163,0,1,0,0,0
C00554,43270.46,15733.19,36026.89,18886.31,71,287.32,116712.52,0,0,30,0.1091,0.3952,0.1388,0,1,0,0,0
C00555,39192.09,16810.89,37899.5,17862.7,57,329.84,50538.41,1,0,15,0.0916,0.3544,0.1135,0,0,0,0,0
C00556,32058.91,24748.8,29971.03,30560.44,72,405.62,65361.87,0,1,10,0.3057,0.4389,0.1894,0,0,0,1,0
C00557,28279.7,20285.89,35392.24,19700.34,69,259.52,98599.3,0,2,30,0.106,0.1058,0.1975,0,1,0,0,0
C00558,25704.09,15046.77,33974.73,13100.14,62,211.65,57126.63,2,0,34,0.1445,0.3307,0.0873,0,0,0,0,0
C00559,30165.65,23708.73,31490.07,24104.35,88,302.28,62048.81,1,1,28,0.1085,0.3131,0.0418,0,0,0,0,0
C00560,43591.24,18132.3,38422.6,21640.92,63,318.52,90861.38,0,3,23,0.3005,0.342,0.1002,0,0,0,0,0
C00561,52305.17,31467.72,59552.86,28939.45,75,383.08,130542.72,1,1,59,0.395,0.1956,0.1759,0,1,0,0,0
C00562,46047.64,19913.3,42928.87,17396.6,82,224.37,131099.82,0,0,51,0.3423,0.2339,0.0271,1,1,1,0,0
C00563,31886.15,15557.02,31379.14,13122.95,66,139.54,90010.39,0,1,16,0.3995,0.2062,0.1068,0,0,0,0,0
C00564,67474.22,52161.67,65756.19,59376.32,66,745.21,183596.63,0,2,59,0.5624,0.4302,0.1966,0,0,1,0,0
C00565,62765.04,46491.65,62133.58,40740.05,66,500.38,82619.38,1,1,19,0.4348,0.4442,0.1451,0,0,0,1,0
C00566,41880.52,16576.7,42191.84,18497.67,71,318.9,41780.98,1,1,3,0.1693,0.12,0.2176,0,0,0,0,0
C00567,33543.74,15507.09,29933.75,15671.93,69,281.58,51253.26,0,1,59,0.2524,0.2422,0.0485,0,2,0,0,0
C00568,57596.11,35567.23,55623.93,34056.63,74,371.8,110295.81,0,0,20,0.3823,0.1543,0.1381,0,1,0,0,0
C00569,48972.09,18492.29,57414.55,17200.67,61,315.49,141056.6,2,0,36,0.398,0.2019,0.1801,1,0,0,0,0
C00570,23453.16,14014.16,24531.38,15061.78,81,176.64,45240.28,0,1,28,0.5033,0.2096,0.1151,0,1,0,0,0
C00571,43644.24,26754.84,46482.76,25671.3,74,356.94,61648.0,0,0,52,0.3821,0.3103,0.1238,0,1,0,0,0
C00572,50631.74,24350.59,39600.61,25553.58,66,366.33,99887.62,0,1,51,0.3796,0.169,0.1332,0,1,0,0,0
C00573,30018.08,14465.87,34933.06,15885.97,69,225.89,13289.18,0,0,56,0.0903,0.1819,0.0556,0,0,0,0,0
C00574,49013.32,22207.23,47432.03,24950.25,74,375.59,96843.8,1,1,56,0.2869,0.332,0.1383,0,1,0,0,0
C00575,23382.61,18029.26,27705.49,20952.14,84,217.98,44615.52,2,2,10,0.1166,0.3109,0.0776,1,0,0,0,0
C00576,82100.67,43102.2,87725.64,46109.33,69,476.23,176372.88,0,1,4,0.2967,0.377,0.1136,0,0,0,0,0
C00577,78904.64,48397.82,77528.03,44719.06,74,605.24,240871.92,3,0,55,0.2195,0.2092,0.0684,0,1,0,0,0
C00578,40166.35,19509.14,34087.79,21574.91,63,259.88,83397.77,0,0,57,0.4611,0.1714,0.1093,0,1,0,0,0
C00579,52996.03,35305.89,69476.81,39851.33,69,735.96,108982.02,0,1,50,0.1132,0.1594,0.1877,0,1,0,0,0
C00580,15213.72,6019.29,17440.85,6189.11,79,100.0,37182.28,1,1,21,0.4097,0.4428,0.1313,0,0,0,0,0
C00581,26743.89,10222.55,30850.92,10380.5,73,101.33,91008.65,1,0,4,0.5919,0.3697,0.2059,0,0,0,0,0
C00582,39427.44,27004.94,50004.22,36376.23,78,460.89,102321.61,0,3,7,0.2716,0.3664,0.2055,0,1,0,0,0
C00583,27776.84,18804.94,29912.61,16827.3,67,224.27,23465.33,1,1,37,0.2167,0.3953,0.0561,0,0,1,0,0
C00584,62062.44,29122.84,75237.55,32304.24,67,536.01,101220.69,0,0,4,0.488,0.1764,0.0338,1,1,0,0,0
C00585,110547.57,56353.95,109726.31,66245.41,70,1063.23,71295.07,0,1,35,0.5811,0.3829,0.0885,0,1,0,0,0
C00586,26501.09,20691.18,30171.74,20878.4,81,288.44,8188.85,0,1,26,0.5897,0.3856,0.1414,1,0,0,0,0
C00587,30870.59,12254.04,30079.94,12618.94,75,157.33,89630.9,2,0,16,0.5073,0.4129,0.0919,0,0,0,0,0
C00588,50029.57,21633.6,49506.11,21673.06,66,398.9,68726.47,3,1,39,0.2797,0.1633,0.0299,0,1,0,0,0
C00589,92913.11,50499.88,98640.28,53026.22,81,476.86,100287.8,0,2,29,0.2098,0.2081,0.1403,0,1,0,0,0
C00590,25960.96,12381.94,23310.67,14337.53,72,195.58,46734.89,1,0,47,0.3758,0.2207,0.1329,0,0,0,0,0
C00591,50336.41,32318.69,54843.08,33165.92,73,576.31,44116.44,0,0,16,0.4224,0.3493,0.186,0,1,0,0,0
C00592,102130.05,67484.55,103413.31,96048.81,69,1323.72,36350.83,2,0,53,0.0618,0.189,0.077,0,0,0,0,0
C00593,21399.57,12558.87,17365.6,12504.5,76,212.15,51520.35,1,0,52,0.2443,0.1259,0.035,0,0,0,0,0
C00594,25284.24,15803.63,25159.86,19206.18,66,327.89,23363.6,1,0,23,0.2701,0.1502,0.1779,0,0,1,0,0
C00595,37189.99,20270.01,37509.58,22606.55,69,309.77,10686.5,0,1,5,0.3049,0.2904,0.1805,0,1,0,0,0
C00596,35601.85,24642.69,41025.45,26195.59,58,501.12,93825.82,2,0,4,0.1072,0.2969,0.0201,0,1,0,0,0
C00597,64866.61,23932.17,70329.92,29352.6,66,563.96,215777.35,0,0,47,0.5983,0.2561,0.1085,0,0,0,0,0
C00598,50169.6,24623.3,61392.38,21126.56,73,350.04,29297.33,1,0,31,0.616,0.344,0.0791,0,0,0,0,0
C00599,20245.44,13321.37,22521.29,14667.11,61,196.47,35135.05,0,2,16,0.5638,0.1787,0.2472,1,0,0,0,0
C00600,56746.68,28279.16,55811.76,27262.08,72,450.4,50417.61,0,2,51,0.5526,0.2981,0.1493,0,0,0,0,0
C00601,34701.05,13371.73,36193.09,13340.73,66,169.05,11832.54,0,0,47,0.127,0.2128,0.0655,0,1,0,0,0
C00602,79851.11,40345.25,80508.62,40024.09,61,498.61,119419.23,3,0,8,0.5336,0.2408,0.1551,0,0,0,1,0
C00603,33928.25,22737.79,37611.39,21244.85,65,307.89,96577.87,1,0,53,0.2632,0.4303,0.059,0,0,0,0,0
C00604,33790.7,13681.62,35722.81,11652.51,67,183.55,41272.88,0,1,41,0.1453,0.2584,0.1585,1,3,1,0,1
C00605,57407.31,38812.17,55947.61,42563.53,77,490.53,29596.43,1,0,55,0.4513,0.1862,0.2224,0,2,0,0,0
C00606,63432.69,44336.6,66669.79,46202.98,71,786.28,138858.76,2,1,3,0.5249,0.1444,0.1436,0,0,1,0,0
C00607,55053.6,35007.78,60853.04,35495.4,60,529.83,163730.44,2,0,26,0.1998,0.365,0.1406,1,1,1,0,0
C00608,21076.18,9693.05,19584.61,11060.75,79,108.11,28228.25,4,1,25,0.1628,0.4136,0.0288,0,0,1,0,0
C00609,57327.36,40839.03,62374.52,45095.77,91,495.17,96314.23,1,0,8,0.1222,0.2535,0.1627,0,0,0,0,0
C00610,28253.68,12615.25,24313.93,12842.06,50,277.44,21412.05,0,1,16,0.4995,0.32,0.0355,0,0,0,0,0
C00611,50025.69,37900.44,59163.81,53671.22,79,588.08,173647.72,0,0,50,0.3577,0.4177,0.1517,1,1,0,0,0
C00612,23712.02,15839.4,26397.68,18566.29,73,314.58,80331.33,0,1,49,0.5005,0.181,0.1489,0,0,0,0,0
C00613,55009.59,20607.91,68515.21,27684.17,56,364.28,156467.79,1,1,20,0.2632,0.1954,0.0812,0,0,0,0,0
C00614,31302.34,22214.62,28673.21,22219.19,84,279.75,13747.8,0,0,50,0.3219,0.175,0.2402,0,1,0,0,0
C00615,25266.44,14601.35,29966.35,15768.93,59,322.1,30122.45,4,0,55,0.0708,0.4238,0.0591,0,2,0,0,0
C00616,62046.34,34354.56,72116.07,30967.47,68,540.26,52693.75,1,3,9,0.3956,0.1807,0.0895,0,1,0,0,0
C00617,50169.26,27052.77,51580.63,27332.57,77,387.17,29407.43,0,1,14,0.4557,0.3857,0.2163,0,2,0,0,0
C00618,34136.7,21266.6,34300.65,20839.67,68,222.25,54245.83,0,0,22,0.6093,0.322,0.2395,0,1,0,0,0
C00619,86460.96,58452.82,79525.27,82386.95,76,811.4,136399.98,1,2,20,0.6227,0.1207,0.2344,0,0,0,1,0
C00620,36905.81,27797.07,32790.91,26877.06,60,443.06,124187.8,1,2,49,0.2049,0.4136,0.2014,0,0,0,0,0
C00621,45654.9,21586.79,43821.94,22059.88,60,465.84,118657.87,3,1,36,0.3752,0.2328,0.0484,0,1,0,1,0
C00622,50788.68,32192.37,45674.61,28186.34,75,280.73,23369.78,0,2,37,0.4237,0.2553,0.0271,0,0,0,0,0
C00623,34049.41,22433.6,42271.89,24992.08,77,393.25,12591.91,1,0,33,0.1833,0.3026,0.1082,0,0,0,0,0
C00624,55627.29,36361.26,48382.04,34251.32,70,581.2,185485.67,0,1,58,0.1609,0.3082,0.1923,1,0,0,0,0
C00625,35396.36,20241.42,37798.62,23484.61,84,355.71,100938.45,0,1,39,0.1676,0.4129,0.2493,0,1,0,0,0
C00626,37390.82,19666.08,41215.33,16429.07,75,173.24,12339.53,1,2,50,0.3867,0.3129,0.2123,0,0,0,0,0
C00627,83083.96,57583.04,90802.45,59621.78,79,575.74,251840.37,0,1,44,0.6394,0.3846,0.224,0,0,0,0,0
C00628,28173.98,13664.5,31088.14,11321.1,69,152.19,51282.02,0,0,35,0.1618,0.229,0.1118,0,1,0,0,0
C00629,15194.16,6740.49,17679.44,6680.76,64,105.54,40360.81,1,0,31,0.5597,0.4349,0.0826,0,1,0,0,0
C00630,92905.62,55336.74,92579.46,56196.36,67,1018.9,197439.17,1,0,8,0.0559,0.4169,0.1227,0,0,0,0,0
C00631,141720.96,66669.07,150295.94,65210.1,65,1256.39,347604.62,1,1,56,0.4783,0.1832,0.123,0,1,0,0,0
C00632,37498.14,13685.13,38052.09,13547.92,82,147.39,47866.33,1,0,18,0.3215,0.3354,0.1587,0,0,0,0,0
C00633,18823.11,7024.96,22706.38,8194.89,71,137.82,36041.98,1,1,41,0.0597,0.1266,0.029,0,0,1,0,0
C00634,39132.16,25935.03,50949.45,33999.12,78,524.15,33310.64,1,1,14,0.6069,0.2422,0.1501,0,0,0,0,0
C00635,39561.73,31171.3,35871.72,33999.07,62,519.51,59700.1,2,0,6,0.0787,0.3019,0.0566,1,0,0,0,0
C00636,41313.81,22913.04,33310.0,21693.95,56,377.58,21023.38,1,2,12,0.2381,0.2852,0.0453,0,1,0,0,0
C00637,27265.93,11347.47,30491.37,12002.09,63,234.14,64973.12,1,1,57,0.0682,0.1849,0.128,0,0,0,0,0
C00638,58408.71,41945.48,68831.44,42259.56,67,773.39,23178.03,1,0,21,0.6254,0.2115,0.1504,0,0,0,0,0
C00639,56979.46,26646.22,73209.33,30822.41,78,504.48,67110.6,1,1,8,0.4411,0.1598,0.1802,0,0,0,0,0
C00640,22969.79,18330.63,26152.18,19880.36,72,294.69,12279.49,1,1,49,0.1264,0.4324,0.0958,0,1,0,0,0
C00641,61639.38,37197.45,75045.56,32014.53,74,429.2,147730.44,0,1,57,0.469,0.4158,0.2332,0,1,0,0,0
C00642,113337.57,51532.85,141582.12,60899.07,83,877.59,197862.88,2,0,20,0.6383,0.4039,0.0354,0,0,1,0,0
C00643,48620.47,27869.36,59597.68,32496.25,67,362.99,68221.16,0,1,5,0.3617,0.2127,0.2387,0,1,0,0,0
C00644,38662.35,19366.8,44683.59,23809.61,75,388.39,68250.7,0,2,37,0.2059,0.3591,0.1832,1,2,0,0,0
C00645,42214.39,29582.25,37829.78,29228.07,64,379.03,30905.61,1,0,29,0.3996,0.3903,0.1086,0,3,0,0,0
C00646,59354.51,23600.37,62262.67,25632.76,65,387.15,186419.57,1,0,40,0.4196,0.1098,0.2028,0,1,0,0,0
C00647,20652.99,15193.4,22429.25,13792.98,71,215.98,27750.64,0,0,32,0.3412,0.3012,0.1477,0,1,0,0,0
C00648,48455.13,33690.93,50297.54,35168.3,61,413.2,116966.77,1,0,50,0.5822,0.3002,0.1852,0,0,0,0,0
C00649,37748.8,27844.03,39463.63,30562.68,66,432.67,125353.52,1,1,23,0.3979,0.1076,0.0374,0,1,0,0,0
C00650,103356.46,77801.28,127962.25,75753.03,72,921.37,63162.67,0,0,42,0.4645,0.2052,0.0986,1,1,0,0,0
C00651,41607.68,18864.92,39909.26,20583.16,62,246.0,101275.24,0,2,16,0.4729,0.391,0.0949,0,0,0,0,0
C00652,95317.36,55708.48,109222.85,59616.99,62,770.13,21519.31,0,1,34,0.3141,0.4289,0.1533,1,0,0,0,0
C00653,27384.56,20058.23,29793.66,19978.39,65,244.57,91193.87,0,1,23,0.2745,0.1832,0.192,0,0,1,0,0
C00654,58611.39,30467.64,55510.62,37100.35,77,554.47,77220.9,0,1,9,0.4748,0.4198,0.0644,0,3,0,0,0
C00655,51955.76,19596.85,47841.27,20025.37,58,325.49,60208.04,0,0,24,0.1388,0.4261,0.1911,1,0,0,0,0
C00656,30434.94,14646.37,25743.15,15612.18,82,138.55,36918.49,0,1,18,0.3894,0.2547,0.1596,0,0,1,0,0
C00657,48739.55,22364.83,54016.54,19546.23,76,214.4,168977.33,1,1,16,0.2803,0.1215,0.1743,0,0,0,0,0
C00658,77656.56,57584.52,80950.02,64051.43,57,1274.3,91462.58,1,0,5,0.2968,0.2806,0.1133,0,1,0,0,0
C00659,38898.52,21733.8,36988.86,21576.73,79,227.76,124784.3,0,0,27,0.5567,0.2434,0.061,0,1,0,0,0
C00660,21015.9,13819.95,17335.33,16098.38,69,224.6,66534.85,1,0,55,0.167,0.3259,0.1232,0,0,1,0,0
C00661,44645.75,34955.55,49196.29,31203.51,79,432.39,134905.03,0,1,39,0.2573,0.1233,0.0928,1,3,1,0,1
C00662,29981.25,14529.95,30855.28,16007.41,77,265.4,21683.92,1,0,30,0.4012,0.2147,0.1219,0,0,0,0,0
C00663,38575.18,26714.85,37200.24,21055.39,84,184.54,91699.91,2,1,20,0.2307,0.1246,0.1713,0,2,0,0,0
C00664,43377.81,15626.59,40528.55,17562.79,74,197.69,63056.19,0,0,3,0.6038,0.1081,0.0496,0,0,0,0,0
C00665,20886.83,8288.99,21333.21,8529.56,66,107.69,36766.86,1,1,55,0.3599,0.221,0.2431,0,1,0,0,0
C00666,21750.05,9196.78,24064.25,10097.35,86,144.43,15413.06,0,0,56,0.2956,0.2808,0.0845,0,0,0,0,0
C00667,55901.58,27424.66,56483.07,26820.78,65,425.28,191453.65,0,2,51,0.4405,0.4133,0.2268,0,0,0,0,0
C00668,35567.74,18898.71,32273.34,17690.79,65,313.14,38286.7,0,2,17,0.3799,0.1242,0.1284,0,1,0,1,0
C00669,14189.86,8012.41,14800.38,7995.26,60,129.99,43039.4,0,2,56,0.1843,0.2906,0.1655,0,2,0,0,0
C00670,64061.42,29493.82,75302.0,31648.09,69,451.23,25546.62,1,1,60,0.2216,0.4244,0.1434,0,1,0,0,0
C00671,50867.74,19319.41,53656.92,21622.06,67,414.45,143175.25,1,0,14,0.6029,0.4401,0.1935,0,1,1,0,0
C00672,32636.09,21372.9,34535.87,23220.83,81,229.04,92344.37,1,1,46,0.3429,0.207,0.0677,0,0,0,0,0
C00673,24880.61,8973.13,25152.3,8413.11,84,100.0,26401.04,2,0,55,0.2595,0.3333,0.2226,0,0,0,0,0
C00674,65547.56,46818.12,61827.11,59483.43,73,1052.92,135852.62,1,0,49,0.6197,0.1026,0.1024,0,1,0,0,0
C00675,52660.74,40449.75,49461.72,44087.71,60,629.23,62261.83,0,0,22,0.4198,0.3863,0.1198,1,0,0,0,0
C00676,131477.21,88045.82,111831.56,85872.52,82,802.79,117678.04,0,0,25,0.4652,0.4409,0.1779,1,1,0,0,0
C00677,54366.46,33608.38,64791.07,36999.68,61,532.43,121790.39,0,0,23,0.2157,0.2693,0.0703,1,0,0,0,0
C00678,53577.48,34592.75,59229.61,37385.02,84,534.75,138958.98,0,2,5,0.1705,0.1448,0.217,0,2,0,0,0
C00679,41743.55,26861.97,44243.92,27639.89,62,578.36,106513.48,0,0,26,0.3242,0.1954,0.2475,1,0,0,0,0
C00680,64988.58,49993.59,70543.15,50736.77,86,633.55,192819.12,0,0,24,0.2988,0.1179,0.0687,0,0,0,0,0
C00681,59617.6,46736.48,65027.51,54596.83,61,1157.96,152638.63,0,1,36,0.523,0.1116,0.1116,0,2,0,0,0
C00682,79038.79,42840.62,76023.81,53865.3,71,612.11,115560.92,0,2,46,0.1841,0.2648,0.2297,0,3,0,0,0
C00683,35590.09,22339.39,35980.46,17998.39,80,242.41,122122.52,2,0,7,0.4109,0.2865,0.2229,0,0,0,0,0
C00684,36993.02,26311.77,36737.58,31512.67,81,410.65,124084.09,2,0,49,0.3232,0.1929,0.1972,1,0,0,0,0
C00685,36272.72,12712.4,49017.9,13378.42,64,162.82,61350.22,2,0,58,0.4901,0.3523,0.0922,0,0,1,0,0
C00686,64233.4,37715.1,75308.79,40672.07,95,457.9,218702.24,1,0,26,0.6149,0.2621,0.166,0,1,1,0,0
C00687,88316.86,56857.89,94511.92,68922.97,62,1135.94,304191.91,1,1,7,0.1524,0.1849,0.1613,0,1,0,0,0
C00688,36604.98,24625.72,44435.45,18011.82,76,273.45,97138.29,0,4,7,0.5602,0.2085,0.1986,0,2,0,1,0
C00689,37170.46,19178.29,44558.55,22012.36,76,347.07,106489.95,0,1,8,0.5313,0.1159,0.1835,0,0,0,0,0
C00690,51831.46,25036.67,45836.48,30141.63,78,322.45,29888.18,4,0,48,0.4549,0.4268,0.2201,0,1,0,1,0
C00691,40288.65,17403.25,41225.67,16835.32,71,181.63,43992.3,0,2,35,0.1402,0.2138,0.1947,1,1,0,0,0
C00692,69067.66,41510.84,72385.75,36642.68,61,753.65,41718.05,2,3,52,0.4934,0.3001,0.1797,0,0,0,1,0
C00693,16335.86,12475.48,18351.43,15554.32,62,287.1,11527.1,2,0,18,0.2774,0.3445,0.1149,0,1,0,0,0
C00694,31020.41,23364.26,31737.62,19608.06,57,315.59,85765.96,0,0,47,0.6319,0.1605,0.0684,0,2,0,0,0
C00695,31644.84,16201.67,32852.92,17825.7,73,249.56,27705.67,1,0,27,0.3141,0.3117,0.0518,0,1,0,0,0
C00696,15839.43,7381.72,15754.5,8657.09,84,123.0,22925.54,0,0,9,0.1412,0.2038,0.0386,0,1,0,0,0
C00697,29166.63,20561.23,34296.23,22567.83,76,236.84,47843.32,1,0,31,0.5111,0.3597,0.0539,1,0,0,0,0
C00698,29809.95,20158.71,26137.34,22532.52,68,232.21,12688.74,3,1,23,0.5201,0.1567,0.0863,0,1,0,1,0
C00699,41106.46,23734.99,41053.74,24166.91,71,349.86,125058.48,1,2,27,0.3079,0.2559,0.2213,0,0,0,0,0
C00700,74254.41,38988.29,61539.0,43102.58,73,446.32,222082.74,0,1,48,0.5342,0.2666,0.0835,0,0,0,1,0
C00701,40301.36,16350.63,37336.92,15778.09,81,248.81,10607.69,0,2,4,0.4296,0.1715,0.0582,0,1,0,0,0
C00702,28298.15,19902.44,30790.12,19514.87,74,216.84,60959.41,2,3,28,0.4524,0.1142,0.1886,1,0,0,1,0
C00703,43861.32,27538.73,47823.69,29033.13,75,441.97,95402.86,1,0,6,0.2704,0.2503,0.1662,0,0,0,0,0
C00704,72153.13,37490.53,73049.05,32437.51,70,522.08,163271.69,2,1,50,0.179,0.2169,0.2222,1,1,0,0,0
C00705,29005.37,22144.28,34367.83,24784.87,80,247.78,30562.48,1,2,26,0.1274,0.3128,0.1448,0,1,0,0,0
C00706,29871.47,19322.44,36218.71,14536.49,63,165.04,22647.37,1,1,55,0.5066,0.3854,0.1535,0,0,0,0,0
C00707,57859.03,44444.85,60271.33,48602.12,68,599.05,28107.41,0,0,40,0.63,0.1898,0.0555,0,1,0,0,0
C00708,40730.26,22950.91,43990.79,25356.73,56,463.93,105090.95,0,1,43,0.3941,0.2268,0.2025,0,1,0,0,0
C00709,60221.57,33397.56,59962.3,31883.23,67,369.19,109887.9,2,0,44,0.3213,0.1001,0.1138,1,0,1,0,0
C00710,44724.5,34516.48,50325.19,31131.24,83,474.11,99384.52,0,0,30,0.0653,0.3436,0.1597,0,1,0,0,0
C00711,61707.85,48249.75,55951.29,48298.94,65,869.12,125900.63,1,0,31,0.5906,0.3844,0.2187,0,1,0,0,0
C00712,28243.9,22096.48,35742.65,24897.46,72,288.58,66968.61,2,2,54,0.5891,0.1256,0.1398,0,0,0,1,0
C00713,44755.95,32157.32,53116.28,35099.2,63,427.78,113145.91,0,4,27,0.2986,0.3411,0.2297,0,0,0,0,0
C00714,40929.54,22842.07,37087.43,20937.41,58,267.33,36772.14,0,1,47,0.4867,0.3523,0.1595,0,0,0,1,0
C00715,26036.82,11576.87,24873.43,12302.53,75,195.5,64318.92,0,1,32,0.4912,0.2468,0.1569,0,2,0,0,0
C00716,22266.81,11635.49,24505.74,12583.02,72,214.83,24735.99,1,0,59,0.1051,0.3408,0.0825,0,0,1,0,0
C00717,61267.5,47312.84,61844.02,50925.1,63,820.96,17852.77,0,0,59,0.3778,0.3861,0.0441,0,1,0,0,0
C00718,38425.98,19735.56,42858.5,18385.83,78,244.85,111527.17,0,1,37,0.2133,0.2966,0.1794,0,0,0,0,0
C00719,28407.02,19615.7,28602.25,20962.99,62,322.33,76140.6,1,0,30,0.4537,0.4449,0.1183,0,1,1,0,0
C00720,43093.92,32982.02,53133.83,38263.41,60,751.95,115636.16,1,2,49,0.1543,0.1951,0.0879,0,0,0,0,0
C00721,74759.1,58811.23,78571.58,65541.31,74,1084.26,107643.65,0,1,52,0.4956,0.2316,0.2081,0,2,0,0,0
C00722,16124.35,12519.8,21614.15,13763.99,60,203.8,44386.2,1,0,16,0.3298,0.1017,0.1719,0,0,0,0,0
C00723,22946.72,13762.89,25753.59,17164.0,59,360.83,26542.12,0,0,59,0.5407,0.1776,0.1285,0,0,0,0,0
C00724,29706.43,16972.65,26381.44,18163.03,71,216.17,35156.58,1,0,55,0.5217,0.418,0.2139,0,0,0,0,0
C00725,86850.91,68997.68,112939.15,65476.79,55,990.78,122247.0,0,1,20,0.4586,0.4098,0.1692,0,0,0,0,0
C00726,51102.15,22903.0,60394.64,21742.98,79,333.24,132234.55,1,0,4,0.0744,0.2792,0.0221,0,0,0,0,0
C00727,63558.15,27608.94,69635.44,29572.57,56,534.52,64789.35,4,0,23,0.5131,0.2213,0.2436,0,0,0,1,0
C00728,26939.4,21105.19,30376.77,18519.7,69,196.31,11996.67,1,0,56,0.4164,0.2939,0.1305,0,0,1,0,0
C00729,27190.6,17949.54,24670.42,18177.18,66,209.63,28699.39,1,0,46,0.1286,0.3361,0.178,0,0,0,0,0
C00730,55046.52,32551.03,45879.89,35991.71,62,506.72,94428.19,0,0,5,0.2403,0.2397,0.0861,0,0,0,0,0
C00731,46195.66,18913.54,48274.01,22517.28,67,271.22,57854.15,1,1,44,0.6482,0.2272,0.0368,0,1,0,0,0
C00732,57604.17,33465.61,70015.13,28938.33,73,514.47,148335.7,1,0,22,0.5912,0.1193,0.0256,1,0,0,0,0
C00733,41355.71,32046.52,45387.28,34029.86,67,574.15,18833.93,2,0,16,0.2349,0.2208,0.1552,0,0,0,0,0
C00734,51000.08,31686.4,64010.23,33011.27,71,447.84,120595.6,3,0,9,0.3493,0.1321,0.1026,0,0,0,0,0
C00735,48318.58,25709.49,58395.25,27110.67,71,452.15,59700.65,0,0,39,0.0745,0.1273,0.0284,0,0,0,0,0
C00736,63857.74,38186.7,67208.55,40744.74,69,517.54,51512.2,0,2,42,0.6409,0.3231,0.1979,0,2,0,1,0
C00737,64703.56,48447.78,77129.93,50686.06,61,596.12,62742.7,0,0,31,0.6301,0.3783,0.1494,1,0,0,0,0
C00738,21708.85,16515.7,26760.75,20100.68,68,271.67,18566.41,0,1,14,0.1192,0.1989,0.1637,0,0,0,0,0
C00739,16369.04,8676.24,17029.99,10405.24,60,158.65,49780.09,0,0,55,0.2569,0.4289,0.0525,0,0,0,0,0
C00740,70629.5,44046.5,72349.11,57577.35,77,586.3,82988.99,0,0,54,0.0859,0.2401,0.1257,0,2,0,0,0
C00741,76794.94,36526.84,81929.0,38306.84,62,666.22,221344.63,0,2,60,0.5353,0.1019,0.1302,0,0,1,0,0
C00742,28428.21,15720.47,21621.68,15731.75,67,218.83,32904.81,2,1,24,0.3287,0.3479,0.0821,0,3,0,0,0
C00743,19486.79,8748.54,21116.89,8169.98,66,108.82,4138.44,0,1,11,0.6184,0.403,0.241,0,0,0,0,0
C00744,47050.81,27720.58,53471.02,27378.71,75,387.92,10471.83,1,1,41,0.1338,0.3315,0.2076,0,1,0,0,0
C00745,68411.41,41745.2,73018.33,47412.05,73,736.25,96701.05,0,2,13,0.0974,0.3272,0.1481,0,0,1,0,0
C00746,101046.42,50727.98,110278.12,58551.41,87,871.15,305044.15,1,1,5,0.6062,0.2903,0.0658,1,1,0,1,0
C00747,56769.34,26820.86,59311.63,30336.05,65,574.54,122205.6,1,1,23,0.6056,0.2705,0.0283,0,1,0,0,0
C00748,38068.61,15911.21,30849.18,15438.08,71,154.23,92977.6,1,2,49,0.5623,0.1191,0.2154,0,0,0,0,0
C00749,30106.88,12427.96,37618.89,12066.44,62,153.96,47220.61,0,0,52,0.2154,0.2703,0.0509,0,0,0,0,0
C00750,45232.49,30312.89,45497.57,38945.26,76,526.37,50141.92,1,1,33,0.6495,0.3999,0.2221,0,0,1,1,0
C00751,39330.23,17688.26,38381.09,16806.69,64,256.82,91312.69,1,3,60,0.1294,0.1562,0.0757,0,1,0,1,0
C00752,28499.37,11487.8,34568.54,14014.92,80,214.39,60196.15,1,0,56,0.319,0.1259,0.1404,0,0,0,0,0
C00753,113137.35,90452.43,132081.52,99366.44,66,1789.73,35631.52,0,1,41,0.2433,0.2009,0.1218,0,0,0,0,0
C00754,100482.97,46921.77,108799.74,45142.88,76,604.25,203499.66,0,0,46,0.5497,0.3534,0.0236,1,1,1,0,1
C00755,75029.73,56514.02,85708.29,51306.92,57,1142.67,171175.31,1,1,53,0.5106,0.4287,0.2486,0,0,0,0,0
C00756,29733.66,18557.78,27099.3,17951.49,65,252.89,42096.64,1,1,54,0.3194,0.1814,0.2383,0,2,0,0,0
C00757,66116.69,44415.97,68780.71,48862.71,50,1066.42,87832.46,1,2,25,0.4091,0.1445,0.1382,0,1,1,0,0
C00758,60008.99,36150.23,72333.28,34011.75,70,543.03,167934.72,1,2,53,0.5841,0.4247,0.1506,1,0,0,0,0
C00759,54916.18,23688.92,53199.66,29292.04,71,414.67,78194.86,1,0,19,0.0989,0.4126,0.2154,0,0,0,0,0
C00760,78965.56,57737.5,73453.77,59184.22,72,681.8,90437.43,0,0,20,0.6079,0.2926,0.2459,1,0,0,0,0
C00761,59894.19,43278.81,63453.85,49080.49,63,617.76,167076.59,1,0,11,0.6308,0.3229,0.2215,0,0,0,0,0
C00762,62782.03,31852.99,66690.01,35814.4,72,396.41,216596.84,0,0,21,0.143,0.2905,0.0322,0,0,0,0,0
C00763,59935.58,41579.28,67589.87,51750.74,81,595.93,48535.56,1,0,11,0.5509,0.1251,0.1164,0,1,0,0,0
C00764,52458.3,31179.54,46405.75,31099.83,62,553.11,76002.59,2,0,7,0.1311,0.3416,0.2152,1,0,0,0,0
C00765,20166.8,15308.05,15005.6,16268.32,79,182.46,4207.95,1,0,25,0.2825,0.338,0.1781,0,0,1,1,0
C00766,46725.59,33234.56,54227.28,29307.32,59,604.19,84242.54,0,2,55,0.3223,0.416,0.1489,0,1,0,0,0
C00767,35036.0,12908.95,32234.6,13714.18,62,233.93,39708.14,1,0,9,0.4306,0.2918,0.1504,0,1,0,0,0
C00768,25298.22,18864.23,24711.33,22388.09,66,329.86,73986.15,1,1,31,0.32,0.3788,0.2191,0,0,0,0,0
C00769,95916.69,75376.6,75583.48,81130.59,74,978.89,309048.1,0,0,14,0.2089,0.41,0.2441,0,0,0,0,0
C00770,97974.81,67011.86,114899.91,88959.61,79,864.86,57154.96,1,0,50,0.2856,0.1151,0.2293,0,0,0,0,0
C00771,82956.12,33511.04,90591.45,37276.52,82,468.25,253061.76,1,1,55,0.5195,0.1702,0.0936,0,0,0,0,0
C00772,50476.53,36005.88,54879.26,35471.21,77,426.99,45906.03,1,1,26,0.1118,0.2258,0.1122,0,0,0,0,0
C00773,82635.87,53000.17,89776.81,58548.85,86,869.87,100507.6,3,0,45,0.3499,0.2947,0.2229,0,1,0,0,0
C00774,45244.74,22734.21,36321.6,19878.62,71,320.7,141297.08,1,2,36,0.4755,0.2749,0.1741,0,0,0,1,0
C00775,49299.86,36867.11,45936.63,35175.74,78,352.27,69281.63,0,1,15,0.0588,0.3546,0.0212,0,2,0,0,0
C00776,27511.4,16630.78,27395.65,15033.54,66,235.44,7033.4,2,0,40,0.364,0.2062,0.1799,0,1,0,0,0
C00777,53801.89,39480.77,51657.93,41531.14,57,892.06,19958.37,1,0,8,0.121,0.3599,0.1771,0,0,0,0,0
C00778,46239.58,30127.45,47045.01,31415.02,70,567.06,60773.82,0,1,27,0.1508,0.409,0.0991,0,3,0,0,0
C00779,25039.86,12014.93,27031.63,14353.2,64,282.34,78088.94,0,0,24,0.1648,0.4289,0.1323,0,0,0,0,0
C00780,43975.11,34685.74,51484.85,36007.67,65,659.37,21663.27,0,0,16,0.6027,0.1781,0.0295,0,0,0,0,0
C00781,43414.1,26350.29,37873.39,24497.81,59,359.7,36702.09,0,1,9,0.2528,0.3582,0.0774,0,1,0,0,0
C00782,101044.9,58862.68,105990.02,72820.09,70,1122.75,342766.51,3,0,29,0.5568,0.3377,0.151,0,3,0,0,0
C00783,67293.15,35771.65,76403.65,25040.15,72,391.59,104833.09,1,0,4,0.6395,0.4281,0.0416,0,0,0,0,0
C00784,45232.37,18606.56,42478.17,19622.77,49,480.74,139303.63,1,0,46,0.2913,0.3239,0.0631,0,1,0,0,0
C00785,50330.78,33157.7,51682.67,35681.43,54,813.92,73742.84,0,0,50,0.6013,0.2828,0.2037,0,0,0,0,0
C00786,45904.27,24965.48,50769.49,26182.93,58,459.89,87696.04,0,0,44,0.5483,0.2479,0.0507,0,3,0,0,0
C00787,41073.01,31649.86,43181.91,35131.69,77,407.9,136563.28,2,0,57,0.3608,0.3842,0.0651,0,2,0,0,0
C00788,27648.47,21684.52,31267.75,23056.78,71,329.85,92789.65,0,0,50,0.5585,0.1719,0.1537,1,1,0,0,0
C00789,42042.84,29238.21,44622.75,32453.22,71,572.84,31375.11,1,0,32,0.37,0.3676,0.0368,0,0,0,0,0
C00790,32166.27,14768.26,32570.81,14439.43,72,203.7,78269.93,0,0,39,0.1291,0.3451,0.1097,0,1,0,0,0
C00791,25636.59,17232.68,23310.7,15077.11,72,164.28,41016.39,2,0,52,0.6462,0.3978,0.2067,0,0,0,0,0
C00792,56639.82,20344.45,61151.76,21248.5,62,329.35,39320.38,0,2,15,0.2063,0.1567,0.1271,0,0,0,0,0
C00793,53663.42,38738.56,56990.38,35903.56,60,692.15,15296.89,1,1,27,0.5357,0.2541,0.0302,0,0,0,0,0
C00794,20138.72,11521.93,18746.33,11090.75,69,206.41,37774.75,1,0,9,0.061,0.3786,0.1612,0,1,1,0,0
C00795,42582.97,32854.16,47686.4,39076.01,80,465.74,21688.58,1,2,58,0.1141,0.2248,0.0889,0,0,0,0,0
C00796,70437.66,36627.02,84676.7,45306.15,84,635.52,232206.2,0,1,33,0.3216,0.2226,0.0362,0,1,1,0,0
C00797,72480.18,33951.76,70362.95,40304.97,80,435.14,74278.0,2,0,48,0.4652,0.2673,0.2285,0,1,0,0,0
C00798,71399.37,56960.66,68735.04,66352.66,72,846.19,117909.44,1,2,20,0.34,0.3656,0.0593,1,1,0,0,0
C00799,45794.93,26964.29,43885.38,28506.49,61,410.67,118931.41,0,4,51,0.4389,0.2655,0.1126,0,0,0,1,0
C00800,30765.44,22718.19,26106.34,26622.39,64,460.45,57694.9,0,2,18,0.3641,0.13,0.1061,0,1,0,1,0
C00801,27632.65,21000.14,35660.98,22946.32,57,503.37,39936.89,4,0,14,0.2804,0.2467,0.1065,0,2,0,0,0
C00802,52548.4,30652.06,52345.24,39348.01,68,689.34,119688.83,3,1,7,0.5579,0.2787,0.101,0,0,0,1,0
C00803,53374.79,29626.81,50545.15,27844.1,78,376.97,45494.85,0,0,41,0.072,0.251,0.0692,0,1,0,0,0
C00804,80315.41,48092.76,73471.49,54379.11,67,828.61,146131.98,1,0,3,0.5105,0.3483,0.1083,0,0,0,0,0
C00805,73821.74,53999.33,74075.98,48506.79,63,931.83,249400.92,2,0,60,0.5158,0.1025,0.0476,0,2,0,0,0
C00806,42400.48,33246.09,40983.24,37614.69,85,558.78,118284.51,0,2,22,0.2183,0.2475,0.2237,0,0,0,0,0
C00807,25707.17,12795.61,31428.78,10795.75,85,148.29,33535.22,1,0,55,0.0768,0.2928,0.1988,0,1,0,0,0
C00808,38980.62,26599.74,35088.46,24056.13,73,360.45,125194.57,0,0,55,0.2166,0.376,0.1688,0,2,0,0,0
C00809,49621.12,23739.66,42940.92,21272.76,79,317.26,153184.5,0,0,58,0.4433,0.2481,0.2406,0,2,0,0,0
C00810,41088.37,25677.31,45863.41,27738.06,64,430.07,45026.2,0,0,55,0.5776,0.444,0.2225,0,0,0,0,0
C00811,34695.51,24708.59,35983.93,26995.2,82,314.28,113900.38,0,0,59,0.2042,0.3356,0.1339,0,0,1,0,0
C00812,50423.67,37763.23,51595.85,50755.96,65,998.0,90846.27,0,1,17,0.0652,0.2618,0.1925,0,0,0,0,0
C00813,35869.29,19797.06,40071.61,20570.04,74,286.63,117590.93,2,1,26,0.2786,0.2342,0.0403,0,1,0,0,0
C00814,33920.95,17516.44,36173.48,20016.12,71,294.67,68314.08,0,0,8,0.5574,0.2773,0.2218,0,0,0,0,0
C00815,51770.28,24024.17,54067.94,25689.15,70,282.7,26881.22,1,0,13,0.1263,0.3789,0.2469,0,1,0,0,0
C00816,37553.47,15398.34,33096.72,17441.2,74,237.79,24757.61,0,0,51,0.0714,0.4439,0.1647,1,0,1,0,0
C00817,50224.83,25826.25,42682.49,27562.8,76,336.28,92560.71,1,1,17,0.5424,0.1356,0.1225,0,0,0,0,0
C00818,50886.84,37777.88,49154.07,44651.72,71,545.64,14347.67,0,1,34,0.5414,0.2241,0.216,0,1,0,0,0
C00819,26948.28,14510.69,24789.08,13403.22,67,255.85,73723.61,0,1,34,0.2383,0.3,0.0537,0,1,1,0,0
C00820,36237.84,17857.35,39220.39,13505.57,75,226.46,44040.89,0,0,40,0.5957,0.2771,0.1878,0,1,0,0,0
C00821,85941.09,58664.21,71688.13,64535.81,62,1339.21,26067.25,0,0,47,0.3053,0.2064,0.0465,0,0,0,0,0
C00822,26675.0,11924.07,26577.39,9937.41,78,115.93,62434.34,0,2,52,0.3601,0.1976,0.0587,0,0,0,0,0
C00823,17359.99,8078.11,17867.44,9753.58,63,168.77,38169.26,1,1,24,0.6384,0.2819,0.1299,0,0,0,0,0
C00824,19469.17,15013.82,20349.98,14776.99,57,229.38,12026.17,1,0,41,0.3254,0.3847,0.0589,0,0,0,0,0
C00825,45593.35,17631.65,50055.84,16316.53,68,231.97,36391.3,0,1,15,0.5487,0.3672,0.1998,0,1,0,0,0
C00826,45630.45,24484.57,46123.95,33643.33,54,535.69,121071.37,0,1,50,0.2623,0.2425,0.1527,0,0,0,0,0
C00827,42680.31,26015.27,41395.67,27258.44,68,421.17,29817.72,1,0,3,0.2508,0.2134,0.1792,0,0,0,0,0
C00828,77714.97,35252.86,93206.49,36126.68,75,420.64,17196.51,0,1,8,0.1335,0.2168,0.1249,0,0,0,0,0
C00829,13516.17,6439.86,13672.91,7339.87,60,107.15,47293.81,0,2,21,0.5108,0.309,0.1875,0,0,0,0,0
C00830,53776.29,24190.21,65622.98,27766.87,82,322.63,62250.05,2,0,8,0.3198,0.1889,0.1949,0,1,0,0,0
C00831,90859.08,45914.14,91857.14,54486.08,65,598.28,285340.26,1,0,16,0.3225,0.1754,0.1957,0,0,0,0,0
C00832,27089.9,20434.66,28391.51,18187.73,66,341.44,42435.01,2,0,22,0.4062,0.1444,0.2458,0,2,0,0,0
C00833,37930.27,20642.2,39195.26,23002.28,92,208.34,128096.84,1,1,57,0.5698,0.3016,0.1341,0,0,0,0,0
C00834,32068.08,17253.37,34561.25,17509.02,62,304.57,51905.88,0,0,26,0.2284,0.3231,0.1351,0,2,0,0,0
C00835,30090.42,15766.22,30078.93,14811.99,80,137.18,80422.66,1,0,55,0.5916,0.3615,0.1679,0,0,0,0,0
C00836,38855.3,30456.81,41246.31,32155.49,63,474.17,131588.38,1,1,45,0.4528,0.1422,0.0975,0,1,0,0,0
C00837,85544.0,34455.82,105535.44,28689.67,58,359.3,96804.82,1,0,19,0.3803,0.1144,0.1502,0,1,0,0,0
C00838,102872.1,76366.48,120963.42,88642.53,87,1323.2,30656.95,0,0,33,0.3337,0.3293,0.0296,0,0,0,0,0
C00839,38686.47,19235.78,45521.92,19526.6,73,326.7,65013.04,1,0,23,0.4609,0.3918,0.192,0,1,0,0,0
C00840,106053.07,82767.02,94277.82,82162.81,70,1421.68,287642.95,2,0,38,0.4622,0.2759,0.0478,0,1,0,0,0
C00841,45726.22,22490.55,41537.04,23243.5,71,269.68,94251.37,1,1,18,0.2023,0.2449,0.1662,0,1,0,0,0
C00842,99069.68,38369.04,106611.87,39516.2,63,653.11,292883.81,1,1,57,0.1666,0.1422,0.2072,0,0,0,0,0
C00843,43149.81,25200.3,49298.17,29909.78,85,429.57,46607.21,1,1,22,0.2984,0.1664,0.1588,1,2,0,0,0
C00844,47733.74,21601.4,47146.79,19841.2,61,301.63,20247.93,1,0,60,0.4794,0.3745,0.0501,1,0,0,0,0
C00845,53044.23,36539.27,51256.09,36690.37,77,343.56,49279.79,2,1,25,0.5758,0.1987,0.1275,0,0,0,0,0
C00846,188132.53,121493.64,229006.42,124411.09,59,2007.81,179638.96,1,0,8,0.2263,0.3748,0.135,0,2,0,0,0
C00847,66005.69,43491.89,74738.59,40107.39,57,869.14,86227.37,0,0,16,0.105,0.2398,0.1372,0,0,0,0,0
C00848,32733.32,14306.76,38525.75,15295.61,71,165.17,40225.52,0,0,21,0.2593,0.4246,0.0992,0,1,0,0,0
C00849,69596.31,46551.83,69389.33,44835.71,76,443.92,67712.11,0,0,5,0.5391,0.2799,0.242,0,1,0,0,0
C00850,38238.31,18740.56,37764.06,16519.54,59,296.51,23020.88,0,2,14,0.3718,0.1762,0.0925,0,0,0,0,0
C00851,36099.35,28857.94,42014.84,32123.14,85,315.97,69384.6,2,0,48,0.1069,0.1241,0.0374,0,0,0,0,0
C00852,67730.26,46008.86,68981.44,56851.91,73,726.82,172550.87,0,0,48,0.2618,0.3256,0.2044,0,1,0,0,0
C00853,45633.91,28096.12,44570.51,29664.18,55,506.77,145913.52,2,0,14,0.3387,0.2497,0.0964,0,0,0,0,0
C00854,51010.0,37757.75,47970.64,39177.66,84,522.37,56622.94,1,0,60,0.6271,0.3418,0.043,0,1,0,0,0
C00855,45284.09,27858.33,44769.87,28835.13,69,299.6,107765.89,1,0,52,0.6029,0.3087,0.0244,0,0,0,1,0
C00856,52359.06,31349.33,60475.23,30975.83,77,440.69,101626.24,0,1,48,0.3054,0.2486,0.031,0,0,1,0,0
C00857,54483.46,24887.61,47337.42,29626.5,69,426.93,169815.0,0,0,57,0.6381,0.2377,0.1219,0,0,0,0,0
C00858,18822.02,12331.25,21183.92,13086.99,69,191.12,46936.59,1,0,21,0.1775,0.1273,0.2185,0,0,0,0,0
C00859,60741.08,31499.71,58615.97,24839.51,85,328.54,48820.43,1,3,35,0.5622,0.1253,0.0795,0,0,0,1,0
C00860,28926.37,10685.03,29642.7,12756.59,65,212.89,31208.34,1,0,54,0.5945,0.2121,0.1475,0,0,0,0,0
C00861,23514.75,16865.43,24277.82,19639.12,61,356.08,53162.05,1,0,34,0.4046,0.4461,0.0615,0,1,0,0,0
C00862,43832.58,16364.58,44863.11,18364.21,68,237.5,117423.14,3,1,16,0.4878,0.3067,0.15,1,1,0,0,0
C00863,46733.16,30495.02,47459.61,21936.63,52,511.1,21483.66,1,1,14,0.4899,0.3786,0.2135,0,3,0,0,0
C00864,32936.61,13850.65,32827.17,14538.28,77,201.91,76842.38,0,0,10,0.6089,0.2891,0.1744,0,1,0,0,0
C00865,65406.84,35624.25,64192.17,41224.78,56,718.63,49865.02,1,1,28,0.056,0.2,0.1242,0,1,0,0,0
C00866,24598.46,18119.01,29724.11,19850.1,76,261.46,81462.49,0,0,55,0.2251,0.2867,0.1834,0,0,0,0,0
C00867,37469.89,14706.51,39456.02,15803.89,73,183.38,126663.09,1,0,29,0.1978,0.1195,0.1654,0,1,0,0,0
C00868,34586.7,22488.89,35793.3,26030.02,72,424.11,104983.21,0,0,12,0.0511,0.111,0.1335,1,2,0,0,0
C00869,44066.43,27571.41,42860.84,29410.9,70,364.23,133951.55,2,2,49,0.6421,0.3095,0.0465,0,1,0,1,0
C00870,51016.62,37772.11,51070.02,45116.33,75,630.22,172015.84,1,0,47,0.1889,0.1912,0.1486,1,0,0,0,0
C00871,28591.53,12229.48,27821.26,13078.33,68,242.38,32709.33,2,1,23,0.2745,0.419,0.0322,0,1,0,0,0
C00872,62339.15,44254.84,71181.42,46904.02,78,619.95,119979.67,2,1,23,0.2431,0.1491,0.0345,0,0,1,0,0
C00873,46294.06,25579.99,44422.3,29598.34,78,274.32,29715.35,1,0,21,0.5985,0.2639,0.0727,0,1,0,0,0
C00874,19207.23,10427.41,14990.29,10450.03,72,185.91,32755.91,0,1,31,0.6431,0.4072,0.0358,0,1,0,0,0
C00875,18639.75,9558.52,19702.16,8777.88,66,138.14,10165.4,0,0,60,0.2315,0.2126,0.0582,1,0,0,0,0
C00876,44751.22,23427.64,45488.42,24609.71,67,297.27,111094.63,2,0,42,0.6492,0.156,0.1488,0,0,0,0,0
C00877,40740.68,23791.82,39913.87,26666.94,79,336.94,18320.94,0,1,34,0.2149,0.4032,0.1103,0,0,0,0,0
C00878,42953.73,17098.16,49799.98,19851.7,70,261.31,130432.17,2,3,42,0.555,0.1138,0.1594,1,0,0,1,0
C00879,44436.91,24052.79,32082.45,27942.32,73,364.28,133763.41,0,0,45,0.578,0.4293,0.0435,0,1,0,0,0
C00880,49807.44,32045.69,61718.86,33383.99,72,459.21,168675.13,0,1,46,0.2836,0.2155,0.192,0,0,1,0,0
C00881,68930.92,39579.21,81101.45,40744.24,59,826.25,19980.38,1,1,40,0.1755,0.125,0.0686,0,1,0,0,0
C00882,27293.96,11589.65,26601.61,11345.64,53,180.77,79191.35,2,0,21,0.1876,0.2631,0.1993,0,0,0,0,0
C00883,26556.52,13633.41,26447.79,14723.88,62,260.35,30975.27,1,0,39,0.3335,0.2096,0.1731,0,1,0,0,0
C00884,27513.22,15113.91,30554.16,12893.15,64,227.94,23287.25,0,0,24,0.4718,0.1502,0.2106,0,0,0,0,0
C00885,51247.92,33362.07,57077.16,35121.29,73,619.73,137182.06,0,0,33,0.6146,0.1626,0.187,0,2,0,0,0
C00886,78798.09,59519.73,76744.16,82849.19,59,1247.51,46980.55,2,0,42,0.2908,0.2957,0.036,0,0,1,1,0
C00887,37060.8,22150.09,31723.55,19260.31,71,222.51,114522.55,1,0,15,0.3159,0.3382,0.2026,0,0,0,0,0
C00888,14598.19,9552.55,19030.83,10209.96,65,198.06,45087.81,2,3,59,0.152,0.4443,0.1747,0,1,1,0,0
C00889,20902.44,8041.91,24345.8,8808.62,78,143.5,42529.58,2,0,18,0.3492,0.3961,0.1738,1,1,0,0,0
C00890,30932.15,24111.92,33060.97,26782.94,80,390.66,49337.31,0,1,41,0.1274,0.364,0.1374,0,1,0,0,0
C00891,35011.78,17220.33,37500.87,16083.84,65,230.69,109771.88,3,1,54,0.1352,0.1507,0.1693,0,0,0,0,0
C00892,37445.54,19075.93,42109.68,21209.96,59,461.22,95517.19,2,2,44,0.4872,0.1193,0.1737,1,0,0,1,0
C00893,45788.09,20617.43,52149.32,20325.88,66,323.39,14021.08,1,0,39,0.3621,0.2928,0.2137,1,1,0,0,0
C00894,39109.94,15178.63,31273.72,13337.31,83,133.55,60998.39,1,2,43,0.4905,0.2894,0.0793,0,1,0,0,0
C00895,72158.52,50909.35,72728.23,59270.44,72,984.02,116772.14,0,1,45,0.0568,0.3765,0.2144,0,0,1,0,0
C00896,33196.84,15211.47,33044.81,17185.22,67,253.68,100429.46,2,2,39,0.1493,0.37,0.1445,0,1,0,0,0
C00897,30527.24,14567.89,31462.22,13606.59,80,124.94,95033.61,1,1,57,0.202,0.3439,0.2045,0,0,0,0,0
C00898,55821.35,24104.13,63775.63,23736.4,67,413.39,111294.38,2,1,12,0.4303,0.1594,0.1031,0,0,0,0,0
C00899,22547.49,17783.17,18831.44,17434.59,66,314.33,12862.78,2,2,16,0.6398,0.1588,0.0437,0,1,0,1,0
C00900,53625.45,37616.41,47624.92,32078.14,65,598.85,118509.84,1,1,33,0.3492,0.2922,0.0419,0,1,0,0,0
C00901,47125.37,36213.72,45626.34,41337.65,77,428.18,81028.13,0,1,60,0.1113,0.1457,0.221,0,0,0,0,0
C00902,42111.18,31068.6,44996.7,35604.31,81,396.39,67194.48,0,0,7,0.1746,0.3693,0.153,0,0,0,0,0
C00903,91963.04,69692.68,105744.17,70395.66,59,1401.9,317112.97,2,0,19,0.0635,0.4443,0.2433,0,0,0,0,0
C00904,34010.49,19235.16,42368.87,20131.99,87,267.73,118568.26,0,0,29,0.2953,0.1269,0.2426,0,1,0,0,0
C00905,113726.53,48532.07,115504.92,51626.66,67,948.93,176466.6,0,1,16,0.4689,0.1281,0.1769,0,1,0,0,0
C00906,40658.92,20211.39,46743.85,21814.7,56,400.71,133528.83,1,0,32,0.2001,0.4249,0.1932,0,0,0,0,0
C00907,25330.4,12199.2,28755.56,10836.51,81,118.59,25512.67,0,2,12,0.4435,0.4039,0.0509,0,0,0,0,0
C00908,46438.38,31239.57,51778.81,34632.61,67,489.16,38940.08,1,0,59,0.3121,0.1416,0.0379,0,0,1,0,0
C00909,27725.49,10024.23,29030.98,9111.41,70,114.07,65631.48,1,1,44,0.3331,0.1411,0.1606,0,0,0,0,0
C00910,32084.48,13280.37,32150.45,15030.26,66,247.19,59405.49,2,0,21,0.6499,0.1508,0.1253,0,0,0,0,0
C00911,53802.91,35364.56,49614.46,32613.7,72,451.54,143171.32,0,1,36,0.5218,0.1511,0.1343,0,1,0,0,0
C00912,57781.83,23433.37,52824.66,20949.13,78,279.41,32509.07,0,0,14,0.2984,0.2167,0.2197,0,0,0,0,0
C00913,34011.1,12642.99,37128.21,13232.6,64,228.15,60946.97,0,0,58,0.2593,0.4164,0.0241,0,1,0,0,0
C00914,70175.19,28010.2,73225.65,29240.95,75,328.86,171919.24,1,0,45,0.5443,0.209,0.2136,0,0,0,0,0
C00915,75757.77,50060.99,75768.31,53187.28,57,1154.05,140419.39,0,0,15,0.2542,0.1677,0.227,0,1,0,0,0
C00916,85884.06,35444.04,97029.84,33419.18,68,357.83,98326.95,2,1,57,0.2001,0.1858,0.0351,0,0,0,0,0
C00917,57105.39,23746.53,58586.78,25511.8,69,313.11,105798.17,0,0,22,0.3402,0.3427,0.0958,0,0,0,0,0
C00918,83113.36,37703.13,78161.34,40931.99,70,453.0,177140.23,1,1,40,0.3702,0.2937,0.2308,0,1,0,0,0
C00919,19303.82,13279.29,19651.68,15800.84,80,186.99,38919.95,1,2,14,0.2324,0.3549,0.1101,0,0,1,0,0
C00920,39001.67,17166.93,44792.47,18406.45,92,253.46,80633.39,1,0,58,0.234,0.2405,0.1741,0,0,0,0,0
C00921,30462.92,11146.96,28244.56,10902.54,68,191.78,50605.08,0,1,23,0.5252,0.1768,0.1078,0,1,0,0,0
C00922,47480.26,35972.88,51046.66,31956.6,83,383.49,61360.02,0,0,60,0.6248,0.3132,0.0581,0,1,0,0,0
C00923,34796.28,25900.37,36304.66,22439.27,73,289.35,15045.16,0,2,25,0.0839,0.3213,0.2438,0,0,0,0,0
C00924,41758.02,18088.26,40033.53,19693.73,57,250.0,14755.87,1,2,60,0.1044,0.4143,0.1484,0,0,0,0,0
C00925,104966.49,49271.71,106519.76,56425.17,72,779.21,205900.29,0,1,4,0.4792,0.1637,0.2027,1,1,0,0,0
C00926,41691.14,18129.43,35912.66,17099.2,63,231.46,126489.3,0,0,5,0.4626,0.2769,0.0758,0,1,0,0,0
C00927,54210.2,36526.32,57633.94,39471.49,59,468.69,151394.66,1,0,19,0.2882,0.2425,0.086,0,0,0,0,0
C00928,40534.01,18747.14,35922.54,19292.56,55,423.39,79837.28,1,0,59,0.4076,0.3506,0.153,0,1,0,0,0
C00929,46559.61,35811.44,54879.46,40688.67,70,658.83,107568.94,2,2,52,0.1559,0.3316,0.2137,0,0,0,0,0
C00930,45122.0,32597.87,46880.11,37615.64,75,633.84,154420.03,0,0,7,0.105,0.2934,0.0867,0,0,0,0,0
C00931,55059.16,33849.3,54034.09,26336.6,70,369.05,186754.14,0,0,9,0.5012,0.2906,0.0728,0,0,0,0,0
C00932,76024.14,26914.23,90413.01,31593.44,77,409.5,264781.25,0,0,9,0.4638,0.3381,0.2192,0,0,0,0,0
C00933,94442.37,70609.95,87470.46,76277.36,72,1098.08,24027.12,2,2,46,0.2263,0.301,0.2339,0,1,0,0,0
C00934,51727.6,35045.07,49672.88,34562.76,68,624.86,118947.03,3,1,50,0.568,0.1371,0.224,0,0,0,1,0
C00935,58671.76,41337.68,48726.34,40907.13,69,488.24,155992.86,1,1,11,0.2124,0.2396,0.2125,0,0,0,0,0
C00936,26809.96,10250.02,32363.4,10801.57,77,103.97,14481.1,1,0,45,0.2354,0.2713,0.0639,1,1,0,0,0
C00937,43255.22,28931.34,55139.33,28629.02,75,419.31,60500.27,1,0,42,0.3546,0.1336,0.196,1,1,0,0,0
C00938,68702.99,48921.01,58340.43,45866.36,69,668.46,51176.49,0,2,14,0.2622,0.2862,0.0985,0,1,0,0,0
C00939,66443.26,51858.03,63261.12,50046.33,73,723.66,97622.8,0,0,12,0.5848,0.1419,0.1281,0,1,0,0,0
C00940,49495.75,30252.38,52385.2,27988.92,67,514.82,81963.95,0,1,28,0.3909,0.159,0.2165,1,1,0,0,0
C00941,67056.78,38800.32,66259.93,47010.01,73,801.01,52882.14,0,0,44,0.4228,0.4493,0.13,0,0,0,0,0
C00942,56120.86,30385.43,58716.01,32108.55,76,391.7,103098.37,1,1,40,0.1236,0.2147,0.082,0,0,0,0,0
C00943,77230.95,51403.33,80002.64,67869.94,53,1425.44,63253.89,0,0,16,0.1268,0.4044,0.1891,0,0,0,0,0
C00944,51258.12,39180.15,56327.87,42883.82,63,677.48,166259.07,2,0,26,0.3263,0.3887,0.0351,0,0,0,0,0
C00945,38344.01,23769.06,35839.54,26637.25,60,458.83,29113.56,2,3,4,0.3916,0.3513,0.0491,0,0,0,1,0
C00946,52341.58,23672.93,56168.75,21840.82,78,332.6,98999.49,0,0,31,0.2776,0.2512,0.0824,1,0,0,0,0
C00947,12035.91,5000.0,11025.68,5119.07,61,100.0,16081.91,4,1,26,0.2183,0.3904,0.1986,0,0,0,1,0
C00948,53461.46,33605.92,53492.31,35579.36,77,348.82,85274.56,2,0,25,0.3787,0.39,0.0587,0,0,0,0,0
C00949,12000.0,8868.83,10099.08,8634.07,78,122.8,17819.29,0,0,10,0.2966,0.1652,0.0233,0,2,0,0,0
C00950,20720.09,7867.19,20750.23,7821.75,52,132.85,71061.14,1,1,21,0.2018,0.1951,0.2094,0,0,0,0,0
C00951,55144.57,29166.35,54111.8,32095.17,71,397.18,131791.48,2,1,7,0.0983,0.2564,0.1667,0,0,0,0,0
C00952,55787.55,43124.95,64893.72,47556.95,68,542.09,20127.64,0,0,9,0.1878,0.4115,0.2396,0,2,0,0,0
C00953,26670.81,15355.84,27814.68,13660.04,71,244.54,78832.97,0,0,41,0.456,0.1811,0.0472,0,0,0,0,0
C00954,32662.14,14674.97,34775.39,15908.39,64,298.41,65321.97,1,0,40,0.3233,0.2504,0.1921,0,1,0,0,0
C00955,83379.79,42452.43,87324.13,47392.28,66,817.56,48735.3,0,0,36,0.0516,0.2225,0.1263,0,0,0,0,0
C00956,36192.39,19314.53,28755.11,18912.15,64,303.18,63564.19,1,0,57,0.388,0.3283,0.2319,0,0,0,0,0
C00957,123467.34,49730.21,100053.79,48087.64,85,405.95,79086.47,0,0,45,0.3833,0.3061,0.215,1,1,0,0,0
C00958,44961.14,29105.89,45489.82,32103.1,80,514.71,91710.74,2,0,57,0.5155,0.339,0.0295,0,0,0,0,0
C00959,54069.96,33332.72,58580.87,24707.2,68,297.1,76960.93,1,2,7,0.3996,0.1731,0.1239,0,3,0,1,0
C00960,93154.18,59756.11,95186.45,62758.86,62,1142.95,39167.46,1,2,20,0.4174,0.2982,0.1672,1,0,0,1,0
C00961,47733.08,29826.31,45170.43,37167.5,61,626.49,112494.87,0,1,17,0.4738,0.1704,0.2413,0,2,0,0,0
C00962,28663.02,10247.1,29269.6,7566.84,73,100.0,27810.38,0,0,47,0.4915,0.2618,0.1662,0,3,0,0,0
C00963,42831.98,18353.86,43292.42,21083.9,58,354.04,116889.04,1,1,38,0.1317,0.4228,0.1406,0,1,0,0,0
C00964,44284.63,18799.15,50638.61,20967.27,59,371.68,140939.55,1,2,59,0.26,0.2831,0.1102,0,1,0,1,0
C00965,24349.92,9595.77,27680.08,8419.6,69,136.82,24376.32,2,0,50,0.3743,0.2349,0.1065,0,0,0,0,0
C00966,40106.49,27311.08,39448.35,30382.44,86,405.24,48500.42,0,0,46,0.1061,0.3385,0.0802,0,0,0,0,0
C00967,32222.86,13020.02,33640.96,15235.65,78,140.79,11397.6,0,1,26,0.0671,0.2671,0.0372,0,0,0,0,0
C00968,68212.2,44384.82,73883.63,40337.18,76,648.91,122031.56,1,0,52,0.0571,0.3606,0.0378,1,1,0,0,0
C00969,45706.38,19666.34,50320.77,18980.64,63,341.01,135882.37,1,0,30,0.3453,0.3706,0.2249,0,1,0,0,0
C00970,39622.79,15977.48,49461.59,16826.41,61,322.59,22329.31,1,1,36,0.4316,0.36,0.1034,0,0,0,0,0
C00971,42900.38,18152.8,44900.49,21190.14,67,287.28,32327.79,0,0,22,0.1999,0.2714,0.1072,0,2,1,0,0
C00972,49752.83,28796.02,59218.28,28365.98,71,446.04,132202.78,2,0,29,0.1314,0.1971,0.0923,0,1,0,0,0
C00973,59396.12,38041.26,54097.39,39751.18,70,606.13,136953.01,1,0,45,0.1386,0.3525,0.1907,1,1,0,0,0
C00974,28696.98,20528.85,27935.91,19917.35,73,246.35,24616.5,4,1,3,0.103,0.1103,0.2203,0,1,0,0,0
C00975,28161.28,11485.66,22351.64,12093.79,65,149.0,21546.55,0,0,7,0.1165,0.3974,0.0994,0,1,0,0,0
C00976,73978.03,46405.24,79020.13,54554.06,69,829.93,31999.87,1,1,47,0.5328,0.4034,0.0661,0,0,0,0,0
C00977,37379.07,26099.11,42152.48,27735.72,77,418.55,9652.41,1,1,54,0.4349,0.2379,0.1668,0,3,0,0,0
C00978,23785.68,11668.83,17681.17,11751.74,60,177.62,37927.55,1,1,40,0.2651,0.2197,0.2051,0,1,0,0,0
C00979,54947.5,21202.7,58936.38,22179.49,68,398.14,30546.99,0,0,56,0.265,0.1614,0.1687,0,4,0,0,0
C00980,55433.21,23291.69,62224.07,22218.52,103,263.42,64520.61,0,3,45,0.572,0.3973,0.1462,0,0,0,0,0
C00981,22597.53,8840.19,25211.35,8227.32,54,176.32,69690.08,1,0,19,0.426,0.1128,0.1967,0,0,1,0,0
C00982,49895.42,37383.91,45230.03,44651.73,70,495.48,18104.77,1,0,36,0.1494,0.2451,0.209,0,1,0,0,0
C00983,62656.97,32551.28,71602.78,40575.99,82,498.76,177278.71,0,0,46,0.584,0.287,0.1431,0,2,0,0,0
C00984,53257.38,31182.56,55979.71,26038.02,70,479.64,77721.77,0,0,5,0.4705,0.2461,0.1406,0,0,0,0,0
C00985,59802.9,41617.42,67034.54,46605.49,78,511.32,93246.06,0,1,30,0.1889,0.3963,0.1115,0,0,0,0,0
C00986,23920.63,12371.14,24755.39,14264.81,85,121.11,81564.49,0,0,33,0.5407,0.1521,0.047,0,0,0,0,0
C00987,52228.62,33535.8,57228.17,30336.41,69,444.52,108425.6,0,0,25,0.2968,0.206,0.0593,0,0,1,0,0
C00988,39270.89,15099.89,46461.72,15000.07,74,174.3,12601.97,0,1,3,0.6227,0.3665,0.0764,0,0,0,0,0
C00989,36212.59,20511.09,37136.64,20116.34,73,315.3,102106.16,1,1,13,0.5069,0.172,0.1639,0,1,0,0,0
C00990,66580.55,26195.02,72179.48,33480.21,61,694.31,135154.02,1,0,52,0.222,0.1996,0.1083,0,1,0,0,0
C00991,87561.03,40429.37,105070.8,50467.74,71,681.46,242046.38,1,2,59,0.5151,0.4043,0.124,0,0,0,0,0
C00992,100899.91,48634.1,104331.75,45689.73,59,913.04,70530.08,2,0,39,0.1983,0.163,0.071,0,1,0,0,0
C00993,81314.64,54717.65,74399.03,47871.94,72,750.83,86706.63,0,0,46,0.5541,0.1041,0.0749,0,0,0,0,0
C00994,42831.86,27984.06,48448.19,31978.99,65,542.48,137265.04,1,0,48,0.2466,0.1563,0.1667,0,1,0,0,0
C00995,52740.65,36189.9,64458.85,40361.64,78,372.24,85364.19,0,0,51,0.4271,0.3067,0.2428,0,0,0,0,0
C00996,63544.01,24006.28,76548.55,28790.23,66,495.16,119797.68,1,0,45,0.1884,0.1253,0.0293,0,1,0,0,0
C00997,47521.99,37887.45,53975.41,34966.75,75,543.92,110361.47,1,0,34,0.4289,0.4114,0.1094,0,1,0,0,0
C00998,47727.43,17873.4,36688.13,20318.93,79,191.61,92751.99,0,1,48,0.1808,0.2132,0.1455,0,0,0,0,0
C00999,65192.95,47042.36,63478.38,45263.63,63,894.37,174524.65,0,0,33,0.1068,0.2957,0.1989,0,1,1,0,0
C01000,43815.4,29931.22,42932.43,33666.03,67,491.25,41031.56,0,1,6,0.1668,0.3061,0.1529,1,1,1,0,1
C01001,32410.53,19974.38,34205.56,20884.12,89,272.87,104970.24,0,0,52,0.5578,0.3005,0.1507,0,3,0,0,0
C01002,37343.15,20444.84,46775.73,26130.03,73,400.47,14084.08,1,1,50,0.1302,0.4128,0.0574,1,1,0,0,0
C01003,59854.83,41342.3,55086.5,45628.97,72,747.59,110632.73,1,0,27,0.5017,0.3998,0.0628,0,1,0,0,0
C01004,45060.65,30773.54,59437.9,31152.7,80,277.81,157363.24,1,0,11,0.5882,0.3204,0.0451,0,0,1,0,0
C01005,52444.58,21593.02,52660.68,23030.08,71,352.25,124503.64,1,2,59,0.2306,0.1269,0.2458,1,1,0,0,0
C01006,60837.0,42992.57,58280.13,44623.61,70,567.81,108969.47,0,0,55,0.5539,0.1304,0.0419,1,1,0,0,0
C01007,38015.11,14649.15,43771.54,13352.23,58,213.03,127099.11,2,1,42,0.2139,0.3602,0.092,1,2,1,0,1
C01008,63242.35,36379.89,73419.09,46602.17,78,466.83,28924.27,0,0,35,0.2708,0.3111,0.1143,0,1,0,0,0
C01009,53364.28,34168.45,60194.57,42431.96,71,623.2,85054.96,0,1,34,0.5674,0.4223,0.0754,0,0,0,0,0
C01010,25816.06,18581.36,24723.14,19117.32,73,296.74,82139.9,1,0,5,0.4405,0.1308,0.1423,0,2,0,1,0
C01011,86116.38,48087.35,95610.14,54530.37,82,562.72,210538.13,2,2,53,0.376,0.3456,0.1975,0,1,0,0,0
C01012,35921.19,16401.12,33262.05,21258.66,65,259.57,50858.64,2,0,3,0.0904,0.2575,0.2395,0,0,0,0,0
C01013,21367.47,12196.48,20391.63,14616.6,66,281.44,73203.49,0,1,15,0.624,0.1591,0.0486,0,0,0,0,0
C01014,28117.52,13006.99,29203.29,13177.55,74,150.53,76062.18,1,0,6,0.0545,0.2505,0.181,0,1,0,0,0
C01015,28422.81,16710.52,27047.27,17369.67,75,207.75,97352.38,1,1,5,0.3512,0.12,0.0748,0,1,0,0,0
C01016,46069.01,25712.44,54192.35,21698.62,73,365.27,97949.46,1,0,15,0.5105,0.1352,0.2334,0,0,0,0,0
C01017,39782.61,27896.64,39011.61,31885.09,67,452.62,9030.06,3,0,26,0.3224,0.3293,0.1487,0,0,0,0,0
C01018,38670.93,17712.85,39581.44,21240.22,74,257.96,131767.44,1,2,49,0.0838,0.2723,0.1074,0,1,0,0,0
C01019,59473.35,26167.88,56165.22,31400.53,75,310.52,173628.45,2,0,12,0.5019,0.326,0.0337,0,0,0,0,0
C01020,52436.68,29541.96,61587.58,33504.27,81,485.16,105711.02,1,0,6,0.6086,0.3287,0.2485,0,0,0,0,0
C01021,51877.44,19336.12,50324.48,21120.49,64,376.72,37919.34,1,0,10,0.5957,0.429,0.1993,0,0,1,0,0
C01022,54113.59,24524.46,64235.06,22814.18,76,259.24,168136.07,2,0,55,0.4837,0.1104,0.168,0,0,0,0,0
C01023,59377.96,30233.31,69960.61,32904.88,57,615.14,136763.4,0,0,5,0.3031,0.205,0.0659,0,0,1,0,0
C01024,17428.09,9924.14,17366.87,9668.1,79,100.0,3660.11,1,1,19,0.2335,0.321,0.1631,0,1,0,0,0
C01025,38193.5,17998.55,40239.15,20032.78,76,221.23,69873.91,0,1,53,0.2113,0.3557,0.028,0,0,1,0,0
C01026,16870.52,10160.89,16755.04,9737.54,66,175.05,58062.39,1,0,45,0.5254,0.1266,0.0871,0,2,0,0,0
C01027,45736.17,34086.55,51018.09,37913.04,60,801.62,97591.73,0,1,28,0.0533,0.2193,0.2408,0,0,0,0,0
C01028,44906.28,26704.75,46103.64,32280.03,75,500.43,114304.53,1,0,55,0.41,0.2921,0.2362,0,2,0,0,0
C01029,72034.99,34510.36,72027.96,37797.76,65,658.43,170835.68,0,2,20,0.1003,0.2794,0.1197,0,0,1,0,0
C01030,76791.81,29018.97,81056.94,31613.7,70,496.95,146813.52,2,1,33,0.4381,0.4207,0.2107,0,0,0,1,0
C01031,49299.37,20286.68,42404.07,23523.69,78,224.4,122454.41,0,1,55,0.0552,0.4417,0.0719,0,1,0,0,0
C01032,35927.39,21647.97,37396.76,27329.27,71,397.69,30395.36,1,0,50,0.0779,0.2936,0.1667,0,0,0,0,0
C01033,55979.47,36815.96,63142.23,38182.79,66,638.91,73621.77,1,0,19,0.5229,0.1666,0.0575,0,1,0,0,0
C01034,35484.63,13212.72,37846.72,14699.45,81,210.14,111247.77,1,0,13,0.3336,0.2717,0.0546,0,1,0,0,0
C01035,44971.81,19495.16,52356.12,24005.33,75,360.65,49041.79,0,1,4,0.4669,0.4107,0.2176,0,2,0,0,0
C01036,70135.13,34617.76,70466.47,39128.96,66,532.19,110481.42,2,0,11,0.3945,0.2748,0.1775,1,0,0,0,0
C01037,35011.11,17291.91,34832.03,14001.52,61,240.55,18946.56,1,0,43,0.5266,0.2218,0.1597,0,0,1,0,0
C01038,64664.86,50521.56,59227.95,48709.14,83,695.16,211493.86,0,2,5,0.6318,0.1942,0.2389,0,1,0,1,0
C01039,61037.79,26960.19,61117.78,30737.99,69,444.26,66455.82,2,0,12,0.1496,0.1322,0.1191,0,0,0,0,0
C01040,29282.97,11072.89,37655.18,11094.81,75,140.15,61997.53,0,0,49,0.3242,0.2695,0.0385,0,0,0,0,0
C01041,69749.82,35492.66,75543.6,43401.94,66,495.87,105737.01,1,1,54,0.3307,0.3419,0.0262,1,0,0,0,0
C01042,61621.9,25295.72,60373.17,32200.21,83,398.95,82831.25,1,2,18,0.2217,0.1005,0.0771,0,1,0,0,0
C01043,47112.07,19172.82,43779.5,18773.46,55,384.03,35572.35,2,0,47,0.3678,0.1135,0.0724,0,0,0,0,0
C01044,31932.26,17031.16,27403.51,15772.55,77,186.9,111343.98,0,0,10,0.1385,0.2263,0.0708,0,3,0,0,0
C01045,30570.02,14914.38,29052.3,15013.68,79,218.85,35287.62,0,0,8,0.6134,0.1913,0.1582,0,2,0,0,0
C01046,35329.36,13823.57,40314.45,13819.83,70,255.87,53284.2,0,1,4,0.1667,0.4482,0.1781,0,1,0,0,0
C01047,57445.12,35727.22,57373.67,44099.2,58,626.93,48024.5,2,1,54,0.4808,0.2329,0.2044,0,0,0,0,0
C01048,29271.99,16853.79,27369.88,15602.56,68,246.19,66476.68,0,1,32,0.159,0.2784,0.0421,0,1,1,0,0
C01049,54791.93,21078.18,51954.7,24009.97,63,343.56,26539.42,0,0,16,0.2198,0.4184,0.2227,0,0,0,0,0
C01050,25735.53,18998.87,29028.07,23112.89,54,361.89,61449.16,0,2,10,0.5478,0.3393,0.1458,0,0,0,1,0
C01051,41051.67,19627.66,42703.94,22538.57,67,348.24,76363.84,0,0,3,0.5528,0.3501,0.1851,0,1,0,0,0
C01052,47276.06,36999.25,46081.65,40787.04,62,612.04,110470.01,2,1,30,0.0826,0.2533,0.1717,0,0,0,0,0
C01053,135229.19,104017.26,136986.28,107193.4,53,2168.07,29138.26,2,0,13,0.2447,0.2227,0.1418,0,1,0,0,0
C01054,24212.53,13204.15,31832.36,16794.05,70,263.36,58654.87,1,0,50,0.3595,0.4129,0.0604,0,1,0,0,0
C01055,87275.44,39523.13,104412.38,40336.09,64,597.14,30610.78,0,1,16,0.5286,0.2382,0.2331,0,2,1,0,0
C01056,48138.95,34933.65,59029.66,40655.58,77,373.9,155380.21,0,2,48,0.1222,0.1406,0.0799,0,0,0,0,0
C01057,54146.31,27754.24,45469.23,28613.29,72,495.8,152600.45,1,0,24,0.2887,0.1433,0.1903,1,0,0,0,0
C01058,47461.51,20104.59,48974.0,16666.62,75,283.81,28898.36,2,0,42,0.5706,0.4485,0.1301,0,0,0,0,0
C01059,54970.11,32884.41,53465.32,33464.58,63,459.46,111900.96,1,2,17,0.5008,0.3772,0.1435,1,0,0,0,0
C01060,41993.05,23945.74,46833.21,24693.95,66,455.23,140997.45,2,0,20,0.0922,0.2966,0.0295,0,1,0,0,0
C01061,86572.75,63415.23,101911.43,65494.78,76,1075.07,86628.99,1,0,39,0.3879,0.3191,0.1628,0,0,1,0,0
C01062,36644.03,24851.12,39911.62,24124.55,61,329.22,16118.63,1,1,22,0.478,0.1769,0.0262,0,0,0,0,0
C01063,74901.06,55746.07,70804.24,62719.48,67,927.44,119417.88,0,0,25,0.4827,0.3512,0.1913,0,0,0,0,0
C01064,33673.03,22918.41,32685.69,26091.49,69,282.9,22092.41,0,0,56,0.4078,0.4029,0.1698,0,0,0,0,0
C01065,43796.29,27984.9,49247.55,28357.15,70,391.47,121136.19,0,1,29,0.2769,0.1029,0.095,0,0,0,0,0
C01066,27778.97,15975.12,31568.27,16171.52,81,176.49,89173.06,1,0,43,0.5784,0.1512,0.1942,1,0,0,0,0
C01067,55225.41,43871.01,58920.78,40533.19,54,598.93,92983.14,3,1,42,0.3103,0.4427,0.2178,0,1,1,0,0
C01068,86225.78,67396.15,91880.02,72823.12,77,977.47,301195.07,0,0,35,0.2672,0.4373,0.0378,0,0,0,0,0
C01069,43460.49,31812.38,45894.91,38663.18,70,429.26,35954.06,0,1,35,0.3287,0.3633,0.2059,0,1,0,0,0
C01070,41184.58,28783.64,44573.72,34984.62,78,409.0,132970.64,1,3,55,0.5602,0.117,0.2309,0,4,0,0,0
C01071,27250.85,16620.34,30954.66,16256.39,55,359.99,34540.06,0,2,16,0.3278,0.3705,0.1858,0,1,0,0,0
C01072,40588.34,18950.25,45687.04,24425.79,77,351.41,128917.81,2,1,57,0.4653,0.1458,0.1125,0,1,0,1,0
C01073,21974.99,16348.24,23135.94,16455.15,70,278.2,69985.39,1,0,53,0.4912,0.341,0.0666,0,0,0,0,0
C01074,29840.53,10589.43,31156.91,9827.91,66,125.08,40322.82,1,0,19,0.4633,0.119,0.1562,0,2,0,0,0
C01075,49834.93,22542.73,51804.62,19985.9,58,357.41,13302.6,1,1,6,0.4739,0.1455,0.0466,1,0,0,1,0
C01076,81468.66,43315.23,77913.4,39886.73,63,554.53,97653.36,0,0,15,0.2688,0.3814,0.229,0,2,0,0,0
C01077,159302.89,97775.45,152108.24,106580.13,70,1479.26,261240.93,0,0,35,0.0596,0.2903,0.0823,0,1,0,0,0
C01078,34560.08,20818.84,38543.98,21216.57,68,332.39,119113.62,1,2,52,0.5086,0.1774,0.0798,0,0,0,1,0
C01079,85845.36,36837.71,82794.05,35885.79,63,528.85,212558.75,0,1,26,0.4013,0.2359,0.081,0,1,0,0,0
C01080,50216.87,19944.09,57632.5,18913.23,70,274.92,115247.68,0,0,26,0.5932,0.3042,0.0901,0,0,0,0,0
C01081,42039.14,18919.63,43882.09,17399.74,55,333.09,97913.15,0,0,48,0.4634,0.1434,0.2025,0,0,0,0,0
C01082,54670.81,27713.67,62781.31,26139.97,49,414.62,82425.53,1,2,53,0.0812,0.169,0.0857,0,2,0,0,0
C01083,46271.44,16487.63,52121.77,19320.99,56,245.99,114557.52,0,1,60,0.4761,0.3368,0.2416,0,2,0,0,0
C01084,47291.97,31288.61,54440.23,39623.91,70,426.67,53104.84,2,2,7,0.2133,0.4017,0.2045,0,0,0,1,0
C01085,37446.47,17280.7,37178.21,22012.49,62,436.59,100453.26,2,0,37,0.636,0.2353,0.0754,0,0,0,0,0
C01086,23987.03,12188.58,26363.37,13802.96,50,356.55,56395.02,2,0,24,0.3577,0.408,0.1788,0,1,0,0,0
C01087,22466.63,11249.17,25579.31,11147.11,68,129.14,59825.53,1,1,27,0.3339,0.2161,0.2484,1,0,1,0,1
C01088,60377.87,35038.69,52156.87,33982.71,73,424.43,42233.22,3,2,9,0.3202,0.41,0.1457,0,1,0,1,0
C01089,39731.62,29278.63,49831.53,33399.21,78,385.29,80358.97,0,1,32,0.1808,0.228,0.2075,0,2,0,0,0
C01090,34412.59,14357.81,45490.5,14651.24,76,203.68,28654.54,3,1,29,0.2988,0.2542,0.0765,0,2,0,0,0
C01091,45172.57,22736.58,52566.17,24997.28,65,340.25,55523.35,2,2,31,0.3049,0.1409,0.2086,0,0,0,1,0
C01092,64352.9,42563.84,73793.84,54552.06,69,1006.97,181040.85,0,0,50,0.5924,0.2834,0.2073,1,0,1,0,0
C01093,48804.68,18053.05,54693.02,19425.44,68,231.32,76982.15,0,0,45,0.0659,0.4355,0.1485,1,1,0,0,0
C01094,33496.39,24234.32,33871.15,32070.3,73,434.27,12208.46,3,3,12,0.4406,0.2118,0.0639,0,1,0,1,0
C01095,78139.39,61169.18,81013.33,55956.04,81,575.0,245646.79,2,0,3,0.2605,0.3411,0.0977,0,0,0,0,0
C01096,91587.61,57099.08,106766.29,63019.72,55,1077.89,50757.24,0,0,19,0.3017,0.4249,0.2385,0,1,0,0,0
C01097,56216.65,43873.09,52462.16,47718.5,75,522.04,103498.64,0,0,50,0.614,0.337,0.1455,0,1,0,0,0
C01098,69742.58,37373.5,64352.46,34828.75,84,312.13,123350.46,0,0,58,0.2883,0.2881,0.1875,0,2,1,0,0
C01099,78692.24,42239.18,78874.84,48414.49,62,968.92,119382.46,0,1,31,0.6011,0.4444,0.0258,0,1,0,0,0
C01100,74829.13,29767.92,84463.4,36724.61,71,542.88,16246.23,0,1,3,0.5518,0.1653,0.1837,0,1,0,0,0
C01101,59323.6,21709.54,56125.32,28533.29,86,365.9,61619.87,3,0,32,0.316,0.11,0.1338,0,2,0,0,0
C01102,58904.57,27097.69,60256.43,29789.97,82,342.42,42021.97,0,1,45,0.6111,0.2966,0.0414,0,3,0,0,0
C01103,56855.32,32132.23,58970.27,26412.28,74,283.58,42063.31,0,1,51,0.362,0.1975,0.056,0,0,0,0,0
C01104,27463.57,15886.5,25502.01,17590.15,72,313.11,16948.99,0,0,8,0.5746,0.3213,0.1384,0,1,0,0,0
C01105,61681.74,27627.8,46707.13,31469.04,79,359.9,180071.17,1,0,4,0.3259,0.1081,0.0708,0,2,0,0,0
C01106,24447.95,15298.61,22658.81,15631.78,83,215.44,13034.17,1,0,58,0.601,0.1894,0.1291,1,0,0,0,0
C01107,31471.83,13581.44,34030.69,14611.1,68,266.87,40881.16,2,0,56,0.5965,0.3491,0.2009,0,0,0,0,0
C01108,80904.28,40192.84,89669.23,39870.85,64,645.42,170986.59,2,1,48,0.2083,0.4247,0.0822,0,0,0,0,0
C01109,65677.84,28771.44,72857.97,29748.42,60,469.09,21998.09,0,1,6,0.3761,0.2212,0.1951,0,0,0,0,0
C01110,87881.71,58309.39,98704.23,68344.35,64,911.95,169839.86,0,2,19,0.6478,0.1596,0.0331,0,0,0,1,0
C01111,39821.58,23194.38,38819.38,28220.21,86,239.57,68913.59,1,1,26,0.3619,0.2909,0.1849,0,1,1,0,0
C01112,26793.26,18252.79,25430.21,16382.15,68,179.13,81228.82,0,0,50,0.3861,0.1902,0.0443,0,0,0,0,0
C01113,40385.3,15175.25,44222.18,15002.88,67,246.82,23546.43,3,2,56,0.0563,0.3511,0.21,1,2,0,0,1
C01114,47114.3,25508.29,48272.84,21921.46,86,319.14,18512.21,0,0,35,0.321,0.1276,0.1768,1,0,0,0,0
C01115,46628.29,36609.33,54035.17,46515.78,71,756.65,31966.41,0,1,55,0.1028,0.1762,0.2445,0,1,0,0,0
C01116,74949.81,28040.88,82127.37,32373.02,66,433.98,132791.18,1,1,32,0.5355,0.3072,0.2248,0,1,0,0,0
C01117,38247.98,20587.76,46052.81,16673.6,62,206.58,20899.93,2,0,21,0.6374,0.1593,0.2049,0,1,0,0,0
C01118,52724.38,19412.02,52415.19,20232.29,60,277.16,117674.69,3,0,43,0.1029,0.1894,0.237,1,1,0,0,0
C01119,28840.49,11997.47,33977.1,12189.25,67,220.97,81280.61,4,0,6,0.3355,0.3364,0.0863,0,3,0,0,0
C01120,55108.57,30758.13,71319.37,29505.88,79,317.52,112044.02,1,0,31,0.204,0.2673,0.1426,0,0,0,0,0
C01121,45062.99,18966.16,47606.76,22272.97,74,308.8,62314.98,0,1,38,0.5234,0.2128,0.0853,0,2,0,0,0
C01122,32112.54,18735.74,35642.24,21950.91,78,364.95,53757.69,1,1,31,0.4084,0.1258,0.0756,0,1,0,0,0
C01123,40469.12,30968.16,37973.66,33517.89,69,631.2,40472.01,0,0,45,0.1667,0.3513,0.2177,0,1,0,0,0
C01124,41420.81,18232.75,47935.76,17740.5,77,191.09,124753.81,1,1,26,0.2857,0.3645,0.1384,0,0,0,0,0
C01125,39848.82,15869.15,47240.25,15456.71,75,262.78,50512.69,0,1,55,0.5707,0.1287,0.2345,0,0,0,0,0
C01126,99859.68,72036.23,98927.56,76017.75,59,1140.52,302922.16,0,0,42,0.5644,0.1375,0.1387,0,0,0,0,0
C01127,43049.98,23984.07,48230.58,23867.59,64,447.33,145831.52,1,1,5,0.5839,0.2347,0.1522,0,2,0,0,0
C01128,40322.48,30127.95,43695.73,31613.3,83,320.48,42085.64,0,0,13,0.4877,0.1978,0.2097,0,0,0,0,0
C01129,17510.66,8540.92,19207.34,9539.95,65,106.17,53076.32,1,0,20,0.2029,0.425,0.0658,0,0,0,0,0
C01130,30092.3,19030.05,34529.18,16479.58,65,299.7,89082.0,1,0,14,0.2394,0.3875,0.1467,0,0,0,0,0
C01131,39976.01,30601.28,44464.03,29347.17,78,366.32,88643.26,0,1,49,0.5807,0.2489,0.1582,0,0,0,0,0
C01132,33050.24,14121.15,34151.52,14770.11,81,235.52,97553.0,0,4,3,0.2004,0.3659,0.0353,0,2,0,0,0
C01133,83799.82,59525.35,96369.43,73682.94,74,908.4,134431.97,2,0,49,0.186,0.207,0.2099,0,1,0,0,0
C01134,41780.95,26496.75,49444.53,30509.42,66,425.27,91479.28,0,1,25,0.583,0.4284,0.0386,0,1,0,1,0
C01135,80355.65,57520.67,79029.51,60371.96,58,1082.31,123656.28,0,3,36,0.2224,0.1805,0.2186,1,2,0,1,0
C01136,46267.03,19747.32,48570.39,21688.03,76,335.94,161764.06,1,2,14,0.4402,0.3942,0.0828,0,2,0,0,0
C01137,45760.21,24954.83,38335.93,25898.61,66,279.57,89466.98,0,1,6,0.1208,0.252,0.0795,0,0,1,0,0
C01138,43237.32,17639.82,48427.18,20802.06,79,284.52,42498.19,2,3,59,0.2306,0.2104,0.1116,0,0,0,0,0
C01139,45076.94,35251.83,53946.91,38849.3,71,462.75,108700.87,0,0,37,0.4716,0.3611,0.1606,0,0,0,0,0
C01140,97526.12,36885.48,99391.27,44390.05,77,481.17,263470.17,2,0,33,0.575,0.109,0.0414,0,0,0,0,0
C01141,15844.74,6012.56,16890.69,5335.31,71,100.0,48206.4,2,1,50,0.0586,0.419,0.1417,0,1,0,0,0
C01142,18282.91,13788.43,18713.96,13143.92,52,178.22,4422.18,1,0,20,0.1962,0.2745,0.1396,1,0,0,0,0
C01143,35241.9,17104.41,35380.48,18523.19,69,236.85,93957.04,0,0,4,0.6214,0.3092,0.186,0,0,0,0,0
C01144,45295.15,28022.25,48821.86,31082.88,59,573.22,88365.03,0,2,28,0.3512,0.2117,0.2036,0,1,0,0,0
C01145,61387.7,29427.05,58679.94,39374.59,68,553.88,159445.9,0,0,15,0.4913,0.3955,0.1414,0,0,0,0,0
C01146,55676.14,35740.81,56888.03,29774.61,72,318.34,108029.48,0,0,5,0.5799,0.1771,0.1512,0,1,0,0,0
C01147,37854.57,16527.73,35638.34,17288.52,69,249.24,48754.33,0,4,52,0.086,0.169,0.1292,0,4,0,0,0
C01148,71181.44,39611.85,79772.27,41222.05,65,757.09,22486.8,0,0,48,0.216,0.3978,0.1109,0,1,0,0,0
C01149,71539.55,42213.45,77170.32,45528.92,61,896.98,89936.76,2,1,16,0.4791,0.4244,0.1597,0,0,0,0,0
C01150,48885.88,24449.75,48800.4,30757.57,75,430.13,115603.4,0,2,56,0.0682,0.3544,0.072,0,1,0,0,0
C01151,69398.02,32149.69,73176.71,37137.82,64,598.37,16104.07,1,2,6,0.3365,0.1607,0.1878,1,0,0,0,0
C01152,50874.04,21015.71,52070.24,18021.36,79,209.75,164875.52,3,0,7,0.1347,0.131,0.151,0,1,0,0,0
C01153,34952.68,23340.17,41498.18,28802.97,64,447.07,53049.28,0,1,44,0.4976,0.3927,0.1227,0,0,0,0,0
C01154,61601.12,26225.27,61421.15,32275.54,57,658.6,25107.14,0,0,16,0.627,0.2268,0.0565,0,2,0,0,0
C01155,47296.6,22771.27,53265.69,24628.7,71,332.84,147117.75,0,1,47,0.0901,0.3816,0.2281,0,1,0,0,0
C01156,45027.14,22586.02,43468.08,19330.65,66,352.79,35857.14,0,1,38,0.3861,0.2847,0.1873,0,0,0,0,0
C01157,87312.32,48411.63,100209.1,49951.4,74,721.12,34258.06,0,0,26,0.1487,0.2473,0.1912,0,0,0,0,0
C01158,14935.93,9949.66,17541.91,11006.79,77,134.98,6854.13,1,2,29,0.4988,0.309,0.1738,0,1,0,1,0
C01159,23776.66,12900.63,28059.81,15088.4,62,305.07,46184.29,1,1,44,0.5131,0.2721,0.225,0,3,0,0,0
C01160,26376.69,19571.3,32351.6,16391.87,72,280.6,30161.72,1,1,57,0.6173,0.394,0.1803,0,0,0,0,0
C01161,38213.74,25064.53,41465.48,24004.49,66,341.59,113799.85,0,0,36,0.1548,0.1875,0.1848,0,0,0,0,0
C01162,40128.58,29186.28,48096.25,34491.24,72,548.4,80272.58,2,0,42,0.1272,0.1059,0.1714,0,2,0,0,0
C01163,22836.63,15354.42,28429.36,18889.19,67,354.51,25524.35,2,1,17,0.3567,0.1008,0.2337,0,0,1,1,0
C01164,28885.55,12041.93,26440.49,13266.15,92,151.87,61469.81,2,0,16,0.3933,0.3931,0.1834,0,3,0,0,0
C01165,30547.53,24134.6,29863.61,28667.6,68,532.16,101273.97,2,0,27,0.6182,0.3428,0.1756,0,1,0,0,0
C01166,135979.39,95724.57,118372.22,105740.59,64,1235.67,414174.3,1,0,26,0.3367,0.1088,0.1097,0,1,0,0,0
C01167,101235.18,61523.13,119187.96,71709.53,53,1708.68,65847.16,0,0,38,0.6465,0.3899,0.0716,0,1,0,0,0
C01168,37388.95,15866.15,32490.11,16935.76,77,243.93,115061.21,2,1,56,0.2648,0.3837,0.114,0,0,0,0,0
C01169,38208.19,16341.89,31958.06,18100.17,75,191.83,53820.03,1,1,52,0.406,0.2495,0.0499,0,0,0,0,0
C01170,26830.0,16807.63,24638.34,15183.79,74,158.44,39405.52,3,0,53,0.2251,0.2378,0.0768,0,0,0,0,0
C01171,19067.85,10244.94,16043.74,11644.98,78,169.96,35531.52,0,0,16,0.1916,0.1093,0.2252,0,0,0,0,0
C01172,42694.34,27927.94,46223.41,25127.26,71,300.68,116773.25,1,1,18,0.4246,0.4238,0.1817,0,1,0,1,0
C01173,28721.02,14865.78,26419.17,16895.29,63,193.2,45790.53,2,0,10,0.4865,0.227,0.1427,0,0,0,0,0
C01174,43314.17,25156.02,36694.29,25088.65,61,337.65,103152.76,1,0,48,0.2678,0.4237,0.0572,0,0,0,0,0
C01175,21901.82,9518.12,22886.86,10416.62,60,132.47,16676.66,1,0,53,0.1206,0.3663,0.0359,0,1,0,0,0
C01176,31937.28,13408.56,33599.73,12545.92,73,137.87,37488.32,2,1,22,0.3528,0.3374,0.2406,0,0,0,0,0
C01177,48112.63,18477.18,39723.04,18284.41,70,265.77,160112.11,2,2,58,0.2769,0.1709,0.1296,0,0,0,0,0
C01178,53061.78,38142.8,51170.43,41734.2,68,625.93,84166.94,1,0,54,0.2624,0.3358,0.2154,0,2,0,0,0
C01179,54300.03,32575.88,56528.69,37153.44,92,391.31,141020.58,2,1,6,0.5555,0.1655,0.1557,0,0,0,1,0
C01180,24839.68,19280.9,25018.06,22775.65,72,363.17,11486.75,0,0,38,0.3531,0.174,0.1221,0,1,0,0,0
C01181,66106.76,45433.12,66798.37,41434.6,75,391.99,19833.28,1,0,58,0.4844,0.3854,0.0982,0,1,0,0,0
C01182,31392.44,21847.36,37404.55,19004.24,64,366.25,11734.12,0,0,3,0.2081,0.1094,0.0673,0,1,0,0,0
C01183,59826.49,34644.1,78228.24,32321.67,63,663.83,150447.15,0,1,46,0.1728,0.2759,0.1363,0,0,0,0,0
C01184,44785.08,32108.86,45340.6,29608.44,81,463.08,17340.59,1,2,13,0.137,0.2048,0.0568,1,0,0,0,0
C01185,24222.65,18746.6,21591.44,23208.66,71,280.81,52967.0,2,2,56,0.2986,0.1987,0.1776,0,0,0,1,0
C01186,39031.68,26337.92,39884.52,31890.61,85,460.36,40096.43,0,0,60,0.4239,0.1897,0.2487,0,0,0,0,0
C01187,53041.58,21084.83,56930.33,19617.45,72,311.94,35177.43,1,0,4,0.4757,0.2931,0.1754,0,0,0,0,0
C01188,59293.34,38123.18,61878.91,47853.63,54,877.72,147404.41,1,1,45,0.1192,0.2197,0.0698,0,0,0,0,0
C01189,42233.68,17070.64,47440.37,20547.24,69,385.11,84253.84,0,2,57,0.1396,0.1866,0.2276,0,0,0,0,0
C01190,89654.46,34494.56,117934.09,29473.8,57,432.4,281612.84,1,0,27,0.4334,0.2393,0.1237,0,3,0,0,0
C01191,70812.98,46864.4,59796.29,43413.87,64,712.86,184102.45,0,2,13,0.5957,0.2918,0.2197,1,2,1,1,1
C01192,40091.65,29092.65,39656.68,24754.61,58,353.43,50715.45,0,0,44,0.4993,0.3325,0.0999,0,1,0,0,0
C01193,63068.24,26581.92,77885.31,27634.83,77,306.3,38954.71,1,1,7,0.5594,0.1478,0.1178,0,0,0,0,0
C01194,107433.23,41186.34,106074.69,43331.72,75,692.65,247409.7,0,0,59,0.1771,0.1288,0.0487,0,0,0,0,0
C01195,108731.39,81432.78,124469.09,85656.27,59,1570.37,146409.68,1,0,52,0.59,0.4071,0.0423,0,0,0,0,0
C01196,25895.33,10603.99,29150.58,8555.22,77,125.36,19323.83,1,1,59,0.2656,0.2121,0.0558,0,1,0,0,0
C01197,29657.72,10848.46,35542.57,9532.88,66,132.07,62014.94,1,0,49,0.3968,0.243,0.2195,0,0,0,0,0
C01198,87783.71,59207.87,112328.1,64016.65,68,1180.43,209245.39,1,1,43,0.5787,0.4155,0.0798,0,0,0,0,0
C01199,27950.53,20445.03,30465.2,22993.84,67,334.07,31928.79,1,2,28,0.1663,0.3078,0.1978,0,1,0,0,0
C01200,24816.75,14431.27,20858.49,11655.02,69,151.45,64066.25,1,0,7,0.6296,0.4336,0.1122,0,1,0,1,0
C01201,36157.17,21439.98,34926.05,19215.89,71,219.69,15354.64,2,2,52,0.5731,0.4047,0.0813,0,1,0,0,0
C01202,54367.39,27269.99,71347.76,31979.23,71,386.74,141789.68,0,0,24,0.0765,0.2701,0.1478,0,0,0,0,0
C01203,42973.51,19652.15,37829.42,17747.42,73,285.23,23581.65,0,2,54,0.4944,0.3725,0.2445,0,0,0,0,0
C01204,33579.27,23164.81,37260.12,24282.19,67,326.18,83253.32,0,0,16,0.5504,0.1463,0.1537,0,1,0,0,0
C01205,33223.81,24325.74,24860.01,21690.17,69,280.69,54359.56,1,0,3,0.4135,0.2501,0.2156,0,0,0,1,0
C01206,32658.68,16151.68,28996.1,18570.85,74,233.99,22897.36,1,0,22,0.3666,0.2581,0.1315,0,0,0,0,0
C01207,30291.99,14334.73,35030.64,11581.92,76,136.59,8166.73,1,0,6,0.4717,0.1464,0.1223,0,1,0,0,0
C01208,125637.06,59113.03,132461.08,59908.98,65,934.16,375610.35,2,2,47,0.1633,0.2768,0.1822,0,0,0,0,0
C01209,51446.5,19177.61,51694.83,22300.43,67,428.3,159644.08,0,0,36,0.4935,0.4269,0.1034,0,2,0,0,0
C01210,67067.8,31956.72,63867.14,35893.9,67,679.76,95305.34,0,0,13,0.5084,0.1625,0.2313,0,1,0,0,0
C01211,36110.28,13055.42,29264.31,12981.09,67,244.2,85790.09,1,1,5,0.5749,0.3172,0.2233,0,0,0,0,0
C01212,41387.63,29169.31,46900.82,28182.17,76,393.77,127061.0,0,2,3,0.5121,0.3208,0.1393,0,0,0,1,0
C01213,32640.81,15183.43,33163.79,15518.26,65,308.2,16177.1,0,0,40,0.2173,0.3345,0.1166,0,0,0,0,0
C01214,13645.28,9013.66,11835.59,8069.73,71,104.5,25513.35,0,1,41,0.2801,0.1669,0.0254,0,2,0,0,0
C01215,24204.98,14388.28,25502.91,14935.02,72,169.96,38779.27,1,0,22,0.6186,0.1274,0.079,0,2,0,0,0
C01216,19923.18,14481.34,22308.98,15061.39,66,283.72,18156.41,0,0,53,0.6339,0.2785,0.0714,0,0,0,0,0
C01217,16350.52,12788.89,16774.31,12786.93,69,220.76,16801.46,3,1,32,0.3798,0.18,0.2377,0,0,0,0,0
C01218,26278.5,13540.82,27958.19,15843.32,66,224.07,84859.21,0,0,39,0.3412,0.108,0.0922,0,2,0,0,0
C01219,81686.81,31837.71,86144.89,29339.79,67,369.69,203661.66,1,3,56,0.2411,0.1846,0.0749,0,2,0,0,0
C01220,44109.1,30317.98,42573.43,25633.05,90,262.58,99724.41,0,0,9,0.4271,0.2569,0.248,0,0,0,0,0
C01221,80432.33,28922.34,84977.65,28545.24,60,456.44,187884.05,2,1,46,0.3179,0.2717,0.1769,0,0,0,0,0
C01222,54141.7,24381.82,61625.49,25963.71,61,511.12,84656.41,1,2,31,0.5552,0.2464,0.0385,0,0,0,1,0
C01223,63995.58,23931.96,75140.87,24822.06,73,317.47,179125.61,1,1,23,0.2494,0.1759,0.1332,1,2,0,0,0
C01224,30001.84,22626.39,34348.74,23347.28,88,262.3,79841.49,1,0,41,0.5959,0.3044,0.203,0,1,0,0,0
C01225,56965.19,20073.6,55198.6,18364.06,67,222.15,93406.95,3,0,55,0.639,0.2124,0.0764,0,0,0,0,0
C01226,62463.59,35712.56,70355.59,33287.5,80,474.04,42739.64,1,2,57,0.6431,0.2521,0.1976,0,0,0,0,0
C01227,34714.98,18773.85,38389.76,18612.36,64,312.97,18106.88,1,0,30,0.5353,0.4005,0.0807,0,0,0,0,0
C01228,57884.85,37262.51,55849.32,36589.41,60,480.84,163422.06,0,0,33,0.4009,0.2645,0.1954,0,0,0,0,0
C01229,58058.26,27890.31,57726.31,32959.94,70,409.47,146260.09,0,0,25,0.1174,0.1626,0.2042,0,1,0,0,0
C01230,35140.83,26115.37,39764.07,28248.2,61,410.51,59192.11,3,1,57,0.3581,0.4097,0.0387,0,2,1,0,0
C01231,27151.08,18475.1,32994.77,18218.16,56,347.73,17624.61,0,1,57,0.6389,0.3338,0.0215,1,1,0,0,0
C01232,26411.64,14381.99,21990.31,16990.91,61,198.53,72689.78,0,1,32,0.3555,0.1055,0.2121,0,1,0,0,0
C01233,46786.28,23913.02,58333.48,26389.3,64,432.96,64807.45,1,1,4,0.4917,0.3707,0.1503,0,0,0,0,0
C01234,52133.98,37387.87,62023.75,33166.58,81,349.69,144054.8,1,1,24,0.1069,0.1531,0.2163,0,1,0,0,0
C01235,31501.21,21757.16,33828.96,15230.01,72,263.44,78988.25,0,1,34,0.6259,0.396,0.2141,0,5,0,0,0
C01236,45541.59,24116.55,46503.15,21484.27,78,328.69,148884.7,1,2,50,0.6381,0.4442,0.2373,1,0,0,0,0
C01237,58172.0,29296.43,63806.08,32852.78,77,441.88,24659.34,0,1,57,0.1635,0.4025,0.1275,0,0,0,0,0
C01238,59432.92,21841.57,57836.09,25270.23,57,389.54,138072.64,0,2,6,0.1985,0.4466,0.2271,0,2,0,0,0
C01239,90469.12,34990.58,93063.46,29769.02,73,350.04,254707.62,2,0,57,0.2985,0.3466,0.1193,0,0,0,0,0
C01240,79942.2,29919.43,69789.28,33780.15,63,394.23,92882.22,1,0,15,0.5064,0.1844,0.0826,0,0,0,0,0
C01241,28676.6,10351.88,24117.51,11640.57,74,146.14,75472.76,0,0,12,0.4964,0.1667,0.194,0,0,0,0,0
C01242,95993.1,40201.2,127658.99,48941.14,69,559.6,113524.88,1,1,57,0.3165,0.3494,0.2247,0,0,0,0,0
C01243,35435.82,26070.62,37475.82,30347.43,66,495.29,81337.49,2,0,50,0.502,0.1616,0.2092,0,2,0,0,0
C01244,72013.62,51070.02,77374.51,61908.4,72,1046.49,176127.36,1,0,56,0.5495,0.2137,0.2369,0,0,0,0,0
C01245,46398.01,33894.12,48546.79,37575.16,78,359.65,146329.72,1,0,24,0.3166,0.245,0.1746,0,1,0,0,0
C01246,37382.22,23577.35,35538.05,26043.32,68,473.64,124781.02,2,1,32,0.5666,0.2835,0.2203,0,0,0,1,0
C01247,19949.4,12584.65,20211.78,12704.53,83,144.24,69613.98,2,1,47,0.2601,0.2786,0.1029,0,1,0,0,0
C01248,41656.54,16902.95,44195.2,19411.86,75,185.58,103713.28,1,1,41,0.1653,0.1958,0.0402,0,1,1,0,0
C01249,22307.88,14824.35,22896.89,13195.32,68,145.57,47080.04,1,0,3,0.2213,0.3554,0.2481,0,0,0,0,0
C01250,69543.13,33103.36,66743.02,34207.64,61,392.62,170613.61,1,0,50,0.0551,0.4402,0.2415,0,0,0,0,0
C01251,89051.89,51976.38,98628.41,57942.54,66,926.4,237415.51,0,0,4,0.1375,0.4252,0.1239,1,0,1,0,0
C01252,31439.11,24510.72,33721.7,29878.22,63,408.8,90920.77,0,1,8,0.2707,0.1461,0.1862,0,0,0,0,0
C01253,51549.85,38238.49,56557.86,37957.34,70,531.99,59801.24,0,3,15,0.4488,0.4162,0.1725,0,0,0,0,0
C01254,32467.39,14770.62,36837.68,17222.39,67,292.39,82443.58,3,1,42,0.1004,0.1442,0.0855,0,0,0,0,0
C01255,33914.56,23112.53,34916.3,23721.28,58,389.19,28276.47,0,0,36,0.2225,0.1664,0.0321,0,0,0,0,0
C01256,63763.77,25304.07,65659.68,29566.46,71,340.71,34438.06,0,1,53,0.3941,0.1526,0.0725,0,0,0,0,0
C01257,44226.33,16011.44,54305.26,15272.32,67,274.17,124610.9,0,1,57,0.1088,0.1262,0.1941,0,1,0,0,0
C01258,98445.6,35704.09,92215.78,40599.72,85,393.49,208179.19,2,0,10,0.2298,0.3392,0.0805,0,3,0,0,0
C01259,36221.68,15452.56,29888.83,16048.41,87,209.37,64138.89,0,0,50,0.1872,0.1776,0.0752,0,0,0,0,0
C01260,70552.97,46757.35,78784.01,42445.75,78,605.43,106829.42,0,0,47,0.1644,0.2071,0.1534,0,0,0,0,0
C01261,47016.5,24142.39,45816.54,24905.39,71,414.15,49068.2,1,2,13,0.0727,0.2528,0.0875,1,1,1,0,0
C01262,64377.4,22993.94,59273.42,27790.6,75,358.45,137409.95,2,0,4,0.6099,0.298,0.1582,0,0,0,1,0
C01263,36797.93,29240.01,42546.82,27125.82,73,467.22,17703.52,3,1,13,0.6055,0.1866,0.2405,0,2,0,1,0
C01264,44007.54,25965.34,45443.41,22638.71,74,236.37,109980.05,0,0,43,0.357,0.122,0.0864,0,2,0,0,0
C01265,42720.89,22524.42,38379.26,24728.42,88,287.17,77284.38,0,0,54,0.3517,0.1722,0.0597,1,1,0,0,0
C01266,30890.13,18023.85,39607.13,15296.2,71,242.15,70455.91,1,1,19,0.063,0.3116,0.0645,0,1,0,0,0
C01267,60618.44,35400.38,51932.89,43811.6,86,620.92,18443.09,1,0,46,0.2096,0.1255,0.1243,0,0,0,0,0
C01268,60296.53,33862.92,62684.19,41806.46,66,690.0,86542.48,0,0,16,0.5139,0.4174,0.0505,0,0,0,0,0
C01269,58777.67,36784.66,48390.88,43207.02,68,696.99,89273.2,0,1,36,0.5765,0.4365,0.1971,0,1,0,0,0
C01270,89863.97,67266.05,97275.85,70538.69,66,1365.07,189320.45,2,1,55,0.5088,0.2389,0.0821,0,1,0,1,0
C01271,86389.63,41965.59,84062.89,52446.89,81,613.03,274389.93,0,1,5,0.3323,0.2102,0.1278,0,0,0,0,0
C01272,38013.35,21634.76,43651.22,26209.51,73,366.28,97511.54,2,2,17,0.4137,0.134,0.0974,0,0,0,0,0
C01273,53225.42,18716.17,55775.64,18455.53,63,323.53,152232.27,1,0,11,0.2785,0.2927,0.1007,0,1,0,0,0
C01274,33989.18,25047.18,41197.36,30624.2,71,371.44,91900.15,2,0,25,0.3968,0.4325,0.2116,0,1,0,0,0
C01275,45475.44,22176.4,45404.24,20859.11,61,318.82,38449.85,1,0,36,0.1928,0.1404,0.1233,0,1,0,0,0
C01276,34355.95,16218.88,29458.67,16646.35,66,280.67,65087.42,0,1,41,0.5477,0.1032,0.1105,0,0,0,0,0
C01277,93288.25,74527.21,100611.55,62214.15,72,809.27,244931.19,0,0,52,0.2644,0.1517,0.2228,1,0,0,0,0
C01278,53001.84,32488.9,54045.61,34682.25,53,814.85,104320.22,1,2,11,0.3355,0.2537,0.1761,0,0,1,0,0
C01279,40794.59,16536.88,33928.4,16779.29,80,218.39,135974.28,0,0,40,0.513,0.2195,0.0813,0,1,0,0,0
C01280,76998.88,36149.91,71097.25,35995.77,69,582.53,147044.97,0,0,49,0.5972,0.1315,0.1401,0,0,0,0,0
C01281,16943.52,8623.44,16291.94,8883.19,61,116.09,34020.73,0,1,31,0.1356,0.4113,0.208,0,2,0,0,0
C01282,18179.9,14429.87,22482.09,14147.84,74,245.13,10825.89,1,0,39,0.1158,0.3873,0.0672,0,0,0,0,0
C01283,64379.15,35008.08,73063.48,36933.56,72,665.11,29684.81,2,1,56,0.4598,0.2088,0.229,0,1,0,0,0
C01284,46241.3,20973.22,46623.8,25252.35,83,335.27,18229.92,0,0,55,0.2334,0.4476,0.1381,0,0,0,0,0
C01285,50368.37,30542.32,55732.82,28177.66,66,352.61,34947.1,1,3,5,0.0661,0.1681,0.1155,0,1,0,0,0
C01286,24773.74,13183.14,19949.42,15206.8,82,190.19,59885.01,1,1,37,0.4117,0.1271,0.1058,1,2,0,0,0
C01287,44531.97,16687.56,43739.8,17952.96,66,206.55,35078.3,2,0,11,0.1835,0.3051,0.2067,0,0,0,0,0
C01288,110857.07,81747.54,121734.31,89504.98,76,863.62,61698.31,0,2,4,0.494,0.4485,0.0722,0,0,0,1,0
C01289,65206.05,23282.43,69760.38,24360.76,64,335.65,144902.42,0,1,16,0.55,0.2555,0.0357,0,1,1,0,0
C01290,48571.18,36638.1,47856.08,35315.9,79,372.72,147294.2,0,2,13,0.4039,0.4325,0.1523,0,0,0,0,0
C01291,36932.36,26086.67,38609.2,28783.61,70,524.24,11410.18,1,2,3,0.5119,0.3867,0.0724,1,0,0,1,0
C01292,37679.07,14473.3,41091.77,16098.08,66,280.18,70470.48,1,0,31,0.3151,0.341,0.1429,0,0,0,0,0
C01293,17262.27,11662.82,18106.01,11125.68,80,156.91,14372.41,0,1,28,0.0978,0.4088,0.081,1,1,0,0,0
C01294,50531.69,35216.74,58279.23,31321.0,61,594.02,162586.77,0,0,30,0.2819,0.4015,0.1636,0,0,0,0,0
C01295,65833.57,40885.16,71643.0,43347.96,67,592.52,104088.57,2,1,25,0.4966,0.1591,0.2488,0,1,0,0,0
C01296,22145.49,13507.68,24611.36,15406.41,66,302.58,51729.94,1,0,38,0.1264,0.3215,0.1082,0,1,0,0,0
C01297,33415.67,12442.63,41957.6,14565.48,80,190.9,54622.17,1,1,11,0.2365,0.3288,0.1635,0,0,0,0,0
C01298,26730.45,10071.32,30721.33,12029.17,57,174.23,77486.44,2,0,15,0.5589,0.2663,0.0537,1,1,0,0,0
C01299,29144.16,19738.75,36690.02,21605.38,64,372.75,53213.82,0,0,6,0.3913,0.1973,0.1917,0,0,0,0,0
C01300,46096.14,18323.42,44684.23,18660.83,78,246.8,153105.84,0,0,20,0.0935,0.2264,0.2008,0,0,0,0,0
C01301,17613.78,8081.73,15128.66,8483.72,67,134.91,24386.01,0,1,7,0.4424,0.1475,0.1445,0,1,0,0,0
C01302,59328.17,34082.64,61295.86,30702.28,69,382.71,153116.64,1,0,40,0.1131,0.3951,0.2008,0,0,0,0,0
C01303,63174.28,26777.91,64622.77,25923.23,52,523.96,31110.17,0,0,29,0.3118,0.3686,0.0994,1,2,0,0,0
C01304,40191.93,28352.51,49240.33,29588.98,83,265.46,29535.18,0,0,33,0.3635,0.3116,0.2268,0,1,0,0,0
C01305,14736.74,10512.01,13475.2,10701.26,78,163.15,28703.13,1,1,44,0.348,0.1886,0.2162,0,1,0,0,0
C01306,28739.55,20950.11,29904.49,22228.93,72,328.17,30341.54,0,0,17,0.1004,0.1657,0.1487,1,0,0,0,0
C01307,78372.13,29178.39,86101.31,25823.44,81,349.99,30922.67,0,1,11,0.4075,0.3106,0.1706,0,0,0,0,0
C01308,12891.46,6994.17,13690.89,6377.45,67,100.0,13115.44,0,1,24,0.2906,0.1453,0.2458,0,2,0,0,0
C01309,38485.32,28137.12,39617.42,32162.73,52,799.39,42100.01,1,3,45,0.4855,0.304,0.2432,1,0,0,1,0
C01310,26460.74,13586.23,28922.34,12906.9,65,148.84,59706.09,0,0,10,0.5217,0.1024,0.1829,0,0,1,0,0
C01311,64632.61,42859.12,76233.63,41524.41,79,515.4,48370.36,1,1,12,0.2542,0.3196,0.1257,0,0,1,0,0
C01312,33210.34,20429.69,40991.17,21684.16,69,346.59,108384.33,1,0,58,0.3332,0.2015,0.057,0,1,0,0,0
C01313,53970.73,27322.35,56881.74,25635.4,59,461.15,61907.22,0,0,36,0.4009,0.369,0.2404,0,0,0,0,0
C01314,58039.26,27532.79,55259.09,32564.67,82,450.01,196165.7,1,1,52,0.5119,0.2533,0.193,1,2,0,0,0
C01315,102818.38,66187.73,126892.69,59514.71,71,1079.68,164270.05,0,3,21,0.2685,0.1727,0.0466,0,0,0,0,0
C01316,41072.49,16845.1,37814.79,17690.43,66,265.57,107461.1,1,1,42,0.389,0.217,0.1153,0,2,0,0,0
C01317,53297.13,39282.92,67413.91,37718.28,52,854.85,129955.54,0,0,9,0.5103,0.4441,0.1043,0,1,0,0,0
C01318,23066.64,14056.8,27940.54,15023.1,58,258.64,26007.1,1,0,56,0.3299,0.3337,0.1016,0,1,0,0,0
C01319,76887.91,30768.74,94474.31,30470.41,84,415.03,127927.65,0,2,46,0.1674,0.3971,0.159,0,0,0,0,0
C01320,31958.35,21303.04,36184.74,22307.72,66,337.86,30572.92,0,1,59,0.1836,0.2034,0.1451,0,0,0,0,0
C01321,34964.15,19020.52,27848.98,22759.07,64,345.34,109055.81,1,1,31,0.0543,0.3772,0.0765,0,1,0,0,0
C01322,44551.73,19684.59,41223.96,19044.96,70,347.88,139218.86,0,0,7,0.4876,0.3634,0.1367,0,1,0,0,0
C01323,22272.76,17428.02,24206.63,16844.31,74,252.96,30898.77,2,1,30,0.1637,0.1259,0.2321,0,0,0,0,0
C01324,49879.45,33610.84,48329.31,34017.26,78,483.86,77244.88,1,0,23,0.2556,0.2471,0.1741,0,0,0,0,0
C01325,69548.36,42900.71,70394.51,52634.12,62,858.87,83393.1,1,0,30,0.2271,0.3059,0.2075,0,0,0,0,0
C01326,51340.64,37580.85,57683.11,39055.18,64,452.17,60928.45,0,1,49,0.0979,0.1919,0.0246,0,2,0,0,0
C01327,22013.56,13092.38,22665.23,15686.03,66,217.49,10758.62,0,0,16,0.5872,0.3231,0.2044,1,2,0,0,1
C01328,42561.42,23351.83,38463.51,24023.67,67,261.71,98384.01,0,3,32,0.2041,0.2221,0.2008,0,1,0,0,0
C01329,62838.97,27350.73,72659.39,32622.76,57,654.82,171847.68,1,0,24,0.1096,0.4058,0.1732,0,1,0,0,0
C01330,19328.25,8099.03,21488.92,8899.92,76,137.97,25599.94,0,1,44,0.4661,0.369,0.1845,0,1,0,0,0
C01331,27743.95,15103.42,28302.17,16863.7,71,170.76,51488.72,1,1,37,0.2215,0.1806,0.1919,0,0,0,0,0
C01332,66760.2,37064.5,75796.32,32531.8,63,516.03,18196.34,0,1,42,0.14,0.3694,0.115,0,1,0,0,0
C01333,50815.7,34554.2,53936.07,29713.24,76,485.03,115804.35,0,1,3,0.4021,0.2554,0.028,0,1,0,0,0
C01334,54165.8,29733.68,65527.8,35038.89,57,469.44,68921.3,0,0,56,0.4713,0.1957,0.1741,1,0,0,0,0
C01335,103900.65,64098.56,110980.95,75439.68,68,1014.48,71447.31,0,0,60,0.1448,0.1932,0.0339,0,0,1,0,0
C01336,55562.65,40262.55,67168.1,53974.95,60,693.87,13152.7,0,1,22,0.1268,0.1715,0.1713,0,1,0,0,0
C01337,60504.16,48221.85,49925.71,42034.3,65,646.08,97343.88,2,0,8,0.3921,0.4292,0.2036,0,1,0,0,0
C01338,152398.37,75457.98,168416.4,83629.77,76,1121.99,367325.68,1,0,7,0.0756,0.3914,0.1985,1,0,0,0,0
C01339,40872.21,30894.47,40964.44,28643.54,70,382.64,40543.77,1,0,57,0.1192,0.1025,0.1533,1,1,0,0,0
C01340,31425.36,22397.57,29757.11,21526.93,62,417.48,23699.25,1,0,52,0.1591,0.1112,0.2205,0,2,0,0,0
C01341,54552.9,20763.0,64864.49,20549.77,83,234.18,121265.0,0,0,59,0.1289,0.1343,0.2229,0,1,0,0,0
C01342,54828.41,27434.57,63419.5,30065.07,79,291.39,118354.53,0,1,37,0.3064,0.1305,0.0919,0,1,0,0,0
C01343,35503.83,15925.93,28730.51,15453.2,72,252.87,42831.3,0,0,59,0.4189,0.4146,0.1964,0,1,0,0,0
C01344,28277.99,18351.65,32119.83,19343.35,72,222.38,85039.89,2,0,37,0.3144,0.1113,0.0991,0,0,0,0,0
C01345,127242.22,76330.65,142676.41,87768.34,72,1382.45,276146.77,2,1,55,0.5647,0.3652,0.2277,1,0,0,0,0
C01346,52130.08,29854.01,50213.33,35387.65,71,478.84,150676.7,2,0,59,0.3825,0.1864,0.0624,1,0,1,0,1
C01347,32366.83,22449.75,30740.83,25438.05,70,302.0,105147.68,1,0,39,0.5304,0.1309,0.2345,0,1,0,0,0
C01348,67954.01,33976.25,58381.39,37517.4,60,475.01,164987.81,1,2,25,0.4385,0.2774,0.0559,0,1,0,0,0
C01349,42843.21,22374.38,43250.06,23112.82,60,460.74,49893.09,1,2,19,0.1218,0.438,0.2214,1,0,0,0,0
C01350,40159.77,29699.57,41312.42,29156.9,66,367.25,97799.46,0,3,27,0.6489,0.1508,0.0996,0,0,1,1,0
C01351,57956.07,45640.05,66396.77,50874.11,70,939.66,92113.42,0,0,24,0.286,0.3272,0.0653,0,0,0,0,0
C01352,25161.51,17596.97,27232.95,16257.68,64,257.48,20095.56,0,2,22,0.3353,0.2427,0.1169,0,0,1,1,0
C01353,52738.45,23610.05,48667.62,25128.07,79,361.44,40886.46,1,1,52,0.6097,0.2585,0.1129,0,0,1,0,0
C01354,106430.5,42645.98,114802.84,39273.48,57,716.4,75250.13,1,0,48,0.3082,0.1125,0.0603,0,1,0,0,0
C01355,55503.3,24651.36,56586.42,25761.82,66,507.02,96275.0,1,0,14,0.1838,0.2171,0.169,0,0,1,0,0
C01356,37991.67,20524.72,35629.38,18955.7,70,228.47,82123.15,0,2,35,0.2467,0.2049,0.2466,0,0,0,0,0
C01357,35818.52,16351.64,30777.39,16383.24,68,225.24,122356.36,1,1,9,0.1253,0.3093,0.0222,0,0,0,0,0
C01358,37412.67,28264.1,42088.37,27384.68,69,488.01,90603.21,1,1,33,0.1694,0.2928,0.2176,0,1,0,0,0
C01359,40140.24,26164.42,44297.47,24971.67,82,248.16,38762.78,1,1,10,0.4225,0.3852,0.0801,0,0,0,0,0
C01360,37964.43,20406.95,42399.14,21213.37,59,387.38,112237.94,0,0,27,0.6092,0.2167,0.1699,1,0,0,0,0
C01361,67965.66,32162.39,65424.47,24415.88,75,403.06,234271.83,2,0,56,0.4373,0.38,0.1704,0,0,0,0,0
C01362,20629.42,10754.07,22084.41,8965.69,70,165.87,32236.55,0,0,55,0.563,0.3569,0.0203,0,1,0,0,0
C01363,66324.71,37421.91,58694.47,42902.18,60,843.76,205900.35,2,1,30,0.2558,0.1269,0.0534,0,0,1,0,0
C01364,37932.32,25460.93,35338.13,27184.58,69,292.34,100744.12,0,0,50,0.4049,0.1823,0.0378,0,0,0,0,0
C01365,53318.8,20805.19,56200.57,20039.48,70,297.92,66283.56,1,2,57,0.0593,0.2444,0.1676,0,0,0,0,0
C01366,27099.57,19836.2,29307.71,23146.24,87,295.92,6024.99,0,2,55,0.2433,0.4439,0.1538,0,1,0,0,0
C01367,81822.03,33334.46,69920.35,32444.38,65,440.96,204904.61,1,2,37,0.0522,0.316,0.1234,0,0,0,0,0
C01368,78822.48,36897.0,72760.61,36175.18,64,625.35,266862.8,2,1,27,0.479,0.4486,0.1796,0,1,0,0,0
C01369,69302.31,55241.94,69728.72,52810.95,68,967.96,44867.72,0,2,27,0.5562,0.41,0.1808,0,0,0,0,0
C01370,22760.41,9914.3,26516.39,12678.35,71,194.25,73287.49,1,1,5,0.3953,0.2348,0.085,0,1,0,0,0
C01371,65350.62,25847.09,62241.74,27868.64,78,355.94,57707.25,1,1,18,0.1721,0.1066,0.1032,0,0,0,0,0
C01372,53992.62,34408.54,57603.05,36937.06,64,666.77,107283.76,0,0,15,0.1299,0.3509,0.2017,1,1,0,0,0
C01373,21851.96,11513.97,23588.03,12734.09,73,153.16,44218.49,0,1,22,0.0671,0.2587,0.1515,0,0,0,0,0
C01374,44510.66,17418.18,45402.52,14416.59,64,248.01,41332.82,1,1,49,0.4516,0.2055,0.0875,1,1,0,0,0
C01375,53021.79,18646.92,57378.19,18250.1,71,258.08,14795.31,0,1,22,0.2402,0.2549,0.134,0,0,0,0,0
C01376,57794.66,22286.93,51356.91,24618.11,65,403.96,44691.71,2,0,45,0.6336,0.3814,0.1207,0,0,0,0,0
C01377,48736.59,28522.16,47338.12,29934.21,62,480.05,72553.36,1,0,19,0.485,0.3211,0.2356,0,1,0,0,0
C01378,51301.33,23285.77,62696.54,30612.64,69,421.01,42289.26,1,0,20,0.4789,0.3133,0.1598,1,3,0,0,0
C01379,87338.17,61127.85,107475.89,60258.43,64,688.35,210852.69,0,0,11,0.1529,0.4071,0.227,0,0,0,0,0
C01380,78130.28,57494.43,89939.72,66876.48,61,1176.42,141459.22,0,1,27,0.2565,0.1527,0.0682,0,1,1,0,0
C01381,12385.02,5141.95,14639.68,5896.38,86,100.0,16947.8,0,3,12,0.4545,0.3337,0.2136,1,1,0,1,0
C01382,39009.89,19569.66,32412.95,20883.54,66,288.74,37778.3,1,0,42,0.2756,0.1583,0.0521,0,2,0,0,0
C01383,41786.34,17381.38,39118.55,18927.08,65,312.97,99682.47,1,2,34,0.3383,0.2625,0.1443,0,0,0,0,0
C01384,20454.81,9798.09,20713.93,9946.79,67,168.38,64293.41,0,2,13,0.4345,0.235,0.2135,0,0,1,0,0
C01385,46948.2,21485.47,62904.81,17472.41,74,250.81,110213.44,1,0,43,0.2868,0.243,0.2373,0,3,0,0,0
C01386,78933.32,55576.1,79914.46,60683.66,70,1075.09,122313.24,2,0,52,0.2538,0.2421,0.0431,0,1,0,0,0
C01387,27597.0,13949.34,31443.7,15363.96,67,288.75,8062.61,0,0,4,0.4429,0.3903,0.146,1,3,0,0,0
C01388,52354.76,29999.5,57349.65,33607.76,61,673.65,147003.41,5,0,14,0.3462,0.3224,0.0787,0,0,0,1,0
C01389,29801.0,19467.59,32564.59,20588.37,78,251.38,57560.03,1,1,23,0.1296,0.4076,0.1975,0,1,0,0,0
C01390,33258.22,23946.44,34827.22,27932.28,66,331.81,13833.8,1,0,16,0.5326,0.3932,0.192,0,0,0,0,0
C01391,87486.95,42478.77,79262.83,40188.37,69,547.68,227471.2,1,0,19,0.3746,0.371,0.2436,0,0,0,0,0
C01392,35251.62,15656.98,25587.75,19198.69,61,319.07,33813.28,1,0,59,0.6302,0.1174,0.0222,0,0,0,0,0
C01393,55404.35,43786.28,66696.93,40784.74,67,441.61,65726.47,2,1,37,0.2394,0.2691,0.1781,0,2,0,0,0
C01394,19387.22,9578.58,18922.32,9933.55,77,155.19,45534.33,0,0,15,0.3766,0.4219,0.0476,0,1,0,0,0
C01395,104032.71,67827.31,85925.45,76760.5,71,1331.32,85597.64,2,1,42,0.4203,0.3577,0.2233,0,1,0,0,0
C01396,59018.8,38659.0,65071.5,38203.04,67,615.41,74491.62,2,2,54,0.5333,0.2002,0.1126,0,0,0,0,0
C01397,41452.06,24096.63,45607.82,27467.28,70,411.26,103725.59,1,2,45,0.6378,0.1208,0.0748,0,1,0,1,0
C01398,58303.28,26399.81,66590.93,26633.86,91,272.9,72314.13,3,0,47,0.3341,0.2667,0.2359,0,1,0,0,0
C01399,23860.96,9870.23,28248.66,10503.66,69,195.88,11993.41,2,1,35,0.3531,0.332,0.0423,0,1,0,0,0
C01400,76615.65,43606.35,71997.38,44838.87,71,607.35,40617.92,0,0,32,0.3382,0.1393,0.2473,1,0,0,0,0
C01401,38895.14,22556.0,36755.99,22122.52,71,256.65,77250.03,0,2,21,0.1349,0.2317,0.1713,0,0,0,0,0
C01402,41051.66,28654.67,41534.24,37827.87,60,804.83,143463.73,1,1,4,0.5621,0.2742,0.1102,1,1,0,1,0
C01403,36068.41,24145.1,41428.06,22919.26,63,437.0,69485.79,0,1,57,0.0909,0.3078,0.0415,0,2,1,0,0
C01404,34652.48,26350.39,27641.71,20439.12,58,315.88,118700.5,0,0,32,0.5251,0.3816,0.0933,1,1,0,0,0
C01405,61513.97,48404.56,65536.04,46156.83,65,734.97,196330.04,1,0,20,0.5274,0.4418,0.2049,0,1,0,0,0
C01406,50492.29,34210.19,58664.7,36459.7,73,524.99,156294.42,0,1,19,0.6096,0.2236,0.1158,0,1,0,0,0
C01407,60337.22,23195.44,69804.3,23306.26,67,426.56,101106.81,1,1,28,0.3076,0.1635,0.0742,1,1,0,0,0
C01408,44822.26,23859.03,50874.49,27968.25,80,359.58,92570.44,0,0,29,0.3484,0.235,0.0449,0,0,1,0,0
C01409,56690.26,35372.51,66756.19,41310.22,70,561.16,130133.83,0,0,40,0.6437,0.2359,0.047,0,0,0,0,0
C01410,37269.7,22942.77,26846.78,23213.34,80,306.15,8503.74,1,0,41,0.2993,0.2266,0.2232,1,0,0,0,0
C01411,122736.75,52979.28,152637.42,44933.46,60,961.13,42250.79,0,0,40,0.1745,0.1613,0.0413,0,1,0,0,0
C01412,22222.24,13607.24,24214.44,12192.39,73,122.15,74809.09,2,1,21,0.1663,0.2008,0.1602,0,0,0,0,0
C01413,79367.13,40267.41,96046.78,42125.17,62,739.42,131050.66,0,1,33,0.1092,0.4467,0.1645,0,0,0,0,0
C01414,83281.03,41850.14,75706.11,36085.66,80,338.04,246317.02,1,0,11,0.2156,0.4287,0.0739,0,0,0,0,0
C01415,30667.12,22242.96,25746.3,22373.42,74,259.31,18535.83,0,1,17,0.4785,0.341,0.1333,0,1,0,0,0
C01416,122711.44,66248.22,155152.09,80859.68,64,1411.84,128897.3,2,0,15,0.2468,0.2156,0.14,0,1,1,0,0
C01417,70430.97,41366.09,66121.82,45136.2,60,847.11,26259.83,1,0,57,0.4519,0.368,0.0754,0,2,0,0,0
C01418,69663.4,42027.43,70547.99,44359.11,69,771.59,189208.92,1,1,23,0.1226,0.3832,0.0578,0,1,0,0,0
C01419,45571.04,27495.22,50733.99,25436.03,76,342.84,48011.49,0,1,23,0.3016,0.1523,0.1147,0,0,0,0,0
C01420,40809.33,18197.07,46634.71,19503.78,60,383.96,114677.46,5,1,24,0.164,0.3185,0.0934,1,0,0,0,0
C01421,40953.14,25380.87,48300.54,25862.53,90,287.91,113466.97,0,0,43,0.4744,0.4493,0.0865,0,1,1,0,0
C01422,53645.7,26854.0,57766.03,28965.7,63,377.46,28939.05,0,1,36,0.4971,0.2175,0.1553,0,1,0,0,0
C01423,84537.59,54506.38,78069.02,61987.48,55,1090.15,96631.17,1,0,26,0.4612,0.1124,0.0716,0,0,1,0,0
C01424,48825.56,20290.14,55407.04,23491.41,81,233.04,96078.05,1,1,51,0.0868,0.3943,0.0847,0,0,0,0,0
C01425,29859.79,23808.77,33941.83,25367.45,75,347.54,85460.22,0,1,13,0.5412,0.3142,0.0767,0,2,0,0,0
C01426,65212.73,45480.63,54269.76,50548.57,69,739.67,184749.03,0,0,18,0.4572,0.3929,0.1794,0,0,1,0,0
C01427,68113.83,36629.11,83115.37,36210.16,74,419.23,134799.65,0,0,14,0.5715,0.121,0.0996,0,0,0,0,0
C01428,60416.32,29338.67,45405.94,34792.97,68,507.44,150697.42,0,2,23,0.5865,0.2548,0.0733,0,0,0,0,0
C01429,62937.17,33011.23,73896.42,31147.59,73,453.22,207648.42,0,2,19,0.4736,0.1367,0.1617,0,1,0,0,0
C01430,39834.96,26870.42,38795.54,27544.97,78,339.32,61963.07,0,1,42,0.4732,0.3088,0.0822,0,0,0,0,0
C01431,29624.96,19106.13,33614.29,22896.68,59,323.72,18748.83,1,1,9,0.4296,0.1921,0.1666,1,1,0,0,0
C01432,30446.63,20275.68,33833.01,20117.54,78,328.15,19756.35,0,0,6,0.4685,0.4461,0.1037,0,2,0,0,0
C01433,21557.07,16168.88,22538.9,14375.84,68,249.78,30975.33,0,2,40,0.2163,0.2394,0.1013,1,0,0,0,0
C01434,50063.36,27801.83,55276.48,27821.57,72,319.86,29212.13,2,0,14,0.4657,0.4086,0.0639,0,0,1,1,0
C01435,43341.5,28227.65,45058.95,34353.27,66,513.22,134684.3,0,1,54,0.5748,0.3874,0.0912,0,1,0,0,0
C01436,36916.85,20255.48,41925.51,15748.87,80,182.47,73263.48,2,0,40,0.221,0.1468,0.1422,0,0,1,0,0
C01437,12000.0,7645.73,15746.79,8121.96,72,146.42,32855.81,1,1,39,0.3013,0.3865,0.0898,0,0,0,0,0
C01438,25671.2,14470.1,22823.01,14092.71,69,231.39,89304.01,2,2,29,0.2955,0.3982,0.1996,0,0,0,0,0
C01439,74518.01,52125.24,52162.6,53682.95,70,835.45,114249.5,0,2,47,0.4454,0.1281,0.0227,0,0,0,1,0
C01440,33367.45,11757.59,33371.42,11853.7,72,129.78,95002.79,1,0,40,0.4417,0.3038,0.052,0,0,0,0,0
C01441,52927.8,23662.43,52499.98,27572.83,65,345.36,138858.96,0,0,27,0.4551,0.3651,0.0846,0,1,0,0,0
C01442,24067.3,11634.06,24180.22,12290.88,72,214.89,25014.13,2,0,56,0.1183,0.25,0.2178,0,1,0,0,0
C01443,85977.01,66668.94,80717.57,78086.94,79,958.19,50034.3,0,0,19,0.6,0.1852,0.1804,0,0,0,0,0
C01444,42175.95,24384.9,48700.23,29361.75,57,365.21,9814.27,1,0,41,0.1445,0.1673,0.2126,0,0,0,0,0
C01445,51273.84,26352.62,45338.4,27764.79,58,477.79,150156.95,0,1,14,0.2263,0.2938,0.1295,0,0,0,0,0
C01446,128157.94,68172.39,141498.28,68640.07,84,875.08,440025.3,0,2,9,0.4192,0.1256,0.2227,0,1,0,0,0
C01447,89037.76,49266.38,100311.35,53959.59,77,612.78,131525.7,1,4,39,0.4148,0.2243,0.2357,0,0,0,1,0
C01448,39201.22,29029.43,42649.99,32467.17,61,508.45,76876.73,0,1,5,0.1541,0.2977,0.0498,0,0,0,0,0
C01449,34457.04,26981.63,38194.16,24596.59,77,276.52,29176.15,1,1,4,0.2457,0.2599,0.1001,1,1,0,0,0
C01450,38867.84,28368.63,45238.75,30590.68,70,421.79,107449.02,2,1,33,0.5262,0.3989,0.1177,1,1,1,1,1
C01451,56606.1,41251.44,59800.26,42058.85,67,810.12,15230.77,1,1,10,0.3733,0.3972,0.1447,0,0,0,0,0
C01452,42918.87,18865.28,43280.27,18856.95,75,245.27,27688.1,2,1,50,0.6037,0.3164,0.095,1,1,0,0,0
C01453,37667.69,17737.91,41749.53,17154.09,81,250.72,124300.11,1,0,48,0.3327,0.2214,0.2084,0,0,0,0,0
C01454,87085.82,53838.38,97714.12,52487.77,65,627.59,105069.84,0,1,24,0.2666,0.2039,0.2261,0,0,1,0,0
C01455,42745.68,27582.15,49446.56,33117.25,78,498.43,84784.5,0,0,49,0.4691,0.1942,0.034,0,0,0,0,0
C01456,126656.36,55882.99,106962.92,56236.22,67,842.61,211458.44,0,1,58,0.3946,0.3177,0.159,1,1,1,0,1
C01457,46875.57,32148.52,48186.97,38168.37,56,627.03,36830.9,0,0,43,0.3894,0.3805,0.1513,0,0,0,0,0
C01458,100489.75,44213.84,92667.21,47119.72,86,573.03,254342.43,1,1,16,0.244,0.2799,0.2246,0,0,0,0,0
C01459,52849.92,24752.51,59050.05,22625.64,88,234.08,168160.28,0,0,17,0.3068,0.3413,0.1748,0,0,0,0,0
C01460,69407.49,33874.88,78930.55,36344.09,69,624.61,143718.06,2,1,52,0.0514,0.3251,0.0976,0,0,0,0,0
C01461,32478.8,23732.13,33033.23,21535.72,55,459.49,34933.13,1,0,28,0.1981,0.1071,0.1442,0,0,0,0,0
C01462,30645.04,20821.4,29495.48,23379.46,72,272.11,92030.76,0,2,17,0.0779,0.1051,0.178,0,1,0,0,0
C01463,55341.89,32585.77,62073.44,33402.61,65,492.93,64896.32,3,0,11,0.5905,0.3183,0.0929,0,0,0,0,0
C01464,70211.45,50474.11,72599.41,58177.57,64,711.83,203191.24,3,0,39,0.2995,0.317,0.0392,0,1,0,0,0
C01465,45822.62,32800.64,55957.49,40083.22,72,391.56,138811.1,0,1,38,0.6405,0.4248,0.173,1,1,0,0,0
C01466,25223.74,13253.18,31851.38,11155.98,78,125.56,75863.18,1,0,32,0.3321,0.1661,0.1467,0,0,0,0,0
C01467,24399.1,17119.55,28549.03,17028.17,78,226.25,62951.12,1,0,34,0.1046,0.4385,0.2074,0,0,1,0,0
C01468,23675.75,10483.84,25520.53,9486.46,75,146.17,79675.61,1,0,33,0.4778,0.2908,0.0387,0,0,0,0,0
C01469,20312.42,11709.16,25777.86,15327.18,76,256.11,64034.43,3,0,53,0.4195,0.3074,0.2313,0,1,0,0,0
C01470,47272.6,19060.73,51001.77,19006.64,61,297.16,155103.47,2,0,13,0.4203,0.3318,0.08,0,0,1,0,0
C01471,74659.09,40469.52,74098.9,36106.36,76,333.54,120609.77,1,1,47,0.6252,0.3843,0.1537,0,0,1,0,0
C01472,44729.15,26129.19,43340.72,34460.23,73,514.52,44740.52,1,0,30,0.5583,0.132,0.11,0,2,0,0,0
C01473,16272.49,6280.58,15712.39,6047.39,62,100.0,56816.16,0,1,18,0.4617,0.3535,0.0661,0,1,0,0,0
C01474,41298.26,23051.68,43331.6,19717.87,62,332.54,27281.42,0,1,33,0.2728,0.3736,0.1545,1,0,0,0,0
C01475,41821.18,26901.55,46236.26,24507.1,61,390.15,88781.63,0,0,7,0.5597,0.2499,0.1506,0,0,0,0,0
C01476,115568.33,72385.03,101721.06,77248.07,66,1014.65,286780.79,1,0,26,0.3574,0.3511,0.0492,0,0,0,0,0
C01477,23358.25,8746.71,23267.83,9232.07,72,112.74,32165.17,0,0,30,0.5968,0.1618,0.0632,0,1,0,0,0
C01478,37745.17,14830.19,40596.52,14083.93,57,223.69,42349.94,1,1,18,0.0554,0.1047,0.1349,0,0,0,0,0
C01479,96959.77,49266.26,109296.47,48862.0,61,644.64,66812.56,0,1,43,0.5771,0.3958,0.0566,0,1,0,0,0
C01480,55100.17,40179.51,57683.77,42444.42,76,627.42,18409.29,0,2,40,0.1531,0.4429,0.0339,0,1,0,0,0
C01481,57983.2,42988.18,62583.65,51967.1,78,624.1,198572.52,0,0,25,0.3656,0.4388,0.1466,0,0,0,0,0
C01482,47381.2,23184.84,42708.34,25271.33,76,376.03,77987.88,0,1,47,0.464,0.225,0.0533,0,0,0,0,0
C01483,52202.85,35158.69,49101.25,34540.61,67,541.01,60416.75,2,2,60,0.4856,0.3318,0.118,0,1,0,1,0
C01484,63853.21,38939.33,66579.52,39818.93,65,512.29,51739.26,4,1,26,0.4559,0.1899,0.0379,0,0,0,0,0
C01485,31261.7,24776.15,34740.07,28303.41,64,394.81,30173.9,1,0,37,0.3061,0.1553,0.1572,0,1,0,0,0
C01486,66805.73,26227.25,72000.3,32826.23,81,508.35,129295.28,1,1,25,0.3177,0.3437,0.2165,0,0,0,0,0
C01487,24259.57,14471.96,23001.49,13277.25,70,180.77,24435.79,0,0,57,0.5622,0.1813,0.0416,0,2,0,0,0
C01488,52165.85,32167.65,53293.29,38076.63,72,406.12,57243.6,0,2,4,0.4086,0.1885,0.2315,1,0,0,0,0
C01489,48769.05,23821.29,60055.21,24118.26,69,379.57,168618.81,0,0,54,0.3283,0.4089,0.192,0,0,0,0,0
C01490,34101.13,12655.92,38033.37,10821.98,76,128.92,73519.81,2,1,59,0.129,0.4069,0.2157,0,0,0,0,0
C01491,44542.96,16634.44,45901.34,13828.74,65,208.37,23956.26,0,2,33,0.2791,0.3055,0.2187,0,1,0,0,0
C01492,34005.4,18843.35,31519.59,22802.36,73,257.34,91431.7,1,0,11,0.3373,0.407,0.082,0,0,0,0,0
C01493,27782.24,18381.1,26793.06,22505.87,67,237.71,12771.56,0,0,55,0.6266,0.1174,0.031,0,0,0,0,0
C01494,38379.98,25525.72,40329.33,25058.86,75,351.09,48029.91,0,0,7,0.2905,0.1831,0.2074,0,0,0,0,0
C01495,27381.5,11813.38,29657.28,12103.31,66,176.14,36131.83,0,0,31,0.0689,0.1225,0.0248,0,0,0,0,0
C01496,52035.25,38302.49,58168.52,32025.36,55,549.25,129464.86,0,2,36,0.1402,0.2126,0.1832,0,1,0,0,0
C01497,26819.36,13938.64,29408.99,15910.19,76,262.48,12043.31,0,2,49,0.1755,0.4459,0.1188,0,0,0,0,0
C01498,61994.9,48601.87,62340.31,50866.44,81,538.0,130762.83,1,0,46,0.1331,0.3946,0.1652,0,1,0,0,0
C01499,26443.14,10661.13,26143.47,9208.3,77,125.79,51371.85,2,0,33,0.2391,0.1128,0.058,0,0,0,0,0
C01500,34877.08,25334.87,45188.09,27224.06,75,434.18,45607.03,0,0,23,0.2649,0.1056,0.2453,0,1,0,0,0
C01501,33973.84,25777.73,33403.9,22768.64,59,375.48,60773.42,1,0,50,0.4082,0.3152,0.2252,0,0,0,0,0
C01502,81693.83,58836.22,73115.62,65714.16,77,983.09,141953.83,0,1,54,0.155,0.2716,0.0908,0,0,0,0,0
C01503,52210.99,37277.52,44554.45,34297.68,76,467.39,178314.94,0,1,43,0.0879,0.3296,0.1631,0,0,0,0,0
C01504,40910.32,20970.2,41221.94,22866.92,62,335.85,98786.15,1,1,60,0.6389,0.1936,0.0539,0,1,1,0,0
C01505,56322.06,37792.35,65491.18,36720.41,66,692.26,66254.01,1,0,23,0.5235,0.4039,0.0219,0,0,1,0,0
C01506,17434.06,10647.09,17100.83,8156.9,57,132.52,49284.68,1,0,47,0.2153,0.2686,0.2281,0,0,0,0,0
C01507,44134.97,23877.71,54166.92,27925.92,72,378.28,74343.86,1,0,20,0.4294,0.1999,0.0403,0,0,1,0,0
C01508,110558.4,88104.02,115989.71,103620.2,79,1427.92,57247.21,1,1,44,0.6436,0.3446,0.078,0,1,0,0,0
C01509,47761.43,22959.14,56508.79,22669.53,64,374.11,31774.93,0,1,47,0.1163,0.4029,0.2008,0,0,0,0,0
C01510,46396.47,24864.56,44497.62,26926.6,80,339.11,96033.54,1,0,55,0.6048,0.2255,0.0298,0,0,0,0,0
C01511,57588.35,43553.35,55338.6,48021.11,75,713.3,42584.78,0,0,58,0.451,0.1748,0.2176,0,0,0,0,0
C01512,67335.32,32324.57,71437.75,35765.8,61,654.48,198602.08,2,1,41,0.2303,0.1117,0.2327,0,1,1,0,0
C01513,18316.5,7669.24,20292.97,9640.78,78,125.79,13454.88,0,0,25,0.5824,0.2085,0.1911,0,0,0,0,0
C01514,21107.23,10331.99,21709.32,11365.35,69,165.27,30029.56,1,0,5,0.4996,0.411,0.0747,0,2,0,0,0
C01515,49466.4,34215.42,53675.78,34457.71,68,404.78,100697.95,0,2,52,0.1424,0.3947,0.1898,0,1,1,0,0
C01516,32621.38,24039.82,36556.12,26476.25,79,377.55,113875.35,0,1,59,0.1353,0.3252,0.0473,0,0,0,0,0
C01517,81212.88,32606.99,71429.92,32555.02,82,514.0,28865.65,1,1,36,0.2274,0.2573,0.0625,0,0,0,0,0
C01518,39049.65,24592.33,39404.52,22677.41,75,264.42,89334.09,0,1,40,0.4192,0.2464,0.2227,0,2,1,0,0
C01519,18842.66,11405.07,18611.99,13644.67,78,143.47,34715.94,2,1,55,0.324,0.2177,0.2479,0,1,0,0,0
C01520,25433.22,16555.98,25270.08,18445.01,72,323.73,43045.33,0,3,36,0.4676,0.3614,0.0244,0,1,1,0,0
C01521,13056.79,8512.71,14347.13,7036.65,73,100.0,12868.28,0,1,57,0.5061,0.1801,0.0525,0,1,0,0,0
C01522,40500.16,31661.42,40071.88,30646.99,63,542.58,9165.44,2,2,6,0.1287,0.356,0.1012,0,0,0,0,0
C01523,41342.44,20916.72,33462.19,23864.24,72,325.7,118472.49,1,0,49,0.2267,0.2034,0.0558,0,0,0,0,0
C01524,37175.66,18026.3,37979.32,15544.82,74,217.96,99885.07,3,1,12,0.278,0.1009,0.1144,0,0,0,0,0
C01525,73124.1,44719.15,67440.26,42914.64,76,508.4,41484.09,0,1,10,0.1553,0.1413,0.0922,0,1,1,0,0
C01526,77168.89,41921.1,85623.5,57405.96,70,953.26,154642.68,1,0,44,0.6436,0.2354,0.234,0,1,0,0,0
C01527,41678.6,23472.94,47792.16,23714.01,78,304.76,54568.57,0,1,32,0.3957,0.2087,0.2297,0,1,0,0,0
C01528,17219.64,6563.69,13586.65,7744.65,75,102.15,9575.42,1,0,9,0.2113,0.3185,0.1216,0,0,0,0,0
C01529,59408.61,24756.1,56859.52,30451.39,71,444.56,101958.07,4,0,56,0.2706,0.1588,0.0863,0,0,0,0,0
C01530,57776.07,44540.65,63114.85,41911.87,63,839.9,12398.47,1,0,28,0.203,0.1838,0.1663,0,1,0,0,0
C01531,51722.28,19692.28,45563.97,21306.34,66,384.48,90512.66,1,0,36,0.6362,0.2853,0.0445,0,0,0,0,0
C01532,69988.32,43082.4,80060.99,55880.39,71,579.22,46794.41,1,1,25,0.5785,0.3874,0.1672,1,1,0,0,0
C01533,26642.02,18371.24,31328.84,20302.85,72,258.15,36360.76,2,1,8,0.2483,0.3246,0.0793,0,2,0,0,0
C01534,111119.08,39484.9,114514.67,52667.41,69,604.86,160266.92,3,2,32,0.53,0.3675,0.1571,1,0,0,1,0
C01535,29221.95,13156.79,27969.22,12809.1,56,285.27,12834.65,2,1,38,0.4789,0.275,0.1123,0,0,0,0,0
C01536,63042.73,32762.2,48715.13,41465.53,61,576.27,141155.0,1,3,4,0.6224,0.1928,0.1246,0,0,0,1,0
C01537,21059.59,12173.87,24169.73,12806.92,73,203.5,39742.14,3,1,56,0.1753,0.295,0.0777,1,0,0,0,0
C01538,29607.96,14914.06,38203.29,15073.68,72,223.75,70413.51,1,0,54,0.107,0.2038,0.2305,0,1,0,0,0
C01539,89034.9,57164.83,112671.71,64413.6,78,958.12,259962.28,1,3,30,0.4368,0.4386,0.1704,0,0,0,0,0
C01540,40015.13,18081.99,41079.66,18744.24,73,282.85,50785.33,2,0,12,0.4967,0.2034,0.0709,1,0,0,0,0
C01541,65669.05,23737.21,60341.9,24683.18,73,295.03,122810.59,0,1,52,0.0992,0.331,0.0625,0,0,0,0,0
C01542,50063.51,17557.62,57598.82,19457.76,88,220.88,138238.99,4,1,37,0.4605,0.2326,0.0615,1,0,0,0,0
C01543,42924.01,21697.25,44416.72,18075.37,77,188.6,58727.05,1,0,4,0.5566,0.303,0.0911,0,1,0,1,0
C01544,83129.13,42624.31,92055.18,40670.47,77,443.1,168979.88,0,0,3,0.421,0.1189,0.1243,1,0,0,0,0
C01545,40454.02,31427.59,43946.42,35724.28,71,389.73,82981.75,0,0,39,0.4373,0.1334,0.2201,0,0,0,0,0
C01546,20192.89,7474.42,21427.89,8737.48,74,144.72,21256.54,2,2,54,0.4373,0.1797,0.2353,0,0,0,1,0
C01547,31349.69,18450.21,36786.41,20163.63,80,219.63,61413.74,1,0,59,0.4622,0.127,0.076,0,1,0,0,0
C01548,57667.79,35178.27,67925.74,38101.75,68,436.43,57724.79,0,1,56,0.5142,0.3,0.1585,0,1,0,0,0
C01549,53766.02,35736.86,53081.98,39249.12,54,613.87,37119.15,0,1,10,0.4231,0.3249,0.0682,0,2,0,0,0
C01550,22230.97,14170.7,20879.91,16507.95,69,205.25,62970.89,1,2,11,0.2932,0.1969,0.0721,0,0,0,0,0
C01551,32482.72,11487.93,24365.49,10096.2,57,137.31,98898.82,1,1,33,0.2393,0.24,0.0625,0,0,0,0,0
C01552,34635.8,21970.73,34928.84,21726.05,61,398.38,98669.51,0,1,52,0.2919,0.1984,0.1768,0,0,0,0,0
C01553,38175.78,18899.86,35075.94,19676.04,72,300.57,85497.97,1,0,8,0.2141,0.4291,0.1579,0,0,0,0,0
C01554,24227.82,16905.95,26657.95,18148.45,65,294.16,10812.7,0,0,12,0.4872,0.3799,0.2322,0,0,0,0,0
C01555,33916.29,14745.6,34245.14,11749.93,66,217.47,66193.01,1,0,27,0.1363,0.1014,0.1592,0,2,0,0,0
C01556,32420.4,21795.99,33156.62,19597.05,80,179.4,108302.72,0,1,60,0.6133,0.2847,0.0806,0,0,0,0,0
C01557,63678.85,40211.47,73067.4,42141.65,58,773.23,203153.16,1,0,45,0.254,0.2529,0.0692,1,0,0,0,0
C01558,64765.11,41678.35,71090.76,48829.39,82,626.92,185368.35,1,2,32,0.2043,0.2935,0.1878,0,2,0,0,0
C01559,42142.12,18086.41,43659.12,18081.26,89,229.61,104993.48,1,1,53,0.6294,0.3246,0.0884,0,1,0,0,0
C01560,37722.04,24561.89,47241.99,23824.37,83,257.0,70466.58,0,0,35,0.1448,0.1641,0.0396,0,0,0,0,0
C01561,47924.58,32667.32,54565.86,36373.11,65,534.71,78987.82,2,1,53,0.5327,0.1011,0.0642,1,0,0,0,0
C01562,31162.13,17769.73,31165.15,17958.65,64,253.47,67037.73,1,1,32,0.1842,0.3213,0.0364,0,0,0,0,0
C01563,26858.65,13514.32,27005.02,15618.61,72,202.65,47323.53,2,0,48,0.4947,0.2269,0.0969,0,1,1,0,0
C01564,29475.6,12525.65,33737.94,12819.26,68,204.36,46042.45,1,1,44,0.368,0.1534,0.1174,0,1,0,0,0
C01565,33818.11,16249.0,36332.2,14886.92,69,184.46,73518.45,2,0,52,0.2888,0.2506,0.1607,0,0,0,0,0
C01566,26658.27,18493.45,24404.6,22570.72,67,411.26,86012.85,0,0,15,0.4718,0.1987,0.0223,0,0,0,0,0
C01567,48404.33,25859.06,56021.5,30991.34,75,535.66,44600.92,0,2,30,0.2836,0.1664,0.1472,0,0,0,0,0
C01568,62491.75,41633.31,75044.33,38941.41,81,459.42,40457.92,0,1,33,0.2796,0.4468,0.0903,0,1,0,0,0
C01569,22031.39,15048.34,26256.28,16515.32,64,334.04,15854.19,0,1,49,0.3601,0.1535,0.224,0,0,0,0,0
C01570,45511.74,29736.31,56212.92,30057.45,75,396.46,114112.04,0,1,7,0.4718,0.292,0.1708,0,1,0,0,0
C01571,40759.6,26619.78,52918.34,29928.29,66,322.81,125178.17,0,1,48,0.6488,0.3836,0.1477,0,0,0,0,0
C01572,52475.24,32789.87,65992.6,30983.72,55,699.37,143262.64,0,1,17,0.5926,0.2979,0.1069,0,0,0,0,0
C01573,44738.75,26095.66,48804.58,30130.6,78,348.37,68587.68,0,0,36,0.608,0.4418,0.1304,0,1,0,0,0
C01574,23395.48,10271.03,23980.1,12257.38,70,128.92,48317.66,1,0,8,0.5894,0.1245,0.0207,1,1,0,1,0
C01575,25497.68,18594.47,21174.49,17410.36,55,256.6,9002.54,0,1,4,0.3739,0.2352,0.1772,0,0,1,0,0
C01576,45599.79,35746.54,47939.25,37824.27,64,670.47,79043.91,2,2,59,0.3511,0.1361,0.2388,0,0,0,0,0
C01577,71494.03,40030.78,79522.54,47873.44,88,456.87,190200.2,1,1,18,0.4606,0.18,0.243,0,0,0,0,0
C01578,16614.54,12792.49,17532.1,11894.92,71,190.98,46747.43,0,0,12,0.5904,0.4164,0.113,0,0,0,0,0
C01579,52574.93,42012.5,43290.91,40741.24,80,610.59,116657.52,0,1,31,0.5905,0.3211,0.1882,0,1,0,1,0
C01580,76860.52,43717.36,78059.97,49374.76,73,842.79,226415.28,0,0,25,0.3366,0.2467,0.1267,0,0,0,0,0
C01581,42005.51,28394.04,47358.69,29266.23,86,423.25,56260.22,1,0,43,0.5517,0.2683,0.1242,0,1,0,0,0
C01582,57642.12,36873.99,53427.92,31747.29,84,305.51,28233.84,1,1,5,0.5815,0.37,0.0836,0,2,0,0,0
C01583,32795.18,14979.82,35087.0,15153.2,56,280.09,62414.35,0,1,7,0.383,0.1445,0.1881,0,1,0,1,0
C01584,42646.61,15830.0,46987.83,19939.04,73,335.96,148234.17,0,4,13,0.6282,0.1992,0.1853,0,2,1,1,0
C01585,21698.68,12021.28,25694.62,15598.17,63,209.41,68105.34,0,0,23,0.4493,0.4414,0.1622,0,0,0,0,0
C01586,15669.37,11035.03,19673.1,10743.15,68,205.3,48442.42,0,1,13,0.399,0.2721,0.1704,0,1,0,0,0
C01587,68779.59,34136.04,69100.17,32101.66,87,421.32,151271.47,1,1,22,0.6493,0.3512,0.0635,0,0,0,0,0
C01588,28887.67,20307.96,30969.05,20207.2,59,431.62,96723.11,0,1,18,0.2468,0.3121,0.1496,0,0,0,0,0
C01589,36659.59,23633.0,39438.69,29924.76,72,368.45,74997.58,0,1,11,0.1822,0.1689,0.2436,0,0,0,0,0
C01590,24113.3,15986.96,27197.99,18401.81,50,302.37,39507.39,2,2,56,0.3447,0.2095,0.2342,0,0,0,0,0
C01591,23859.35,11418.69,26590.97,13995.77,71,250.3,56629.78,1,0,28,0.1962,0.4245,0.1032,0,2,0,0,0
C01592,41613.95,23367.12,50810.66,27335.84,64,371.16,84392.94,0,2,42,0.5313,0.3203,0.0658,1,0,0,0,0
C01593,32406.3,13991.96,24960.77,12476.3,60,258.38,81129.73,0,1,46,0.5102,0.2935,0.0297,0,0,1,0,0
C01594,53343.36,24589.22,58686.36,23018.91,67,275.58,77148.89,1,2,56,0.4687,0.1315,0.0774,0,1,1,0,0
C01595,55163.68,21537.69,61148.35,20815.3,56,340.14,188226.11,1,2,60,0.3028,0.1699,0.1327,0,0,0,0,0
C01596,51989.66,21162.29,53121.6,20894.86,57,394.87,172082.28,0,0,4,0.2392,0.1711,0.0612,0,0,0,0,0
C01597,50100.59,22281.29,38994.24,21581.73,75,358.87,142779.07,1,0,50,0.6466,0.1414,0.1019,0,0,0,0,0
C01598,91529.21,55934.0,95435.72,54958.74,65,825.9,28724.26,1,1,60,0.3102,0.3301,0.1628,0,3,0,0,0
C01599,27833.64,15268.0,26852.02,17204.88,58,314.28,29757.07,0,1,52,0.496,0.3911,0.1314,0,0,0,0,0
C01600,43901.21,20638.96,54935.98,22007.23,67,294.25,144283.23,0,3,48,0.2759,0.3868,0.0851,0,0,0,0,0
C01601,74916.41,55250.89,82036.08,66100.7,73,739.92,215562.8,0,0,24,0.3892,0.2708,0.09,0,1,0,0,0
C01602,79495.9,46609.75,75882.16,50348.81,76,758.15,82270.37,1,1,3,0.3009,0.4454,0.1542,1,0,0,0,0
C01603,23733.06,18165.26,19073.84,17599.36,60,334.66,49559.85,0,0,49,0.327,0.3962,0.1701,0,2,0,0,0
C01604,39099.22,24856.71,43825.3,26661.69,57,569.92,11290.86,0,0,56,0.6453,0.177,0.1959,0,1,0,0,0
C01605,82915.08,29609.34,93987.39,25719.94,75,271.06,243360.59,1,1,41,0.5697,0.2712,0.2168,0,0,0,0,0
C01606,56559.78,43045.61,57923.25,33256.16,47,520.19,103553.62,1,1,24,0.2477,0.375,0.1788,0,0,1,0,0
C01607,49133.0,36154.93,55148.89,40753.32,58,755.44,89346.67,0,1,22,0.0516,0.1937,0.134,1,0,0,0,0
C01608,40800.91,25944.16,41135.78,30411.67,59,511.99,26976.3,3,0,49,0.308,0.1358,0.0656,0,0,0,0,0
C01609,37862.16,22363.21,44604.11,23674.94,95,268.0,11825.4,2,0,25,0.0983,0.266,0.2422,1,1,0,0,0
C01610,51231.83,28373.05,59896.27,28459.39,64,374.98,169855.21,1,0,35,0.3757,0.3568,0.1405,0,0,0,0,0
C01611,40168.94,22774.93,34277.32,20246.36,71,340.87,104925.71,0,2,49,0.1006,0.1865,0.0632,0,1,0,0,0
C01612,44145.99,30732.2,38962.24,36572.27,74,477.88,46994.77,1,1,56,0.3745,0.4178,0.1724,0,1,0,1,0
C01613,46620.11,27082.26,60314.94,30037.03,72,461.56,13106.67,0,4,15,0.5379,0.403,0.073,1,0,1,1,1
C01614,33166.17,14235.29,38534.56,15444.44,81,155.78,76234.84,0,0,21,0.1888,0.1229,0.1022,0,0,0,0,0
C01615,57175.23,21508.17,51372.76,22571.13,67,245.85,175376.76,1,2,45,0.1424,0.405,0.2431,0,2,0,0,0
C01616,167013.15,67938.25,143890.92,67506.94,60,1029.22,292602.48,0,1,10,0.1209,0.4294,0.0765,0,1,0,0,0
C01617,20227.0,9368.11,21742.67,8584.99,77,106.54,48504.41,2,0,33,0.3,0.371,0.2089,0,0,1,0,0
C01618,52063.71,26837.82,47530.11,28993.55,65,427.2,174226.03,0,1,48,0.3528,0.2741,0.0465,0,0,0,0,0
C01619,31962.93,24022.93,32346.33,23671.65,75,266.27,57405.39,1,1,12,0.1513,0.2617,0.2013,0,2,0,0,0
C01620,58352.0,26701.25,60938.54,26677.88,69,379.07,168108.8,0,0,46,0.4662,0.3664,0.1091,0,0,0,0,0
C01621,45952.73,22692.35,47751.66,28504.8,81,353.13,61823.97,0,0,27,0.3502,0.2535,0.1307,0,1,0,0,0
C01622,63402.11,28553.55,75143.2,29816.5,72,361.05,15262.71,0,0,58,0.2029,0.4114,0.2145,0,0,0,0,0
C01623,76373.86,45487.03,97007.84,34372.06,65,475.51,230226.9,2,0,39,0.0628,0.2516,0.1708,0,0,0,0,0
C01624,49070.2,30800.83,48703.64,30361.76,74,424.92,163527.91,0,0,24,0.4526,0.1841,0.1455,0,0,0,0,0
C01625,74894.92,44147.36,68477.99,41049.36,69,432.43,29278.62,2,1,34,0.302,0.3913,0.1625,0,0,0,0,0
C01626,15669.69,12196.28,17184.35,12602.34,73,125.12,36711.06,0,1,4,0.3275,0.3992,0.2232,0,0,0,1,0
C01627,92053.14,73451.05,114677.74,64568.48,80,774.44,233423.75,2,2,3,0.4452,0.3056,0.2213,0,2,1,1,0
C01628,53273.58,38720.74,53359.57,42671.64,82,383.84,162929.46,1,1,48,0.5585,0.3527,0.0819,0,1,0,1,0
C01629,73090.03,52068.12,84202.86,52821.65,76,797.78,177290.5,0,0,50,0.2643,0.443,0.2219,1,1,1,0,1
C01630,25990.17,13377.76,24678.8,13282.97,68,205.51,75666.5,0,0,24,0.4601,0.3271,0.02,0,1,0,0,0
C01631,30963.72,18915.81,32590.94,20201.22,69,209.55,81181.78,1,1,45,0.4584,0.2189,0.1233,0,2,0,0,0
C01632,48054.45,24419.47,43756.79,25415.82,70,325.94,70207.66,1,1,30,0.2135,0.3796,0.1962,0,1,0,0,0
C01633,44656.3,31391.6,46947.16,32453.73,76,321.45,28630.65,1,1,20,0.1694,0.4309,0.2258,1,0,0,0,0
C01634,51113.23,21841.91,52954.6,22346.41,55,505.33,161105.87,0,2,54,0.5887,0.2357,0.2119,0,1,0,0,0
C01635,73309.8,32806.3,82325.06,34366.65,72,423.11,244893.26,1,0,37,0.185,0.3587,0.0685,0,1,0,0,0
C01636,20334.39,7471.1,25689.8,8152.33,79,100.0,5662.1,0,1,60,0.1017,0.2441,0.1569,0,1,0,0,0
C01637,69747.46,43524.01,69979.9,46838.65,65,844.74,176087.17,1,0,41,0.1603,0.2058,0.14,0,1,0,0,0
C01638,45168.02,29803.77,36587.57,35324.19,72,407.13,23629.08,0,0,25,0.5571,0.2113,0.2301,0,1,1,0,0
C01639,41056.97,14432.06,42114.09,14206.88,68,172.31,104168.9,0,0,15,0.5749,0.1922,0.0936,0,0,0,0,0
C01640,23211.8,13459.44,25206.11,14517.02,64,268.65,21033.26,1,1,31,0.5662,0.3964,0.2337,0,1,0,0,0
C01641,56431.89,29321.64,60620.71,39394.58,67,599.65,193326.84,1,0,35,0.268,0.3976,0.1825,0,1,0,0,0
C01642,15185.09,10729.35,15657.49,11213.09,64,149.62,40288.71,0,1,56,0.5975,0.2901,0.0739,0,0,0,0,0
C01643,60246.22,22140.54,74014.03,23241.77,52,355.17,151663.27,1,1,9,0.614,0.1957,0.1343,0,1,0,0,0
C01644,22993.58,8550.27,24519.1,7681.5,68,132.72,21192.24,2,2,8,0.3344,0.2956,0.16,0,0,0,1,0
C01645,46095.65,28998.5,47820.75,27966.58,72,319.42,45474.24,2,0,39,0.4854,0.2051,0.1071,0,0,0,0,0
C01646,42650.39,26282.77,40802.58,27261.44,78,347.64,86727.5,0,0,41,0.1601,0.1786,0.1262,0,1,0,0,0
C01647,76169.01,55145.64,64012.03,61433.04,56,893.01,55604.56,0,1,53,0.3289,0.1605,0.0255,1,1,0,0,0
C01648,41523.84,25600.28,45240.55,28874.55,73,366.03,51814.71,1,1,21,0.1204,0.2563,0.1738,0,2,1,0,0
C01649,32927.24,25591.6,35543.31,27873.17,77,271.61,106063.72,0,0,8,0.5748,0.2298,0.182,0,0,0,0,0
C01650,35826.62,17607.82,33063.69,20187.22,85,167.7,60931.58,0,1,11,0.2604,0.2728,0.2493,0,1,0,0,0
C01651,79794.91,42216.67,83359.77,39264.83,58,708.11,105854.87,2,1,57,0.0821,0.3975,0.0737,1,1,0,0,0
C01652,57282.55,45250.56,59157.86,50167.94,68,768.4,173551.98,1,0,29,0.367,0.2539,0.0466,0,0,1,0,0
C01653,37831.0,15071.34,36887.5,15849.06,73,176.7,90998.46,0,1,12,0.1756,0.2978,0.1233,0,0,0,0,0
C01654,40457.89,28650.54,38629.3,30512.47,76,328.58,68313.0,0,1,8,0.4378,0.3778,0.023,0,1,0,0,0
C01655,22229.78,7896.15,24421.85,7947.65,60,154.17,60950.34,1,0,30,0.509,0.3922,0.101,0,0,0,0,0
C01656,53596.08,30492.47,54823.57,28529.86,74,373.19,48261.32,0,1,55,0.2483,0.1137,0.0995,1,0,0,0,0
C01657,20383.9,8541.49,19957.49,7723.06,70,117.22,11202.52,1,2,21,0.3466,0.3997,0.1506,0,1,0,0,0
C01658,63115.79,39099.46,59745.36,42559.0,77,479.71,72885.87,2,0,31,0.1353,0.3478,0.1408,0,0,0,0,0
C01659,47681.44,33814.56,49321.77,37525.44,72,548.12,59276.14,1,1,11,0.4371,0.3371,0.2208,0,0,0,0,0
C01660,131734.8,48065.95,152935.94,49721.9,64,738.79,417715.5,0,1,8,0.3787,0.1748,0.1801,0,0,0,0,0
C01661,27429.02,11621.61,29480.62,12182.03,74,142.33,93183.02,0,0,24,0.1183,0.3356,0.237,0,0,0,0,0
C01662,42968.38,21663.57,43894.15,20874.47,70,307.81,16296.53,0,1,15,0.6167,0.2583,0.1177,0,1,0,0,0
C01663,101077.95,47012.32,109873.63,52200.94,62,624.33,317572.07,0,0,24,0.5827,0.4342,0.196,0,1,0,0,0
C01664,76921.69,40187.65,93361.86,42489.4,59,558.85,225319.51,1,0,58,0.2363,0.1406,0.143,0,0,0,0,0
C01665,32896.53,25604.71,36477.3,25761.57,84,296.27,27113.6,2,0,59,0.4442,0.4148,0.0991,0,1,0,1,0
C01666,49771.76,19686.86,53814.43,22717.26,65,309.21,87775.4,0,0,49,0.573,0.4037,0.1238,0,1,0,0,0
C01667,45040.51,24343.35,50743.69,27444.76,73,445.18,81056.75,0,1,36,0.1461,0.1328,0.1802,0,0,0,0,0
C01668,51087.64,28388.95,52673.32,24576.19,68,295.62,45002.58,2,0,54,0.3254,0.1342,0.0768,1,1,0,0,0
C01669,32860.01,15646.42,35228.82,16521.03,66,195.35,47999.35,1,1,20,0.4432,0.1751,0.1492,0,1,0,0,0
C01670,43227.13,20547.06,42852.15,19211.74,68,209.07,31639.81,3,0,28,0.564,0.1005,0.2289,0,0,1,0,0
C01671,21923.06,14724.37,18940.07,15707.11,66,283.19,44914.55,0,0,8,0.6045,0.1815,0.0327,0,0,0,0,0
C01672,47821.15,30033.1,52179.59,21023.17,77,332.03,63129.54,2,2,46,0.1889,0.3798,0.1703,0,1,0,0,0
C01673,55101.22,39440.04,60148.58,42345.09,71,739.96,95017.22,0,0,44,0.6315,0.3789,0.1576,0,0,0,0,0
C01674,40622.57,21622.7,41251.18,24551.24,69,438.43,74535.65,0,1,12,0.2716,0.1405,0.2398,0,1,0,0,0
C01675,21756.0,13554.42,25548.04,14051.94,60,286.74,42065.43,1,0,58,0.4224,0.421,0.2109,0,1,0,0,0
C01676,70210.78,52806.56,67641.6,48066.31,78,791.81,56675.26,0,1,41,0.1918,0.4377,0.2295,0,0,0,0,0
C01677,53021.57,38869.99,44402.06,49938.79,70,669.85,12878.45,1,0,5,0.4295,0.1653,0.2201,0,0,1,1,0
C01678,32458.28,24798.47,31365.94,29478.32,81,398.46,67878.45,1,0,39,0.3611,0.3112,0.0493,0,0,0,0,0
C01679,39661.95,18682.32,34311.05,18425.86,69,193.65,47692.63,0,1,59,0.0875,0.1417,0.0916,0,0,0,0,0
C01680,22905.14,18173.84,24979.53,18513.28,89,253.72,9462.55,2,1,15,0.1541,0.2775,0.228,0,2,0,0,0
C01681,28367.04,20349.82,27225.29,16529.68,73,178.23,40834.4,0,0,6,0.2627,0.2865,0.1088,0,1,0,0,0
C01682,35326.99,24999.62,41267.68,27669.79,71,432.25,122318.63,0,0,13,0.1501,0.1605,0.1896,1,0,0,0,0
C01683,78214.25,50871.36,91170.9,45056.32,66,611.56,175161.77,1,0,29,0.1085,0.3963,0.1321,1,0,0,0,0
C01684,33746.81,26743.36,31688.36,30219.03,60,530.19,87271.87,1,1,15,0.2665,0.2005,0.0924,1,1,0,0,0
C01685,60024.85,32935.84,57205.31,38637.47,67,678.12,179131.66,1,1,47,0.4471,0.1343,0.0937,0,0,0,0,0
C01686,35318.97,24147.32,39350.02,25151.09,68,371.84,85938.31,1,0,39,0.5186,0.2682,0.0934,0,1,0,0,0
C01687,50311.76,33430.41,58743.05,30831.71,75,522.21,83177.2,2,1,59,0.3202,0.1506,0.0422,1,2,0,0,0
C01688,42225.93,28689.99,34139.05,34424.6,82,371.76,129394.04,0,0,22,0.1711,0.3258,0.1765,0,0,0,0,0
C01689,66655.53,45869.61,72241.29,48175.03,72,693.32,80455.65,0,1,7,0.5388,0.2548,0.1688,0,2,1,1,0
C01690,35374.72,15417.72,27814.76,16361.09,67,296.65,36775.62,0,1,28,0.3503,0.3716,0.1007,1,0,0,0,0
C01691,22176.31,11245.01,21825.44,10550.25,72,151.06,23449.64,0,3,52,0.5158,0.3278,0.0943,0,0,0,1,0
C01692,24162.1,12721.69,28541.21,13652.49,70,199.06,32668.75,2,1,55,0.4852,0.1712,0.1082,0,0,0,0,0
C01693,35421.45,24320.37,49985.78,24944.2,67,346.94,97948.32,1,1,23,0.127,0.3323,0.2209,0,3,0,0,0
C01694,25651.08,17245.52,26198.5,15358.54,68,263.5,14265.25,0,1,9,0.2184,0.1827,0.0472,0,0,1,0,0
C01695,54122.93,39239.92,48729.37,47511.66,76,572.33,104303.88,0,1,54,0.5846,0.2439,0.1677,0,0,0,0,0
C01696,36491.04,25720.11,36067.05,32435.51,65,423.58,79593.7,1,0,55,0.5296,0.3338,0.0403,0,0,0,0,0
C01697,131004.99,80989.28,138593.9,94934.37,82,899.78,428396.95,0,2,60,0.0587,0.4295,0.2349,0,0,0,0,0
C01698,20587.64,8502.22,19961.18,9813.77,76,123.51,30208.92,3,0,27,0.338,0.3252,0.0859,0,0,0,0,0
C01699,49318.41,31364.28,46311.03,39575.84,69,499.9,87574.72,0,0,29,0.4472,0.1761,0.2357,0,1,0,0,0
C01700,27087.81,20293.55,27054.7,18757.34,87,278.94,66934.74,0,1,53,0.3912,0.2054,0.0301,0,0,0,0,0
C01701,36040.09,23045.06,39552.89,21267.35,70,324.07,26893.9,4,0,57,0.3085,0.1637,0.2236,0,1,0,0,0
C01702,47956.83,36113.02,49379.75,36122.87,63,742.81,74082.56,0,3,52,0.4999,0.2477,0.0223,0,3,0,1,0
C01703,15803.72,12636.24,14921.99,13719.7,67,228.77,4815.85,3,0,32,0.1311,0.3908,0.119,0,1,0,0,0
C01704,50060.6,25613.05,48538.38,25994.31,57,551.16,10311.96,1,1,49,0.5968,0.2494,0.1377,0,1,0,0,0
C01705,105950.38,71567.4,105986.08,66385.99,62,821.48,169609.68,1,2,24,0.4179,0.3547,0.2447,0,2,0,0,0
C01706,36694.07,21758.9,34128.01,22861.62,70,364.11,106166.68,0,1,31,0.5839,0.2464,0.1924,1,0,0,0,0
C01707,50581.0,28059.17,48817.88,29144.34,65,345.73,74204.6,1,0,25,0.6246,0.1072,0.1971,0,1,0,0,0
C01708,71369.97,32683.18,80450.83,37616.99,58,510.98,144544.56,2,0,32,0.4039,0.1713,0.097,0,0,0,0,0
C01709,41799.46,19255.4,42734.16,20321.09,72,210.67,73363.03,0,1,12,0.0513,0.3053,0.1692,0,1,0,0,0
C01710,34647.67,15010.67,29089.54,12330.55,58,228.38,56078.32,0,0,9,0.0986,0.2913,0.1109,1,0,0,0,0
C01711,16160.68,10248.58,18956.38,11235.07,69,177.53,35880.7,0,0,40,0.5413,0.2406,0.1737,0,1,1,0,0
C01712,60045.84,24854.41,66050.81,30814.85,59,456.58,200175.09,1,0,13,0.4428,0.1819,0.1402,0,0,0,0,0
C01713,42765.71,23269.85,37805.92,24514.12,65,466.62,86296.46,0,0,27,0.3433,0.2897,0.2376,0,0,0,0,0
C01714,28529.96,16704.29,28705.55,19517.88,74,330.76,85610.25,0,1,30,0.3589,0.2432,0.06,1,1,0,0,0
C01715,47638.01,26067.78,45491.83,25791.08,69,442.16,62195.85,3,0,33,0.2546,0.4092,0.0607,0,1,0,0,0
C01716,34605.28,25425.13,39146.49,28422.5,67,456.3,38751.74,1,0,23,0.1098,0.3104,0.0769,0,0,0,0,0
C01717,35476.51,19491.72,35668.14,18724.71,75,264.3,16378.31,5,0,59,0.3664,0.2024,0.066,0,1,0,0,0
C01718,59115.52,22893.93,61555.05,23361.43,70,312.31,125702.42,1,1,47,0.3682,0.3833,0.1021,0,0,0,0,0
C01719,24640.47,19625.89,25313.08,20045.19,65,300.31,64835.8,0,1,36,0.1879,0.3357,0.2316,0,0,0,0,0
C01720,72092.81,52645.24,62892.61,58288.96,87,525.73,163986.88,1,1,3,0.2421,0.381,0.0874,0,0,0,0,0
C01721,23991.6,15523.03,29237.3,14763.98,68,276.48,72122.93,0,2,24,0.2465,0.2478,0.0364,0,1,0,0,0
C01722,33396.36,23055.03,37720.51,20155.03,77,275.78,29921.87,0,1,8,0.1235,0.3005,0.1308,0,0,0,0,0
C01723,106910.1,43585.73,102667.26,48223.84,73,613.09,256008.14,0,1,34,0.2203,0.4386,0.0326,0,0,0,0,0
C01724,74736.76,51916.76,80194.3,57207.24,55,853.99,137221.0,1,0,27,0.6362,0.3777,0.0745,0,1,0,0,0
C01725,47020.53,20852.99,54867.98,22177.13,67,312.49,58439.18,2,0,42,0.0558,0.3244,0.0422,0,1,0,0,0
C01726,29471.51,16799.92,31142.21,19520.6,64,244.22,53290.53,0,0,26,0.1785,0.1668,0.1682,0,0,0,0,0
C01727,35463.0,15252.36,43861.01,15644.09,82,224.9,91529.5,3,0,42,0.5401,0.2269,0.2082,0,0,0,0,0
C01728,46508.56,32053.85,65118.59,34738.74,70,562.39,146011.27,2,0,5,0.2909,0.325,0.0702,0,0,0,0,0
C01729,45766.3,21083.17,47361.96,21252.04,72,338.82,99843.37,2,1,20,0.076,0.4307,0.1247,0,1,0,0,0
C01730,43196.98,20040.97,42337.21,20421.08,84,270.03,103145.73,1,0,50,0.5086,0.4047,0.0963,0,0,0,0,0
C01731,44379.95,17714.26,41329.76,19323.18,69,346.26,145692.58,2,1,18,0.5935,0.2706,0.0619,0,1,0,0,0
C01732,40861.72,27551.95,32050.75,36423.49,72,409.44,107999.83,0,1,11,0.113,0.2071,0.0275,1,1,0,1,0
C01733,23518.14,11362.32,28216.53,12942.54,61,215.31,21859.9,0,2,38,0.1583,0.182,0.1726,0,0,0,0,0
C01734,35667.24,20802.06,35937.63,23211.63,77,322.59,97383.12,1,0,52,0.6185,0.397,0.0758,0,0,0,0,0
C01735,67914.08,33923.73,78443.66,38768.47,67,745.88,42348.7,3,1,52,0.4063,0.3087,0.0778,0,0,0,0,0
C01736,24310.59,16983.76,28666.42,13048.05,71,168.62,15623.83,1,0,27,0.1409,0.3279,0.2232,0,1,0,0,0
C01737,41320.66,18673.53,38026.72,20322.43,80,220.01,137927.78,2,0,8,0.4716,0.1191,0.1122,0,0,0,0,0
C01738,31117.59,24065.58,29197.71,27898.19,59,347.77,17732.37,2,0,45,0.4853,0.4456,0.1162,0,0,0,0,0
C01739,47312.29,23400.8,59583.33,24807.92,87,365.59,138815.01,0,1,25,0.145,0.1637,0.1944,0,5,0,0,0
C01740,37779.91,14988.55,39351.26,15660.32,64,208.5,91816.44,0,0,48,0.2696,0.4287,0.2092,0,0,0,0,0
C01741,87486.95,40081.04,84929.31,37564.24,57,505.29,235494.58,3,1,19,0.5533,0.3691,0.169,0,0,0,1,0
C01742,56521.72,21663.27,52258.8,21619.74,69,387.92,115944.66,1,3,6,0.1985,0.411,0.0288,0,0,0,0,0
C01743,24936.96,13987.95,25760.51,13288.28,64,261.38,67377.61,0,1,38,0.4334,0.2048,0.0528,0,0,0,0,0
C01744,60868.46,28158.54,74925.86,32943.83,73,462.46,203930.66,0,1,59,0.5277,0.2574,0.1551,0,1,0,0,0
C01745,31755.6,23776.08,35955.36,29249.33,65,388.25,84112.75,0,0,48,0.1049,0.1741,0.0944,0,1,0,0,0
C01746,34709.52,20225.51,37202.07,25933.31,75,344.58,43581.06,1,0,6,0.5041,0.3921,0.19,0,0,0,0,0
C01747,51825.43,23581.39,64295.8,22355.18,69,248.41,163284.64,2,2,41,0.462,0.3475,0.1507,0,0,0,0,0
C01748,36066.92,19947.59,43911.23,19344.99,61,247.34,64178.07,0,0,58,0.5425,0.13,0.1134,0,0,0,0,0
C01749,67252.06,29469.68,73311.11,28291.97,76,367.71,48764.19,0,0,15,0.3305,0.3789,0.2142,0,3,0,0,0
C01750,31757.63,13669.38,43925.07,12682.08,81,188.88,101215.88,1,0,48,0.4515,0.1858,0.1323,0,0,0,0,0
C01751,34060.44,16529.37,34752.18,15367.52,69,175.2,53289.64,0,2,39,0.379,0.1503,0.1651,0,0,0,0,0
C01752,33491.63,13354.31,39579.18,13195.93,78,183.79,34190.86,1,1,38,0.5022,0.415,0.0657,1,0,0,0,0
C01753,34887.38,15172.22,34986.47,17522.96,86,183.35,80638.83,0,1,47,0.4962,0.1058,0.0881,1,1,1,0,0
C01754,73795.57,56979.12,85480.49,54919.88,61,660.44,257183.36,1,1,36,0.4559,0.3609,0.1298,0,0,0,0,0
C01755,59717.24,38819.86,60923.15,45666.51,69,563.34,178194.16,1,1,24,0.1398,0.1044,0.096,0,1,0,0,0
C01756,97138.45,74261.97,107373.36,90161.18,56,1193.82,99873.51,1,0,22,0.5765,0.1395,0.2179,0,1,0,1,0
C01757,124848.67,58127.19,166899.74,63022.17,57,898.59,318617.13,1,1,34,0.5973,0.1306,0.072,1,1,0,0,0
C01758,28299.38,20818.61,32946.76,24930.19,60,366.93,29425.73,0,2,44,0.2492,0.439,0.224,0,0,0,0,0
C01759,46448.82,23829.3,51429.11,21128.22,76,223.55,87818.75,0,1,10,0.4554,0.1993,0.0744,0,1,0,0,0
C01760,26506.03,10997.03,25367.22,10810.27,77,132.3,17593.66,1,2,32,0.2368,0.236,0.0953,0,0,0,0,0
C01761,31713.42,22583.7,34015.41,24226.21,66,257.64,36555.53,2,1,21,0.2528,0.1499,0.1814,1,0,0,0,0
C01762,33890.18,12771.26,31485.32,13751.94,69,142.98,117550.58,0,1,27,0.1312,0.2482,0.0746,0,1,0,0,0
C01763,27964.69,14882.36,32339.41,18178.92,76,277.28,47592.32,0,0,40,0.2405,0.2583,0.1259,1,1,0,0,0
C01764,28031.06,20145.69,32331.74,18738.28,69,316.69,74239.84,0,1,24,0.1518,0.1227,0.0857,0,1,0,0,0
C01765,42171.07,26472.18,43370.58,26090.07,77,315.13,69435.84,0,2,35,0.1746,0.4006,0.2021,0,0,0,0,0
C01766,26027.12,15177.19,32524.11,15781.27,62,328.28,5356.81,0,0,8,0.5635,0.3795,0.0362,0,0,1,0,0
C01767,65734.22,33467.61,81033.7,33058.16,80,356.98,155071.68,2,1,60,0.6347,0.4193,0.0415,0,1,0,0,0
C01768,29775.13,11426.95,31798.57,10568.62,78,155.61,47138.73,0,0,60,0.3838,0.3176,0.1605,0,1,0,0,0
C01769,159328.57,126815.56,178107.24,125904.26,82,1482.91,169321.89,0,1,26,0.6098,0.224,0.157,0,1,1,1,0
C01770,36728.0,15743.39,35970.86,16066.71,66,220.34,31062.28,0,1,17,0.5563,0.2838,0.1194,0,1,0,0,0
C01771,46482.25,21609.08,47288.17,26443.14,58,398.01,83853.88,0,1,49,0.1909,0.4346,0.1049,0,3,0,0,0
C01772,25122.38,11459.88,23128.64,10629.86,70,127.24,79438.2,0,0,22,0.4515,0.3127,0.2176,0,0,0,0,0
C01773,96970.21,73559.04,96252.58,84432.7,72,1287.15,128543.57,1,2,60,0.5641,0.271,0.1408,0,0,0,0,0
C01774,74473.09,51658.98,77263.84,62128.0,69,646.31,153850.22,1,0,7,0.1477,0.1675,0.1732,0,2,0,0,0
C01775,51432.72,28586.23,43756.7,28257.16,65,540.28,18999.85,1,0,27,0.4694,0.2964,0.2127,0,1,0,0,0
C01776,24547.29,19145.42,27473.76,20699.78,70,252.14,63421.59,0,1,35,0.4668,0.3561,0.1804,0,1,1,0,0
C01777,49474.76,18491.32,58016.84,20693.86,68,300.88,137705.06,0,0,10,0.4977,0.1287,0.1818,0,0,0,0,0
C01778,27167.42,20434.02,28499.98,22463.54,59,355.77,39273.15,1,1,39,0.1797,0.443,0.0451,0,1,0,0,0
C01779,86896.9,32776.84,63115.91,34738.77,79,558.16,143391.92,0,1,59,0.5409,0.392,0.0586,0,0,0,0,0
C01780,64767.25,34068.15,66039.34,32996.39,65,406.63,27770.76,0,0,23,0.0845,0.4227,0.0291,0,0,0,0,0
C01781,46974.74,17582.75,41469.0,19859.62,84,217.3,152094.98,0,0,10,0.2556,0.2133,0.1118,0,0,0,0,0
C01782,15033.69,12019.97,14685.59,12080.86,74,179.1,30340.31,2,4,46,0.0647,0.1262,0.0659,0,0,0,0,0
C01783,28908.2,22012.88,35390.35,23189.21,70,288.05,19107.32,1,2,32,0.4799,0.1377,0.152,0,0,0,0,0
C01784,61323.0,37600.78,46474.45,40274.13,73,566.48,162829.83,3,0,7,0.2928,0.4194,0.0902,0,1,0,0,0
C01785,77669.31,34798.18,73944.01,40112.52,65,441.94,215089.37,1,1,12,0.2391,0.2157,0.0263,0,2,0,0,0
C01786,74127.67,35177.29,85213.34,45074.52,67,835.09,64073.22,0,0,55,0.246,0.4422,0.2322,0,0,0,0,0
C01787,21982.72,12140.94,21230.23,11673.09,81,173.38,37292.94,2,1,60,0.111,0.1768,0.0487,0,0,0,0,0
C01788,51540.15,25525.31,49302.7,26962.62,73,286.07,85714.1,3,0,13,0.1836,0.2112,0.2037,0,0,0,0,0
C01789,71068.51,25555.61,91954.74,22281.17,69,367.3,101616.94,0,2,4,0.5212,0.2562,0.1125,0,1,0,0,0
C01790,21336.33,13768.66,23371.96,16904.79,60,207.57,65157.11,2,0,34,0.6288,0.2215,0.0292,0,2,1,0,0
C01791,44840.22,28071.88,52109.55,29623.19,89,417.24,113599.14,0,0,4,0.5976,0.2977,0.0619,0,0,0,0,0
C01792,50901.46,38529.34,56468.06,39070.24,72,418.92,158609.69,0,1,9,0.1376,0.4071,0.1069,0,0,1,0,0
C01793,39303.69,22190.25,42031.51,23438.83,68,315.5,76594.2,0,0,22,0.2754,0.3875,0.169,0,2,0,0,0
C01794,19554.19,9877.19,23497.94,10492.86,75,169.92,56138.95,0,0,13,0.0579,0.3867,0.0924,1,1,0,0,0
C01795,38865.16,22548.9,49694.62,21696.08,72,248.34,38145.7,1,0,52,0.2531,0.4282,0.1956,1,2,0,0,0
C01796,38837.06,16995.59,32932.97,20268.21,77,330.83,43597.26,2,0,9,0.2211,0.4123,0.062,0,0,0,0,0
C01797,42099.25,26585.39,44025.79,29971.54,62,531.89,76998.74,1,0,5,0.4518,0.3788,0.2476,0,0,0,0,0
C01798,34921.42,24323.28,36486.46,27828.28,57,480.82,63585.9,0,0,21,0.4954,0.4186,0.1832,0,0,0,0,0
C01799,36866.64,15449.25,36810.85,14961.04,66,175.34,12663.1,1,0,3,0.3216,0.2381,0.1714,0,0,0,0,0
C01800,44203.09,21804.17,51617.15,20973.57,65,353.01,94271.89,0,1,18,0.331,0.3402,0.0534,0,0,0,0,0
C01801,54913.93,40664.34,59352.43,42143.46,81,547.99,13808.39,1,0,6,0.4416,0.1776,0.1228,0,0,0,0,0
C01802,39238.97,22660.09,50267.35,25968.34,67,369.52,32839.46,0,0,36,0.3835,0.126,0.138,1,1,0,0,0
C01803,37424.31,22055.14,44236.73,24485.69,76,303.53,46276.99,2,0,33,0.6009,0.3702,0.1942,0,1,0,0,0
C01804,46909.57,31667.89,56937.17,30295.97,56,569.94,139069.73,1,0,36,0.0522,0.1519,0.19,1,1,0,0,0
C01805,18958.46,11565.64,17178.27,13070.7,82,150.91,16050.59,0,2,37,0.4214,0.2788,0.2266,0,0,1,0,0
C01806,55775.14,21267.67,53168.75,19850.08,77,286.13,83073.01,1,0,33,0.1964,0.2237,0.1977,0,0,0,0,0
C01807,44988.6,32022.11,43331.08,31080.84,62,482.1,104959.97,3,0,26,0.3832,0.2969,0.1449,0,1,0,0,0
C01808,45811.02,35058.08,55375.18,37474.52,83,581.46,31783.11,0,5,32,0.269,0.3639,0.0668,0,1,1,1,0
C01809,69337.99,25930.66,64757.44,23581.94,68,358.04,30795.26,0,1,36,0.4178,0.4016,0.1175,0,0,0,0,0
C01810,18688.26,7560.57,17519.27,7064.42,68,100.0,4170.61,0,1,46,0.4246,0.1007,0.2182,0,1,0,0,0
C01811,18512.33,12327.16,16946.88,15239.5,73,267.39,62511.08,1,2,9,0.5572,0.4257,0.2022,1,0,0,0,0
C01812,50900.58,31660.83,70261.28,38434.73,70,709.04,16821.61,0,1,5,0.1416,0.3354,0.0976,1,0,0,0,0
C01813,44856.11,23420.84,46333.32,31027.13,68,591.24,105564.22,0,1,10,0.6312,0.1259,0.0309,0,0,0,0,0
C01814,48581.47,28792.38,54099.67,31788.77,78,360.01,10393.76,1,1,13,0.5081,0.168,0.2331,0,0,0,0,0
C01815,36550.88,24361.25,33375.56,27464.18,67,371.36,107018.42,2,2,44,0.4165,0.3213,0.0302,0,0,0,0,0
C01816,60680.45,35013.5,70699.47,36113.1,81,313.74,146235.51,0,0,60,0.2913,0.1429,0.1203,0,2,0,0,0
C01817,68466.87,28282.62,57317.72,28507.38,66,532.42,235070.37,1,2,31,0.3805,0.3684,0.1425,0,0,0,1,0
C01818,55949.78,21834.19,52174.27,25210.41,58,489.37,184033.51,2,0,55,0.0778,0.1376,0.1134,0,0,0,0,0
C01819,40016.41,21908.44,38505.2,26584.52,63,366.68,135464.37,0,0,55,0.0975,0.2675,0.0673,0,0,0,0,0
C01820,17430.16,13339.27,18759.47,15265.44,70,177.08,7899.08,1,2,40,0.2333,0.258,0.1783,0,0,0,0,0
C01821,63613.06,38231.49,60739.67,36290.18,73,613.44,135607.31,0,0,37,0.6435,0.2524,0.118,0,1,0,0,0
C01822,77979.06,39862.82,96138.81,43729.31,70,570.28,207715.42,2,0,5,0.2138,0.1835,0.2468,0,0,0,0,0
C01823,60142.32,45643.08,66781.24,43706.99,67,676.99,36573.3,2,0,38,0.6018,0.2224,0.1171,0,1,0,0,0
C01824,30290.17,15898.84,29298.1,16074.68,59,216.55,26987.89,2,0,37,0.5654,0.3375,0.2344,0,0,0,0,0
C01825,60938.79,35290.62,71280.96,43984.37,77,460.18,94269.51,1,0,16,0.5143,0.1695,0.0538,0,1,0,0,0
C01826,66280.84,26673.05,66466.81,24167.12,77,292.71,199037.1,1,0,35,0.4865,0.4236,0.1293,1,0,0,0,0
C01827,90751.94,61877.43,88859.54,81074.51,76,907.16,262560.45,2,0,53,0.3081,0.2846,0.0286,1,1,0,0,0
C01828,30338.36,20179.15,35116.59,22518.8,88,213.31,87795.14,1,1,6,0.2053,0.4387,0.2299,0,1,0,0,0
C01829,40640.21,28749.28,30710.22,28578.7,75,359.89,45021.33,1,0,53,0.182,0.1427,0.0785,0,1,0,0,0
C01830,62987.41,31262.93,71690.89,33081.99,56,487.72,171738.63,0,1,39,0.4942,0.2038,0.0461,0,0,0,0,0
C01831,46177.7,25223.37,44535.1,24411.28,60,515.3,23656.59,1,1,3,0.5493,0.4305,0.2337,1,1,0,0,0
C01832,27217.63,11588.01,26244.53,11406.89,72,166.4,90628.9,1,1,8,0.6406,0.3362,0.2104,0,2,0,0,0
C01833,54230.3,42518.03,69684.66,45017.9,73,447.83,99648.37,0,1,37,0.2656,0.3362,0.1892,0,2,0,0,0
C01834,58385.07,22696.31,57582.54,22935.29,74,257.91,149812.48,0,0,13,0.1683,0.1349,0.0618,0,1,0,0,0
C01835,46816.97,30059.12,54528.18,28196.77,63,433.79,159797.69,1,3,53,0.3744,0.2733,0.1205,0,2,0,1,0
C01836,49673.7,33150.53,53821.92,33927.27,64,507.92,77941.06,0,0,6,0.2774,0.3809,0.2145,0,0,0,0,0
C01837,40054.65,16862.26,43898.25,15045.29,78,214.57,48133.87,2,0,48,0.1659,0.1036,0.1901,0,0,0,0,0
C01838,87521.81,45020.82,89266.55,40400.88,70,671.56,108610.23,2,1,13,0.3832,0.204,0.0421,0,0,0,1,0
C01839,30004.61,11083.91,30414.9,9932.89,71,145.8,15173.82,0,2,22,0.5936,0.1624,0.1727,0,1,0,0,0
C01840,34548.64,20745.55,42610.86,25943.53,59,401.84,84051.16,0,1,45,0.076,0.1514,0.206,0,0,1,0,0
C01841,45223.01,36075.4,52533.54,39635.13,72,447.31,157693.35,2,0,25,0.2741,0.2702,0.0296,0,0,0,0,0
C01842,66832.65,36320.09,66166.89,40733.08,61,482.29,205909.23,1,0,54,0.1219,0.2086,0.1849,0,0,1,0,0
C01843,22939.14,18248.17,21207.12,19185.24,73,193.47,77780.23,1,1,19,0.2188,0.1053,0.228,0,0,0,0,0
C01844,24953.87,10151.27,24451.38,11275.56,54,197.59,22353.46,2,0,44,0.4719,0.2466,0.1269,0,0,0,0,0
C01845,17987.64,9472.37,21005.59,11282.55,76,104.04,7720.25,0,0,51,0.2507,0.1402,0.1922,0,0,0,0,0
C01846,45666.97,34518.94,54409.6,37934.19,61,561.63,50723.54,0,1,47,0.1797,0.2702,0.0834,0,0,0,0,0
C01847,27205.66,20254.96,30377.65,25254.69,67,265.57,60142.5,0,1,20,0.6334,0.3584,0.1611,0,1,0,0,0
C01848,37849.39,18758.77,32398.61,19613.0,62,384.88,99023.59,1,3,22,0.3052,0.3341,0.1887,0,0,0,0,0
C01849,60599.26,39715.23,69110.64,44555.3,64,575.52,168602.6,1,1,47,0.1733,0.3362,0.1648,0,2,0,0,0
C01850,33715.86,25245.49,40675.8,28640.55,84,374.43,11928.79,0,1,50,0.1872,0.436,0.0541,0,1,0,0,0
C01851,49935.86,34710.16,53472.66,32563.5,84,478.86,110015.08,0,0,55,0.1289,0.1694,0.1824,1,0,0,0,0
C01852,39328.93,24887.91,50639.0,26259.95,81,399.97,42267.01,0,1,13,0.4547,0.2273,0.1872,0,0,0,0,0
C01853,60892.74,25493.29,54284.87,21134.69,80,315.34,64945.31,2,2,42,0.5153,0.2667,0.2184,0,0,0,0,0
C01854,55727.3,21335.26,63093.16,22069.52,88,270.86,155264.75,1,0,18,0.4618,0.3041,0.2322,0,0,0,0,0
C01855,32959.92,20652.03,30572.75,20992.91,71,246.39,103859.6,0,2,19,0.5492,0.4194,0.0454,0,0,0,0,0
C01856,41711.18,23989.1,49095.1,24212.83,62,372.85,90640.66,1,0,21,0.5234,0.3605,0.1594,0,0,0,0,0
C01857,71977.03,32901.89,80869.31,32938.02,70,444.9,18865.73,1,0,24,0.2525,0.3039,0.1044,0,0,0,0,0
C01858,53714.45,25876.74,68011.23,28760.37,69,439.38,68814.62,1,0,5,0.2691,0.4226,0.1244,0,0,1,0,0
C01859,23999.42,12634.23,26638.51,11922.93,58,191.84,79248.63,0,1,54,0.2761,0.3208,0.1209,0,2,0,0,0
C01860,60442.39,34632.54,60534.21,44094.11,79,421.81,135996.21,1,1,45,0.1015,0.298,0.0991,0,0,0,0,0
C01861,27621.31,14518.22,27374.7,16232.79,60,196.42,81564.89,1,0,56,0.5825,0.1507,0.1893,0,1,0,0,0
C01862,84969.59,44547.96,86667.17,42482.9,56,716.27,150954.8,1,1,18,0.6082,0.4225,0.2164,0,0,0,0,0
C01863,71343.55,28685.8,70538.31,32348.0,79,500.54,119447.59,1,0,35,0.644,0.361,0.1727,1,1,0,0,0
C01864,51270.26,37915.17,62121.77,44337.33,69,721.71,103981.01,2,1,48,0.4009,0.1041,0.045,1,1,0,0,0
C01865,48299.31,30144.53,58107.77,32986.98,62,470.03,144101.52,1,0,31,0.6166,0.3415,0.0464,1,1,0,0,0
C01866,40960.08,17028.99,35652.14,15825.1,72,277.16,136235.83,1,0,52,0.1958,0.1852,0.1194,0,1,0,0,0
C01867,61068.63,33022.46,64403.17,43539.27,69,690.19,119907.35,3,0,35,0.4546,0.1457,0.0291,0,0,0,0,0
C01868,38084.69,20471.36,40274.52,23065.84,67,414.27,127944.11,1,1,49,0.3518,0.1733,0.2115,1,0,0,0,0
C01869,50032.31,31034.01,47843.12,27939.62,71,470.05,139399.3,1,0,36,0.2607,0.1728,0.0828,0,1,0,0,0
C01870,66621.87,41571.47,73456.61,44693.23,52,922.48,183978.71,3,2,41,0.3879,0.382,0.1448,0,0,0,1,0
C01871,34947.59,22378.69,42821.36,22905.97,66,438.6,115933.77,0,1,31,0.3725,0.4237,0.2474,0,2,0,0,0
C01872,34102.67,22646.1,39457.37,23795.87,62,372.27,22621.03,0,0,33,0.5639,0.2603,0.0919,0,0,0,0,0
C01873,26290.25,10424.33,31854.53,9452.3,70,158.16,9493.6,0,1,16,0.4062,0.1533,0.1889,0,1,0,0,0
C01874,27872.76,13580.02,26863.31,14347.56,72,163.85,16563.16,1,1,10,0.5321,0.4353,0.227,1,0,0,0,0
C01875,19764.44,7071.85,20839.25,6720.02,82,103.7,40894.3,1,0,44,0.4794,0.3949,0.1083,0,1,0,0,0
C01876,62494.93,34658.98,59877.79,34938.17,90,441.84,189652.7,1,0,13,0.4238,0.3823,0.0935,0,1,0,0,0
C01877,101562.47,55173.15,109558.64,60496.99,79,660.69,37699.03,0,0,43,0.1412,0.2171,0.1896,0,1,0,0,0
C01878,85461.03,58151.71,93112.71,57733.26,65,934.71,160674.57,1,2,33,0.099,0.271,0.0353,0,0,0,0,0
C01879,21648.25,9204.89,25224.12,9344.34,76,100.0,49083.34,1,0,7,0.5427,0.4492,0.0243,0,0,0,0,0
C01880,62355.2,39543.95,75301.33,45413.38,58,795.5,137845.49,0,1,36,0.1975,0.193,0.1489,0,2,0,0,0
C01881,85337.19,41645.61,96659.49,39287.15,73,622.56,98965.98,0,0,6,0.3717,0.4173,0.0237,0,0,0,0,0
C01882,36638.44,19120.23,34688.53,18588.48,77,221.84,36548.97,0,0,57,0.1812,0.2411,0.1125,0,0,0,0,0
C01883,47101.92,31731.58,41814.23,28540.95,72,453.36,12935.66,0,1,32,0.2108,0.2846,0.2381,0,1,0,0,0
C01884,18230.77,6967.74,20279.95,6628.1,81,100.0,13235.17,0,1,17,0.071,0.1987,0.0477,0,0,0,0,0
C01885,50738.95,25585.23,62412.08,27260.93,62,554.3,12314.05,1,0,38,0.3362,0.2268,0.1532,0,1,0,0,0
C01886,27884.21,14669.76,29195.47,16528.94,61,345.81,50489.07,0,0,26,0.443,0.4317,0.0285,0,0,0,0,0
C01887,49229.76,33086.69,42668.06,31540.21,68,382.64,117541.47,2,0,54,0.5504,0.3376,0.0595,0,0,0,1,0
C01888,22289.62,9799.65,28980.31,11006.75,72,136.71,49394.06,0,0,22,0.6465,0.1297,0.1574,1,0,1,0,0
C01889,57451.94,44602.0,63698.6,47395.23,70,565.31,147634.17,2,0,16,0.4392,0.1446,0.1388,0,1,0,0,0
C01890,71356.84,57013.61,76390.14,50405.03,61,771.38,33708.6,0,2,29,0.2822,0.3849,0.1597,0,1,0,0,0
C01891,31633.97,22729.31,28781.96,24341.89,63,279.61,65443.06,0,0,28,0.3721,0.408,0.0855,0,0,0,0,0
C01892,26978.69,13081.17,28380.12,15610.06,67,230.36,23534.29,0,0,37,0.4601,0.4206,0.0994,0,0,0,0,0
C01893,17055.15,11064.36,19313.7,9105.34,62,180.88,39740.35,1,0,21,0.1676,0.2217,0.2208,1,1,0,0,0
C01894,39915.97,15464.11,44321.19,19958.36,77,294.3,114381.29,0,0,14,0.4354,0.3675,0.0804,0,2,0,0,0
C01895,34637.79,25703.86,33543.7,25105.93,69,378.07,79826.86,1,0,60,0.364,0.1252,0.1685,0,0,0,0,0
C01896,22392.0,13036.55,23358.26,11108.54,69,136.83,33682.77,0,2,8,0.3136,0.1595,0.0767,0,0,0,0,0
C01897,55175.61,23692.27,53855.76,25270.44,84,255.14,81401.3,0,0,41,0.4673,0.1095,0.2011,0,1,0,0,0
C01898,36751.38,18277.84,45928.18,21014.59,63,249.99,75105.62,0,3,14,0.6159,0.2732,0.1938,0,2,0,0,0
C01899,27731.84,19698.88,32096.42,20020.91,68,220.71,87205.63,1,0,36,0.4847,0.1422,0.2265,0,2,0,0,0
C01900,35061.54,26001.71,34608.54,28274.05,77,425.41,82963.73,2,0,15,0.0531,0.2787,0.0677,0,0,0,0,0
C01901,72875.28,42549.77,66300.74,55500.57,69,1017.63,38181.4,2,2,6,0.5208,0.1352,0.1363,0,2,0,1,0
C01902,59026.36,33417.19,63945.49,35912.74,64,677.86,164676.27,0,0,35,0.1335,0.1677,0.0565,0,1,0,0,0
C01903,42442.52,29193.27,42054.68,41101.16,60,864.66,15913.03,2,0,43,0.2994,0.1192,0.1246,0,0,0,0,0
C01904,59457.38,42915.46,59445.68,51573.9,60,644.56,85134.56,2,1,52,0.6313,0.1227,0.1762,0,0,0,0,0
C01905,26689.02,18527.01,24387.74,19567.94,62,288.29,38592.78,1,1,24,0.066,0.405,0.0657,0,1,1,0,0
C01906,45660.29,23880.0,42401.56,25909.42,72,303.19,103148.57,1,1,11,0.3975,0.3209,0.1349,0,2,0,0,0
C01907,48084.39,30719.51,51427.23,31077.94,73,322.94,142286.45,0,3,39,0.2235,0.1626,0.2447,0,0,0,0,0
C01908,36424.3,26801.43,37079.01,28944.19,59,412.96,40492.26,0,0,18,0.6426,0.2934,0.0619,0,0,0,0,0
C01909,54741.32,22897.87,73877.88,25585.78,68,408.14,125604.95,1,0,7,0.2056,0.3494,0.085,0,1,0,0,0
C01910,31673.09,16617.65,35515.37,16642.61,81,203.43,66791.58,1,0,34,0.5341,0.1704,0.0803,0,0,0,0,0
C01911,56604.12,21253.63,51611.44,18796.78,61,383.78,125261.41,1,1,35,0.3693,0.2506,0.1989,0,0,0,0,0
C01912,57685.1,30803.54,49939.36,37227.73,71,408.74,15138.41,1,0,9,0.4348,0.3349,0.2307,1,0,0,0,0
C01913,12108.9,8446.28,13292.91,9855.27,73,149.84,22876.68,3,2,14,0.273,0.3068,0.2023,0,2,0,1,0
C01914,76884.17,33726.23,77066.85,29677.37,77,405.72,252875.85,0,1,24,0.1173,0.2991,0.1475,0,1,0,0,0
C01915,12000.0,7126.19,14517.32,7628.72,75,116.4,12163.42,1,0,57,0.407,0.4311,0.0371,0,2,0,0,0
C01916,34104.88,12498.2,36963.67,14663.49,62,232.01,95214.05,1,0,15,0.1263,0.4042,0.1008,0,1,0,0,0
C01917,71383.67,53819.18,57970.5,62475.86,72,625.72,184155.68,1,2,10,0.4611,0.4236,0.0674,0,2,0,1,0
C01918,39012.55,28050.11,36190.74,27116.7,79,320.99,134734.26,2,1,25,0.2117,0.3485,0.1168,0,1,1,0,0
C01919,23263.34,13631.95,22541.39,15920.13,68,193.58,29050.51,0,0,17,0.1356,0.3147,0.1097,0,2,0,0,0
C01920,27508.11,18364.53,30342.67,19316.02,52,328.79,82861.61,1,1,58,0.1904,0.1801,0.2072,0,1,0,0,0
C01921,71433.72,28342.21,65981.17,31081.23,75,345.91,79375.0,1,0,27,0.2328,0.4154,0.1808,0,0,1,0,0
C01922,18953.44,13842.54,20248.68,13007.29,68,206.68,32457.08,2,1,17,0.0908,0.252,0.1906,0,2,0,0,0
C01923,74791.82,50250.21,66539.44,35175.14,65,678.45,133955.55,0,1,30,0.3593,0.1901,0.2436,0,0,0,1,0
C01924,43897.9,17734.11,46125.38,16966.59,72,185.77,110504.41,0,0,13,0.6471,0.2775,0.1542,0,1,0,0,0
C01925,26313.57,20822.19,28797.65,23204.03,77,281.17,26769.29,0,2,54,0.4794,0.3044,0.1927,0,0,0,1,0
C01926,34614.09,12465.87,42415.45,12781.86,68,163.83,45375.28,0,0,12,0.5058,0.2589,0.0453,0,0,0,0,0
C01927,28471.73,18017.76,30734.35,20324.45,78,200.42,97362.43,1,1,52,0.2481,0.1827,0.0422,1,3,0,0,0
C01928,66450.93,28393.8,63260.74,33582.43,72,438.24,156530.97,0,0,21,0.2817,0.1377,0.0743,0,1,1,0,0
C01929,62568.06,42149.97,76906.2,42585.7,62,808.84,126111.24,0,0,14,0.0586,0.4481,0.1727,0,0,0,0,0
C01930,20760.25,7923.83,21341.92,7912.15,61,112.2,7948.76,0,0,43,0.195,0.1284,0.0996,0,0,0,0,0
C01931,37526.45,14503.8,42886.28,11422.86,51,191.73,131066.72,1,1,33,0.5009,0.2726,0.2302,0,0,0,0,0
C01932,30515.32,17083.43,29796.76,14764.85,76,244.16,83195.44,0,1,29,0.5654,0.1864,0.0445,1,0,0,0,0
C01933,80539.04,64214.12,85443.33,57099.73,72,862.73,275810.84,0,0,52,0.5085,0.214,0.1223,0,2,0,0,0
C01934,24510.9,11628.76,23379.67,12986.96,70,161.41,32097.47,0,2,20,0.4628,0.1164,0.0922,0,0,0,0,0
C01935,92625.6,57950.07,100838.83,58618.6,63,669.0,57198.02,1,0,33,0.6185,0.2828,0.1007,0,1,0,0,0
C01936,44330.81,25861.24,50823.47,25496.39,62,532.38,117996.56,0,1,60,0.2729,0.3556,0.1894,0,0,0,0,0
C01937,26676.74,19446.11,26426.62,18904.55,79,307.64,70233.72,0,0,20,0.1441,0.1699,0.1403,0,0,0,0,0
C01938,33178.07,15921.01,32643.21,15228.8,52,322.55,101929.58,3,0,36,0.4659,0.3058,0.0578,0,0,0,0,0
C01939,31372.57,18814.91,34284.52,21840.64,73,231.87,7020.11,2,0,30,0.3494,0.3,0.0407,1,0,0,0,0
C01940,25357.75,19722.76,24115.17,20929.83,68,349.11,54201.52,1,2,21,0.0743,0.2477,0.0982,0,1,0,0,0
C01941,46961.8,23465.1,40755.65,27429.75,58,459.55,31467.08,3,0,11,0.3491,0.4043,0.1038,0,0,0,0,0
C01942,25896.31,14184.25,28288.7,11160.08,68,119.5,46107.03,0,0,5,0.0811,0.3596,0.2395,1,1,0,0,0
C01943,16869.34,12651.43,17494.79,14092.78,53,207.11,59002.42,1,0,30,0.329,0.441,0.1046,0,1,0,0,0
C01944,37932.49,18952.0,39242.56,18799.34,65,209.66,100886.35,1,1,45,0.0852,0.1645,0.0873,0,0,0,0,0
C01945,19992.9,10422.36,22242.67,10591.45,74,110.06,21437.27,1,2,33,0.6113,0.291,0.036,0,0,0,0,0
C01946,32078.63,15617.59,36226.08,18933.82,80,244.43,72568.19,1,1,20,0.5444,0.1579,0.1396,0,0,0,0,0
C01947,29891.26,21351.0,30808.32,21419.71,61,400.82,53464.79,2,0,15,0.6234,0.3839,0.0871,0,1,0,0,0
C01948,30405.25,23371.73,27829.31,25919.89,77,433.23,51560.93,1,0,7,0.4657,0.229,0.1742,0,1,0,0,0
C01949,110730.12,70202.29,107781.33,65136.95,71,1184.0,46021.35,1,1,23,0.1719,0.3402,0.0529,0,0,0,0,0
C01950,46156.96,29108.13,51704.82,30689.66,58,628.35,107470.36,1,0,46,0.392,0.1092,0.2005,0,0,0,0,0
C01951,50253.46,26408.28,53588.7,22686.04,59,280.44,111638.56,0,0,19,0.2291,0.1534,0.1617,1,0,0,0,0
C01952,20232.36,7194.98,19909.23,7505.25,71,102.68,10093.98,2,1,13,0.4292,0.1769,0.088,1,1,0,0,0
C01953,33527.94,14359.07,32048.47,15741.12,79,145.35,20983.92,0,3,58,0.6213,0.3659,0.1871,0,0,0,1,0
C01954,49578.07,20641.7,55732.63,24414.27,68,388.52,85286.9,3,2,38,0.6052,0.1415,0.2079,0,1,0,1,0
C01955,28378.29,11412.24,29042.39,10862.77,65,132.67,56086.72,1,1,5,0.0856,0.411,0.2004,1,0,0,0,0
C01956,67713.85,43629.48,77215.87,43041.54,60,784.92,56285.7,0,0,54,0.4101,0.3025,0.2463,0,0,0,0,0
C01957,26191.87,10774.21,30265.24,10480.13,68,131.29,77131.32,0,2,47,0.5486,0.1359,0.1851,0,0,0,0,0
C01958,39559.18,15370.14,40052.05,15670.14,59,289.83,100435.4,2,1,39,0.1723,0.396,0.1042,0,0,0,0,0
C01959,34568.38,18050.28,40236.13,16864.94,76,252.67,32616.14,0,0,15,0.4622,0.2672,0.0381,0,0,0,0,0
C01960,48453.61,22388.48,51681.06,17712.29,74,208.97,138263.71,1,1,38,0.3798,0.2203,0.1764,0,0,0,0,0
C01961,33731.83,14020.21,36502.26,12966.93,73,230.03,71941.24,0,1,24,0.0826,0.3053,0.1867,0,0,0,0,0
C01962,39835.58,16561.94,31364.54,17292.73,80,181.18,49652.38,3,2,18,0.5321,0.1118,0.1323,0,0,0,0,0
C01963,40463.65,18827.43,37772.39,19434.2,62,237.75,118712.98,0,1,43,0.435,0.3278,0.0924,0,0,0,0,0
C01964,32336.22,19129.54,30395.94,21353.43,75,299.06,61120.14,1,2,27,0.5701,0.423,0.1915,0,1,0,0,0
C01965,55977.77,38688.65,56636.15,44533.08,60,702.62,91967.15,3,0,52,0.3309,0.3304,0.0864,0,0,0,0,0
C01966,50095.8,36757.77,53288.02,36612.72,67,654.75,12649.68,0,1,27,0.5103,0.2435,0.042,0,1,0,0,0
C01967,43240.87,29755.69,46208.5,25581.3,69,374.3,125837.17,0,1,4,0.2089,0.1064,0.0821,0,0,0,0,0
C01968,37075.5,23457.52,40200.57,25765.41,69,318.56,41207.39,1,0,27,0.4433,0.2644,0.189,1,0,0,0,0
C01969,64399.59,48842.65,62326.35,51227.29,64,812.1,74601.41,0,1,9,0.5916,0.2652,0.1005,0,1,0,0,0
C01970,40469.03,23629.12,45849.94,24077.77,70,418.99,119672.37,0,0,6,0.6044,0.3065,0.0732,0,0,0,0,0
C01971,39198.9,24891.72,49669.5,29781.72,57,439.98,19000.89,0,1,24,0.083,0.3628,0.1318,0,0,1,0,0
C01972,47170.7,25247.14,47529.25,27874.5,65,331.35,158018.56,0,2,8,0.0603,0.1695,0.21,0,1,1,0,0
C01973,96556.32,48019.67,93694.38,51128.84,64,977.71,124849.74,0,0,32,0.6477,0.3716,0.1216,0,0,0,0,0
C01974,24618.6,12291.34,23824.9,13147.62,69,231.9,32018.52,1,3,47,0.3022,0.1371,0.1574,0,0,0,1,0
C01975,63630.83,26517.69,67464.98,30547.44,61,606.07,159528.61,1,0,59,0.1636,0.4195,0.1296,1,1,0,0,0
C01976,19196.64,13600.23,18945.33,13154.87,71,160.17,26704.44,2,1,16,0.3321,0.3409,0.1501,0,0,0,0,0
C01977,49622.06,18604.08,41799.66,17569.21,56,369.47,54280.09,0,0,34,0.2901,0.422,0.181,1,0,1,0,0
C01978,91418.67,59752.01,80008.69,61060.81,75,695.44,66356.36,0,1,15,0.5256,0.2526,0.2234,0,1,0,0,0
C01979,56067.89,41434.57,65735.28,37649.43,61,661.93,72629.3,0,0,35,0.1409,0.3399,0.1016,1,0,0,0,0
C01980,48591.26,27883.75,58494.91,29125.96,72,312.6,165660.57,0,0,44,0.4335,0.3963,0.234,0,0,0,0,0
C01981,34968.94,13343.81,43430.96,14166.24,76,177.39,22125.15,0,0,53,0.1723,0.155,0.0859,0,0,0,0,0
C01982,45633.12,24769.1,49154.01,25803.06,73,439.87,150096.41,0,1,16,0.496,0.3758,0.2369,0,1,0,0,0
C01983,40174.57,20266.14,37406.19,20400.5,91,159.61,84175.24,2,0,33,0.6376,0.3968,0.0725,1,1,0,1,0
C01984,31594.18,25069.75,31513.24,31296.11,78,317.88,76668.32,0,0,30,0.5792,0.4107,0.0501,1,0,0,0,0
C01985,39496.75,26110.09,34402.99,30362.89,79,416.44,111607.11,0,1,17,0.3377,0.1977,0.1583,0,1,0,0,0
C01986,49201.99,33192.25,42629.24,34464.94,79,513.47,17016.0,3,2,9,0.2832,0.1112,0.2177,0,1,0,1,0
C01987,31862.02,18547.59,34431.11,19682.02,67,282.67,108822.25,1,0,14,0.5092,0.1914,0.2315,0,0,0,0,0
C01988,31306.81,20951.66,34897.12,25459.64,65,453.37,84747.36,0,0,45,0.1838,0.3412,0.2114,0,1,0,0,0
C01989,24399.26,16473.33,31353.17,16141.45,76,272.7,69456.69,1,2,31,0.1202,0.1688,0.0684,0,1,0,0,0
C01990,53650.39,20379.72,55797.95,19037.27,74,287.43,86094.97,2,2,43,0.4953,0.2603,0.2336,0,0,0,0,0
C01991,57515.7,25892.01,51019.87,27891.59,80,336.69,124844.4,1,1,20,0.3681,0.2476,0.2303,0,2,0,0,0
C01992,49944.37,17771.97,51710.88,19543.28,73,288.63,102511.85,1,1,15,0.4095,0.294,0.0203,0,1,0,0,0
C01993,69476.54,40255.64,70595.46,44628.23,56,704.42,36386.49,0,0,17,0.4199,0.1015,0.0729,0,0,0,0,0
C01994,46814.97,34835.48,46396.07,40037.58,58,522.82,39276.91,0,1,38,0.4881,0.3361,0.0557,1,1,1,0,1
C01995,53681.45,33513.3,58579.87,32242.84,68,373.2,146908.25,2,0,27,0.5951,0.3575,0.2151,0,0,0,0,0
C01996,51593.17,29670.89,46653.81,26139.64,76,331.06,94463.68,0,2,46,0.0841,0.1009,0.1504,0,0,0,0,0
C01997,43183.98,33108.49,46020.58,32441.42,65,434.2,35088.4,0,0,20,0.345,0.4093,0.0317,0,0,0,0,0
C01998,35438.28,15149.81,39981.03,16965.07,73,168.9,107358.18,2,1,33,0.4312,0.282,0.0817,0,1,0,0,0
C01999,121879.29,46749.48,148737.66,43915.17,61,667.19,92956.44,1,0,32,0.6279,0.3938,0.1035,0,0,1,0,0
C02000,36718.64,28008.52,39922.16,22909.29,68,408.11,119225.74,0,1,24,0.4796,0.323,0.0929,1,0,0,0,0
C02001,33348.66,25219.98,39190.49,26917.6,75,268.73,89737.35,2,0,56,0.474,0.3642,0.2205,0,3,0,0,0
C02002,54705.65,35960.08,54526.89,35311.0,64,684.83,158172.9,1,1,42,0.2398,0.2933,0.1281,0,2,0,0,0
C02003,50400.29,23218.94,51079.95,19567.75,68,228.94,94141.63,0,0,29,0.5554,0.3574,0.0743,0,2,0,0,0
C02004,23915.01,18806.62,28978.81,19914.97,72,269.79,44413.29,1,0,27,0.2115,0.1563,0.1025,0,0,0,0,0
C02005,74579.65,51788.55,66033.56,51977.43,83,773.21,44440.35,1,0,14,0.585,0.1327,0.0768,0,0,0,0,0
C02006,43132.42,28176.36,43202.43,35251.95,73,360.42,141558.17,2,0,38,0.4042,0.3997,0.1799,0,1,0,0,0
C02007,27296.09,12291.71,32357.16,13037.34,65,210.8,40545.28,0,1,28,0.1843,0.3361,0.0778,0,2,0,0,0
C02008,76831.55,44630.69,78726.72,50001.11,70,822.29,160014.18,0,1,44,0.1842,0.1296,0.0211,0,0,0,0,0
C02009,59633.44,42945.58,60571.34,45004.06,62,759.06,26210.41,0,2,42,0.3499,0.2654,0.1386,0,1,0,0,0
C02010,25472.99,18776.58,25935.58,18369.06,74,179.85,21771.41,0,0,17,0.2983,0.1921,0.1321,0,1,0,0,0
C02011,100122.53,60338.2,106536.2,59824.5,66,931.41,307446.25,1,0,53,0.2241,0.2735,0.1191,0,0,0,0,0
C02012,60528.92,35424.99,71444.11,41791.39,72,457.74,99272.88,3,0,55,0.1413,0.1858,0.1596,1,0,0,0,0
C02013,44794.0,29741.32,52001.71,33897.22,75,426.17,65747.31,2,0,40,0.0532,0.3778,0.1328,0,1,0,0,0
C02014,92043.47,54095.05,96772.19,47136.51,71,554.02,98260.74,1,1,38,0.2944,0.4227,0.1878,0,2,0,0,0
C02015,48344.21,26007.08,57098.7,23410.72,72,375.17,162743.65,0,0,36,0.1983,0.3657,0.1553,1,0,0,0,0
C02016,44434.9,17260.23,48479.14,15652.11,71,261.08,107926.2,1,0,45,0.117,0.1376,0.0516,0,0,0,0,0
C02017,33432.47,13597.73,38550.79,16007.41,61,216.22,61160.74,0,1,29,0.2094,0.2633,0.1212,0,1,0,0,0
C02018,58468.91,40467.73,54177.04,34083.35,69,535.81,195945.92,1,0,12,0.3795,0.3227,0.1394,0,0,0,0,0
C02019,55764.3,20136.42,70186.41,23043.69,71,384.39,117005.61,2,0,35,0.4267,0.363,0.1888,0,1,0,0,0
C02020,45298.26,16920.59,48760.2,18575.47,77,231.96,148154.78,0,1,7,0.2867,0.3301,0.0873,0,0,0,0,0
C02021,31537.23,23876.51,22713.2,25490.98,69,461.89,22915.35,0,2,50,0.5618,0.1959,0.0351,0,1,1,1,0
C02022,47709.52,31812.64,59596.02,31597.61,70,375.02,74181.91,1,1,53,0.0554,0.2331,0.0827,0,0,0,0,0
C02023,43608.54,15345.66,45815.42,18301.76,75,189.32,87442.65,0,1,20,0.2769,0.13,0.208,0,0,0,0,0
C02024,24694.96,12110.89,24757.7,12881.34,70,145.72,19502.81,0,0,20,0.5543,0.2277,0.2031,0,1,0,0,0
C02025,23204.52,16092.18,22678.19,14107.93,73,241.13,53250.83,3,1,45,0.4619,0.3833,0.0375,1,0,0,1,0
C02026,58031.24,31216.19,63993.38,28239.45,55,550.48,152761.3,0,0,35,0.3895,0.1921,0.0339,0,0,1,0,0
C02027,13954.65,7827.99,13164.72,6674.37,71,100.0,13801.72,1,1,44,0.1224,0.2787,0.092,0,1,0,0,0
C02028,49357.87,27465.66,48408.78,32795.1,67,456.88,73871.79,1,1,23,0.5633,0.2031,0.1048,0,1,0,0,0
C02029,36289.38,16002.18,35696.22,19537.23,73,236.54,118397.49,0,0,44,0.147,0.2555,0.1544,0,0,0,0,0
C02030,81074.9,54695.25,82285.38,64559.71,63,1256.55,173823.67,0,0,39,0.6307,0.3147,0.2412,0,0,0,0,0
C02031,36039.0,14284.16,35612.84,14753.03,71,189.66,89964.33,0,1,37,0.5841,0.1027,0.2195,0,1,0,0,0
C02032,60547.63,35012.46,69771.32,30770.16,75,308.26,171074.41,0,1,41,0.1821,0.2888,0.2316,0,0,1,0,0
C02033,37639.4,16052.45,40745.68,14824.74,55,190.45,34892.62,0,0,9,0.1305,0.3496,0.0384,0,0,0,0,0
C02034,47363.37,17568.96,51965.4,16362.59,52,328.11,121794.18,2,0,15,0.2919,0.2231,0.1706,0,0,0,0,0
C02035,62692.32,25983.44,70420.54,27140.14,71,302.22,195879.62,0,2,56,0.6472,0.1723,0.1606,0,2,0,0,0
C02036,36543.83,27086.31,37962.78,32950.32,75,569.22,122240.1,0,1,52,0.194,0.4498,0.2401,0,1,0,0,0
C02037,70464.72,30248.14,65360.46,36782.41,63,726.33,37087.39,1,1,60,0.5073,0.2551,0.2309,0,1,0,0,0
C02038,28774.76,13675.67,36446.7,13558.05,75,182.92,25567.42,0,3,36,0.3752,0.2791,0.2443,0,0,0,0,0
C02039,51378.99,21175.47,59666.63,16551.02,81,228.78,11324.83,1,0,54,0.2179,0.1822,0.1058,0,1,0,0,0
C02040,68159.49,46416.29,84759.0,42237.02,59,586.48,102744.27,1,1,49,0.5544,0.3847,0.2331,1,0,0,0,0
C02041,60562.71,33336.87,71109.38,39758.62,64,442.41,72262.71,0,1,56,0.3962,0.3772,0.0459,0,0,0,0,0
C02042,106597.78,82574.45,106038.72,88998.37,54,1179.76,228004.77,2,0,33,0.549,0.1537,0.1567,0,2,0,0,0
C02043,31916.23,20711.91,24519.41,20863.58,65,333.85,32106.82,0,0,53,0.0688,0.2868,0.1135,0,0,0,0,0
C02044,24192.56,14252.45,21833.99,14237.57,67,170.4,60731.59,1,1,55,0.3056,0.3681,0.1807,0,0,0,0,0
C02045,28766.51,18568.32,32402.09,17823.69,77,261.3,96864.54,1,0,16,0.1563,0.2262,0.2327,0,1,0,0,0
C02046,60573.75,22302.74,62862.85,20196.18,97,233.45,32336.4,0,2,49,0.1046,0.1544,0.049,0,0,0,0,0
C02047,56301.87,43791.43,56280.37,56869.64,72,1008.94,51139.78,0,0,12,0.5722,0.3077,0.1684,0,0,0,1,0
C02048,47119.08,36771.41,35364.45,46192.91,84,639.61,39635.67,1,0,40,0.0642,0.3548,0.2306,0,0,0,0,0
C02049,27148.77,12875.66,28463.44,12249.59,68,187.02,93135.68,1,1,8,0.4078,0.248,0.0927,0,0,0,0,0
C02050,63545.28,40207.2,58473.52,33755.36,72,425.42,134542.51,0,0,43,0.4711,0.3554,0.1389,0,0,1,0,0
C02051,25933.75,11433.2,24976.13,12236.75,70,222.82,31892.56,0,0,8,0.334,0.3328,0.1095,0,2,0,0,0
C02052,75806.94,45208.4,87330.54,46668.8,61,621.2,110396.53,0,1,35,0.5155,0.179,0.0956,0,2,0,0,0
C02053,162797.94,113446.58,150832.77,127670.18,71,1474.2,469392.36,2,1,46,0.4242,0.4183,0.159,0,2,0,0,0
C02054,53067.54,41016.95,49775.09,47274.21,63,809.15,142391.32,2,0,39,0.4114,0.3255,0.2423,0,1,0,0,0
C02055,58502.01,29405.9,62729.93,26747.51,64,540.01,92524.3,0,1,20,0.2182,0.4308,0.0615,0,1,0,0,0
C02056,36048.87,23867.14,41625.04,28727.12,64,336.55,41091.41,2,1,53,0.1879,0.3571,0.0277,0,1,0,0,0
C02057,19926.82,13398.64,19960.2,13500.74,81,215.67,66949.16,1,0,22,0.6085,0.401,0.1268,0,1,0,1,0
C02058,34310.07,15422.96,42066.4,17319.2,78,207.72,101554.01,0,0,45,0.2309,0.3112,0.1977,0,0,1,0,0
C02059,27518.53,17421.0,24672.01,17745.46,87,220.98,6091.39,0,1,46,0.4769,0.4342,0.2235,0,1,1,0,0
C02060,23465.01,15133.51,20543.93,17565.45,66,295.59,44131.74,0,2,7,0.6307,0.2106,0.2472,0,0,1,1,0
C02061,97682.7,67775.6,84523.44,51951.67,74,726.08,33302.21,2,2,14,0.6108,0.3627,0.2317,0,0,0,0,0
C02062,50879.02,40702.01,43335.59,46343.31,66,878.3,102158.53,0,1,57,0.5935,0.4252,0.0278,1,0,0,1,0
C02063,53384.58,19651.11,58209.79,18671.89,67,249.11,176837.85,0,0,37,0.5893,0.2322,0.0608,0,1,0,0,0
C02064,39157.91,17270.1,36521.22,18285.85,66,316.19,10410.45,0,1,3,0.1432,0.3776,0.2073,0,2,0,0,0
C02065,41632.06,17289.18,36668.56,20736.03,71,299.66,50382.5,2,1,40,0.2811,0.2149,0.024,0,1,0,0,0
C02066,69457.17,29136.96,76095.58,27785.64,72,447.7,129077.13,0,1,16,0.6435,0.423,0.1587,1,0,0,0,0
C02067,44349.91,24588.12,50952.46,22984.94,71,394.64,46334.85,0,2,22,0.1712,0.4324,0.1329,0,0,0,0,0
C02068,57138.31,42587.55,67200.53,42815.93,65,615.67,34250.9,0,1,48,0.2186,0.3038,0.0779,0,1,0,0,0
C02069,41200.92,22739.84,47588.47,22689.62,64,250.41,45075.52,1,0,30,0.5816,0.4096,0.1173,0,0,0,0,0
C02070,38578.44,25107.48,36257.09,23198.82,77,353.27,56980.86,0,2,55,0.1508,0.2676,0.2011,0,0,0,0,0
C02071,23892.18,12410.19,25878.36,13188.96,73,140.92,29325.41,1,0,30,0.1122,0.4441,0.1089,0,2,1,0,0
C02072,18479.75,9126.2,20505.58,9755.72,50,169.46,64312.1,0,1,37,0.0989,0.3174,0.0753,0,1,0,0,0
C02073,40003.21,29018.56,39723.75,32081.72,67,500.35,134949.66,3,3,38,0.2131,0.2694,0.0676,1,1,0,1,0
C02074,46158.73,29772.21,49379.23,28332.77,81,284.3,105702.57,2,0,43,0.6407,0.211,0.0871,0,1,0,1,0
C02075,25226.73,12812.73,22699.15,12001.93,64,227.5,9585.43,0,2,33,0.4568,0.2575,0.0713,1,1,0,0,0
C02076,44307.27,33734.32,43185.76,34940.94,76,399.78,20335.52,0,1,23,0.0997,0.1724,0.0343,0,0,1,0,0
C02077,46101.76,26477.63,50463.65,27022.93,65,373.27,115646.04,0,1,24,0.3409,0.1244,0.1778,0,0,0,0,0
C02078,17055.26,7414.33,20993.41,7584.11,68,126.46,41023.01,0,0,3,0.1166,0.3176,0.1168,0,0,0,0,0
C02079,29810.37,16915.89,35419.87,16326.08,81,155.1,23653.85,0,0,54,0.2023,0.1661,0.2242,0,0,0,0,0
C02080,54051.17,35328.64,61040.15,38494.26,72,585.95,168510.52,0,0,26,0.1426,0.1239,0.1485,1,1,0,0,0
C02081,53561.95,27595.15,56752.31,25853.97,76,243.72,137922.59,0,1,49,0.4934,0.3822,0.0989,0,0,0,0,0
C02082,26776.08,19538.59,27873.15,20229.06,72,312.87,23218.62,0,0,26,0.1361,0.148,0.2441,0,2,0,0,0
C02083,48325.73,28508.06,42347.26,28885.39,69,392.78,154004.56,1,0,38,0.3104,0.1759,0.2022,0,1,0,0,0
C02084,71289.26,39957.22,67706.21,41794.65,75,645.49,187541.22,2,0,45,0.4118,0.171,0.0817,0,0,0,0,0
C02085,63837.79,47011.43,60879.38,56048.55,72,568.95,204024.86,0,3,30,0.405,0.3811,0.0848,0,1,0,0,0
C02086,43111.25,24069.57,48240.24,21476.31,73,366.5,135379.16,0,0,28,0.3892,0.1161,0.2497,0,0,0,0,0
C02087,36454.8,19557.44,42411.29,14923.13,78,173.83,7704.06,4,0,30,0.1234,0.4164,0.0335,1,0,0,0,0
C02088,33901.44,13447.76,38593.02,13161.29,82,149.83,67000.67,1,1,38,0.3734,0.4309,0.2021,0,1,0,0,0
C02089,55544.33,28500.98,66204.39,25988.43,75,278.29,29696.03,0,2,29,0.0623,0.254,0.0506,0,2,0,0,0
C02090,49129.48,25973.37,52011.95,18181.36,59,239.55,65003.01,0,0,46,0.1283,0.2066,0.2218,0,0,0,0,0
C02091,59733.58,25761.9,55674.58,32448.71,63,377.37,70732.8,1,1,40,0.3212,0.3375,0.168,0,0,0,0,0
C02092,47751.27,29344.13,49852.71,32782.24,69,363.21,90331.3,1,2,48,0.341,0.4129,0.0951,0,1,0,0,0
C02093,65046.75,26976.77,62641.29,30485.34,67,469.86,194712.38,0,0,48,0.575,0.162,0.04,0,0,0,0,0
C02094,46956.85,21161.59,53011.62,21494.76,67,364.84,31904.62,1,0,48,0.4246,0.2024,0.0843,1,0,0,0,0
C02095,64056.94,38593.76,64499.54,42472.36,69,468.58,111484.19,0,0,18,0.1789,0.1622,0.0646,0,0,0,0,0
C02096,66588.56,31366.05,69130.65,31343.56,72,338.43,200938.08,1,0,25,0.1725,0.157,0.0366,0,0,0,0,0
C02097,31331.55,19984.85,35506.0,22936.98,66,262.2,54600.29,0,0,42,0.4871,0.2247,0.1849,0,0,1,0,0
C02098,19945.38,13178.53,19168.88,14136.45,73,192.38,21692.63,0,1,24,0.0818,0.1533,0.2035,0,0,0,0,0
C02099,90128.31,43764.56,105060.51,45760.97,66,577.5,184915.67,3,1,39,0.4603,0.4101,0.0382,0,1,0,0,0
C02100,50509.37,19664.53,44866.89,20739.62,68,240.23,12836.5,1,1,27,0.1443,0.4293,0.0458,0,1,0,0,0
C02101,20803.97,11863.53,22609.47,14542.96,76,182.25,35339.66,1,0,28,0.5628,0.2444,0.0644,0,0,0,0,0
C02102,32636.91,12787.28,33912.75,13683.41,83,173.99,63095.67,5,1,46,0.3132,0.3217,0.1489,0,1,0,0,0
C02103,63688.62,37057.61,73196.12,34331.91,81,341.92,59129.57,0,1,9,0.406,0.3501,0.0811,0,0,0,0,0
C02104,39678.44,26854.29,35118.4,29280.38,66,517.45,40835.96,0,2,51,0.5745,0.3468,0.139,0,1,0,1,0
C02105,35738.73,22484.96,30960.64,24928.74,65,405.62,19367.11,0,1,37,0.2577,0.3376,0.2472,0,1,0,0,0
C02106,84526.01,46634.73,96360.1,48156.64,61,912.64,266114.13,1,0,3,0.3569,0.2193,0.0933,0,0,0,0,0
C02107,28089.15,21786.96,28175.92,22740.09,72,283.55,10165.42,0,1,5,0.1793,0.252,0.0523,0,0,0,0,0
C02108,31421.53,12436.21,32650.23,11466.86,70,153.28,98755.46,1,0,24,0.2983,0.1235,0.0211,0,0,0,0,0
C02109,49490.78,36920.16,48047.14,39196.25,72,701.39,166681.56,0,1,58,0.4803,0.2371,0.1147,0,1,0,0,0
C02110,53643.87,38090.26,62202.07,34443.58,72,508.48,112519.99,0,1,3,0.2777,0.2088,0.1341,0,0,0,0,0
C02111,56261.86,30318.52,61095.09,30922.07,72,339.71,176840.95,0,0,38,0.0764,0.3115,0.0593,0,0,0,0,0
C02112,67810.67,28398.45,73159.56,27537.44,74,419.97,130074.25,0,2,43,0.2196,0.4096,0.1241,0,1,0,0,0
C02113,49206.36,20673.56,44760.35,24145.66,61,453.72,15392.67,0,0,15,0.393,0.1996,0.2133,1,1,1,0,1
C02114,56085.95,42895.24,62265.53,53018.22,67,1011.97,57111.94,2,0,9,0.0607,0.3058,0.1084,1,0,0,0,0
C02115,40045.58,18227.43,37279.81,16635.83,63,271.57,136348.78,1,1,44,0.4302,0.4377,0.159,0,0,0,0,0
C02116,46287.72,34408.07,44944.16,36109.4,83,458.42,133505.72,3,1,47,0.5721,0.2665,0.1599,0,0,0,1,0
C02117,47231.11,27227.93,41854.24,27575.27,62,392.78,162664.24,0,0,36,0.2282,0.2401,0.1152,0,0,0,0,0
C02118,49573.51,27651.14,51120.95,30574.77,87,363.37,79933.99,0,1,47,0.4399,0.2937,0.0859,0,1,0,0,0
C02119,63707.7,40058.13,75030.9,42523.67,72,427.19,60453.89,0,2,36,0.375,0.4173,0.1737,0,0,0,0,0
C02120,57770.49,25809.98,62230.57,25900.7,74,417.93,62281.75,1,1,33,0.3987,0.1228,0.0948,0,0,0,0,0
C02121,45904.36,24915.36,45765.8,26441.43,62,476.31,134328.91,2,1,34,0.405,0.2947,0.2162,1,1,0,0,1
C02122,31266.77,24147.89,33239.62,24733.28,56,490.07,27089.3,0,2,30,0.358,0.1958,0.1644,0,2,0,0,0
C02123,46391.42,21210.88,49287.81,26316.26,69,422.76,102340.5,0,1,48,0.4491,0.4156,0.0246,0,1,0,0,0
C02124,44436.2,33980.92,47010.31,32443.71,78,345.42,140802.38,1,1,18,0.4007,0.1644,0.0348,0,1,0,0,0
C02125,49087.0,39141.7,52585.93,42308.2,74,415.36,141780.54,0,0,45,0.3679,0.2257,0.0884,0,0,0,0,0
C02126,121461.69,45348.72,112376.43,50389.5,75,683.08,193749.23,1,1,26,0.1824,0.1659,0.1139,0,0,0,0,0
C02127,35550.87,20943.75,37782.92,23092.94,61,387.69,52842.24,3,0,26,0.5953,0.1936,0.068,0,1,0,0,0
C02128,54417.87,23253.77,45676.74,23585.21,69,414.24,117639.1,1,2,14,0.1791,0.4354,0.234,0,0,0,0,0
C02129,72782.13,45836.1,81448.65,55653.87,74,832.58,119644.44,1,3,44,0.1154,0.1297,0.0442,0,1,0,0,0
C02130,47028.95,37401.85,43157.06,29896.57,79,339.5,52030.26,1,1,44,0.4801,0.2977,0.1476,0,0,0,0,0
C02131,128855.65,97105.16,153507.25,89213.19,67,1346.05,73876.2,1,1,21,0.1258,0.1023,0.1832,0,1,0,0,0
C02132,37960.45,29084.61,28719.8,32854.8,56,597.92,46620.61,0,1,6,0.184,0.2538,0.116,0,1,0,1,0
C02133,52065.51,23221.6,65130.35,21930.18,70,350.94,34598.08,0,1,32,0.5712,0.1754,0.1761,0,0,0,0,0
C02134,31412.31,18660.29,26803.92,17491.76,75,268.69,12773.09,0,1,55,0.3189,0.4047,0.2003,0,0,0,0,0
C02135,38416.09,17505.21,34805.28,17399.07,69,269.86,121243.38,1,0,15,0.4471,0.1609,0.0515,1,0,0,0,0
C02136,50334.1,37989.21,54657.14,36307.16,64,687.9,119663.76,1,1,49,0.2829,0.2473,0.0896,0,0,0,0,0
C02137,65857.9,28715.31,74040.46,32346.38,75,384.51,222778.68,3,1,13,0.4375,0.4157,0.1085,0,2,0,0,0
C02138,51948.62,21781.1,52779.47,25234.02,75,401.0,138412.83,1,0,3,0.5531,0.2585,0.1598,0,0,0,0,0
C02139,79302.07,28189.76,91761.43,29898.0,68,317.09,206994.2,2,1,7,0.3587,0.3616,0.1586,1,0,0,0,0
C02140,43117.46,18621.42,41151.89,21909.13,67,392.8,76563.68,2,0,50,0.4178,0.1893,0.0283,0,1,0,0,0
C02141,38752.17,16872.43,38831.1,14908.95,70,188.63,86945.81,1,2,39,0.0933,0.3684,0.2173,0,0,1,0,0
C02142,151935.45,58475.49,154024.67,61931.77,68,1017.09,78456.19,1,0,54,0.1888,0.3191,0.047,0,0,0,0,0
C02143,53735.26,39790.07,52950.32,48215.8,53,1025.1,128522.55,1,2,52,0.4259,0.2815,0.1848,1,1,0,1,0
C02144,32553.85,22820.22,26625.75,26636.28,78,316.09,75539.74,0,0,26,0.0754,0.258,0.0497,0,0,0,0,0
C02145,32925.38,15294.39,34474.19,18695.18,69,226.93,59734.47,1,0,35,0.3677,0.3497,0.0751,0,0,0,0,0
C02146,29443.01,20682.71,30508.82,20252.4,57,409.43,69663.39,0,1,52,0.5133,0.1316,0.2498,0,0,0,1,0
C02147,68588.08,37035.78,80891.54,42963.83,75,506.61,196304.1,1,0,26,0.604,0.1982,0.1238,1,0,0,0,0
C02148,38194.55,26697.38,34210.34,26664.99,76,313.68,60084.54,1,1,13,0.4548,0.1988,0.1674,0,0,0,0,0
C02149,47654.43,23605.79,46380.68,26471.96,77,373.68,60921.57,0,0,37,0.6141,0.2203,0.1783,0,0,0,0,0
C02150,43732.15,26418.35,52234.51,31895.01,83,428.36,51128.57,3,1,51,0.5953,0.3981,0.0211,1,0,0,1,0
C02151,62541.73,32629.57,67869.96,31151.84,79,277.25,193174.97,2,0,52,0.3023,0.3306,0.2454,0,0,0,0,0
C02152,30741.93,13355.96,34305.71,11049.5,62,178.42,104237.26,1,1,56,0.4786,0.4392,0.0447,0,0,0,0,0
C02153,27733.89,17015.7,30629.64,21639.0,75,344.49,79233.99,0,0,39,0.2714,0.1926,0.1925,0,0,0,0,0
C02154,49779.15,34241.78,55003.21,37959.59,61,586.17,123739.38,0,3,16,0.1082,0.4312,0.1763,0,2,0,0,0
C02155,58973.85,40626.98,74809.87,42136.29,69,556.1,175466.97,1,0,53,0.1983,0.2071,0.0936,0,0,0,0,0
C02156,52263.7,26671.75,55450.99,27486.81,63,467.79,142469.1,0,0,40,0.4267,0.1917,0.2488,0,0,1,0,0
C02157,31262.16,18238.98,29031.25,14563.04,65,182.65,37217.17,1,0,9,0.3021,0.247,0.0589,0,0,0,0,0
C02158,61040.08,42343.52,68771.15,45521.31,67,852.87,65376.09,0,0,12,0.3734,0.1918,0.1752,0,0,0,0,0
C02159,32198.67,12059.17,31619.54,11894.35,71,140.72,99032.6,1,1,8,0.2735,0.3292,0.0272,1,0,0,0,0
C02160,35586.63,13606.54,36896.49,14372.55,74,216.92,107873.07,0,2,50,0.2481,0.2324,0.1102,0,0,0,0,0
C02161,29426.14,15281.0,32204.61,16100.6,61,291.9,33621.88,1,0,9,0.1145,0.3591,0.2057,0,0,0,0,0
C02162,80816.71,36412.96,76892.05,25489.07,74,388.46,88875.91,0,1,57,0.1978,0.2526,0.2145,0,1,0,0,0
C02163,59841.67,31033.33,59169.32,34409.63,63,657.39,202469.64,1,0,40,0.3295,0.3969,0.2215,0,0,1,0,0
C02164,59081.01,23170.91,65408.69,24854.89,62,406.35,124022.82,1,0,50,0.1391,0.3215,0.0858,0,0,0,0,0
C02165,78878.42,48620.94,77629.19,52938.11,83,792.11,212575.56,0,2,23,0.4356,0.1308,0.0455,0,0,0,0,0
C02166,159549.57,104071.51,186163.43,106984.43,85,1342.58,53403.03,2,0,52,0.3912,0.1126,0.0289,0,1,0,0,0
C02167,20853.27,14729.25,19428.18,15552.19,70,283.92,39202.16,1,2,6,0.2264,0.2167,0.0946,0,0,1,1,0
C02168,32278.23,20746.36,30059.33,22213.89,61,274.87,49376.23,1,0,35,0.4808,0.137,0.0884,0,0,0,0,0
C02169,34102.94,18019.03,43608.34,19513.01,60,392.24,36638.81,1,0,49,0.1576,0.3998,0.0776,0,1,0,0,0
C02170,30685.61,23649.94,26585.17,26182.15,76,370.88,38465.76,1,0,10,0.0986,0.3369,0.0219,0,0,0,0,0
C02171,27708.8,18754.68,29005.41,20328.79,68,368.51,83534.08,1,2,51,0.5147,0.2152,0.141,0,2,0,0,0
C02172,39323.35,23100.76,50026.31,29383.42,61,438.55,10382.05,0,1,20,0.4356,0.3343,0.0312,0,1,0,0,0
C02173,26028.47,11532.76,27240.59,11104.65,71,170.77,65144.16,0,0,23,0.1264,0.4068,0.1131,0,2,0,0,0
C02174,52322.77,33593.24,63394.92,33761.39,67,507.92,98529.09,1,2,52,0.3093,0.2231,0.0351,0,2,0,0,0
C02175,46059.16,28385.08,51968.42,35570.89,73,563.47,66341.53,1,0,39,0.1641,0.3638,0.033,0,1,0,0,0
C02176,55875.47,36738.03,58620.95,37893.36,52,797.99,176096.0,0,1,49,0.3453,0.1811,0.2353,0,0,0,0,0
C02177,56550.85,39670.77,58491.82,46089.36,70,813.65,153047.8,0,0,53,0.1395,0.2893,0.1839,1,0,0,0,0
C02178,59028.22,44966.06,46967.68,47945.54,78,588.74,129642.27,2,0,50,0.6381,0.2303,0.1587,0,1,0,1,0
C02179,38039.63,29559.66,38484.94,30229.56,80,396.5,60036.98,1,1,51,0.313,0.2818,0.137,0,1,0,0,0
C02180,116883.42,74055.4,125984.69,86522.61,66,1586.41,376059.46,0,0,54,0.0878,0.1294,0.2488,0,1,0,0,0
C02181,50006.67,39239.25,53897.17,43642.31,79,571.42,164892.74,0,0,47,0.541,0.4149,0.2322,1,2,0,0,1
C02182,19463.57,14795.04,26196.07,12811.3,56,218.79,51010.62,0,2,45,0.6266,0.3992,0.1166,0,0,0,0,0
C02183,28662.61,10065.63,31062.1,10778.47,77,137.24,45880.87,1,0,13,0.4861,0.2742,0.0688,0,1,1,0,0
C02184,20561.82,13096.4,23144.75,12187.41,62,228.71,70826.65,2,1,17,0.0979,0.1678,0.1882,0,0,0,0,0
C02185,45352.4,19515.65,53960.08,23468.31,76,390.27,15760.64,1,1,24,0.6272,0.1179,0.2182,0,1,0,0,0
C02186,42599.82,20568.76,47492.85,25925.5,63,338.41,127935.71,2,0,21,0.3191,0.319,0.0501,0,1,0,0,0
C02187,36447.43,17636.0,37893.45,22483.73,81,235.92,42980.41,3,0,6,0.5533,0.2821,0.0256,0,0,0,1,0
C02188,111227.68,63111.51,115705.43,68974.67,55,1023.06,201177.43,1,1,37,0.279,0.1495,0.041,0,1,0,0,0
C02189,57610.5,20445.38,58066.86,20335.21,73,226.51,27837.58,0,1,27,0.1059,0.1958,0.165,0,1,0,0,0
C02190,62390.11,28456.65,68835.34,30978.22,69,331.01,108519.81,1,1,34,0.2519,0.2493,0.1361,0,2,0,0,0
C02191,29597.19,10746.87,30472.13,10072.32,81,146.56,28332.47,2,0,36,0.6462,0.3655,0.2408,0,1,0,1,0
C02192,28704.31,18449.73,32292.13,24565.08,83,267.44,35651.82,1,1,38,0.0756,0.1168,0.2352,0,0,0,0,0
C02193,45751.52,34321.85,42499.02,40957.04,73,535.69,94627.03,0,0,49,0.3937,0.2936,0.1146,1,1,1,0,1
C02194,48643.38,38866.3,51932.73,42229.91,75,686.55,165780.01,0,0,49,0.5103,0.2449,0.0365,0,0,0,0,0
C02195,19517.71,10770.86,24128.73,12598.09,70,224.88,18413.95,0,0,9,0.1917,0.435,0.094,0,0,0,0,0
C02196,41492.98,19379.86,42449.2,19205.31,77,256.2,55243.42,2,1,42,0.2996,0.1862,0.1914,0,0,0,0,0
C02197,45285.86,33235.14,57565.59,30478.12,67,345.01,44891.74,1,0,9,0.563,0.3221,0.075,0,0,0,0,0
C02198,40847.49,16376.63,43692.13,12845.99,72,173.74,76246.05,1,1,20,0.246,0.143,0.0251,0,0,0,0,0
C02199,31206.82,24603.7,32555.55,26079.1,90,361.65,33797.15,2,0,23,0.3591,0.3903,0.0655,1,0,0,0,0
C02200,35299.6,23709.92,37558.57,24303.18,57,529.15,29451.52,0,1,38,0.5798,0.136,0.1839,0,0,0,0,0
C02201,41557.41,23969.09,42082.25,26661.17,77,309.91,97738.58,0,0,22,0.3775,0.406,0.1785,0,1,0,0,0
C02202,46876.78,18445.67,38079.57,19396.89,77,323.1,36559.68,0,1,16,0.3639,0.1962,0.1262,0,1,1,0,0
C02203,59075.64,21160.2,68269.05,23421.51,67,312.73,121612.24,2,0,54,0.2724,0.2559,0.1196,1,0,0,0,0
C02204,73189.19,43550.46,96106.6,49966.75,52,1142.07,27705.13,1,1,55,0.4733,0.1601,0.0868,0,0,0,0,0
C02205,39417.35,21136.87,43660.68,18490.08,85,274.47,101298.48,1,1,47,0.6305,0.221,0.1082,0,0,0,0,0
C02206,36649.22,26724.58,40862.36,30847.32,75,319.98,7388.2,0,0,54,0.2321,0.2162,0.1049,0,0,0,0,0
C02207,54795.47,35016.36,56334.61,35058.74,76,403.79,133748.86,2,1,25,0.2693,0.266,0.054,0,0,0,0,0
C02208,59236.78,32245.74,70428.67,35860.8,64,580.81,40174.36,2,0,29,0.197,0.2033,0.1067,0,0,0,0,0
C02209,37013.11,16718.94,38689.34,19605.75,66,273.67,93247.46,0,0,5,0.2371,0.1484,0.0914,1,0,1,0,0
C02210,64221.6,36361.63,69492.03,42670.05,65,845.22,30047.27,1,0,5,0.131,0.2595,0.1727,0,1,0,0,0
C02211,69928.68,29604.13,60290.69,31543.15,64,464.23,87614.15,0,0,20,0.1946,0.1103,0.075,0,1,0,0,0
C02212,80472.97,52319.96,79384.9,56056.5,72,936.45,204761.95,1,2,31,0.634,0.1043,0.1345,1,0,0,1,0
C02213,100173.82,62366.03,109598.41,72159.33,84,703.3,224727.99,0,1,59,0.6034,0.3437,0.1996,0,0,0,0,0
C02214,30470.99,21772.5,35311.78,18939.01,69,354.04,35228.89,1,1,15,0.498,0.3125,0.0371,0,1,0,0,0
C02215,45282.32,25008.89,52626.79,23403.58,56,475.61,77416.14,0,2,25,0.3324,0.2239,0.0777,1,1,1,0,1
C02216,45228.95,21501.48,38919.44,21856.02,65,238.19,58787.22,1,0,34,0.6038,0.2626,0.1893,0,0,1,0,0
C02217,43057.2,31275.8,37574.57,27837.48,74,302.23,10331.58,2,1,3,0.2813,0.2933,0.1668,0,1,0,1,0
C02218,33598.93,22207.17,37634.04,22593.44,69,249.3,68983.06,1,0,37,0.1934,0.174,0.0234,0,1,0,0,0
C02219,23061.39,15405.45,22147.76,15572.41,75,219.04,79937.91,0,0,22,0.5524,0.3953,0.1052,0,0,1,0,0
C02220,46916.44,27569.89,54298.8,29236.56,63,557.03,88870.51,0,1,42,0.0763,0.3128,0.1283,0,1,0,0,0
C02221,31845.7,23699.27,27208.33,24722.46,56,517.02,45490.47,0,1,29,0.4805,0.2866,0.1107,0,0,0,0,0
C02222,46775.5,21166.03,48561.89,24940.4,69,378.42,85745.89,0,0,59,0.12,0.2559,0.1606,1,0,0,0,0
C02223,31479.7,16708.21,32924.35,18692.49,78,256.49,80598.9,1,0,59,0.3939,0.1194,0.1021,0,1,0,0,0
C02224,27434.91,19432.27,30388.44,20238.25,76,337.1,14437.64,0,0,20,0.5054,0.4015,0.0434,0,0,0,0,0
C02225,50003.69,20493.13,46316.46,20698.24,75,268.1,83768.34,0,1,37,0.3107,0.2291,0.0292,0,0,0,0,0
C02226,48162.33,34371.01,39203.57,35893.41,73,565.58,37197.23,0,0,40,0.1384,0.3555,0.1899,0,1,1,0,0
C02227,58401.37,29706.9,62521.75,31085.8,66,357.15,136450.15,1,0,56,0.3186,0.3709,0.022,0,0,0,0,0
C02228,120337.61,48914.43,133956.41,66144.57,67,741.12,402117.15,0,0,5,0.3393,0.1783,0.206,0,0,0,0,0
C02229,50980.48,19658.95,59692.77,17203.49,72,191.88,49380.21,1,0,3,0.4022,0.3212,0.0857,0,1,0,0,0
C02230,55977.47,40827.89,56367.85,38331.14,64,763.48,83373.39,1,0,41,0.1924,0.1415,0.2177,1,1,0,0,0
C02231,27709.07,19406.8,31673.74,17878.49,77,268.36,30323.9,0,1,26,0.2814,0.1808,0.1039,0,0,0,0,0
C02232,25217.9,12094.98,27948.82,13090.54,82,199.06,37235.81,0,0,6,0.3012,0.3082,0.1354,0,0,0,0,0
C02233,91737.91,36911.94,110882.57,39774.86,68,528.74,157362.5,0,1,60,0.1637,0.3567,0.0694,0,0,0,0,0
C02234,29698.5,13698.6,30986.03,13441.49,95,113.26,82258.17,0,1,27,0.3703,0.1759,0.1628,0,1,0,0,0
C02235,28131.44,12542.24,23698.26,14518.08,76,140.59,57788.48,0,1,34,0.2028,0.1694,0.2019,0,0,0,0,0
C02236,44215.17,30060.79,46066.94,32897.29,78,406.05,81962.29,0,1,32,0.6248,0.4019,0.0909,0,0,0,0,0
C02237,43210.17,19315.09,45829.32,22455.19,79,364.72,12966.85,0,0,12,0.4553,0.3415,0.2361,0,1,0,0,0
C02238,29980.12,13408.44,33343.39,16015.24,74,156.95,10174.89,0,1,20,0.3851,0.2424,0.0363,0,1,0,0,0
C02239,39229.32,14299.9,33975.66,11358.05,78,182.94,119289.15,0,1,31,0.4387,0.3203,0.0551,0,0,0,0,0
C02240,78247.87,48403.1,79230.24,54805.57,78,608.21,229684.09,0,0,28,0.1311,0.4274,0.1088,0,0,1,0,0
C02241,31310.87,20666.45,36138.14,18500.46,73,186.12,20635.0,1,0,14,0.1787,0.4347,0.094,0,0,0,0,0
C02242,24034.97,15480.22,24936.52,16717.55,76,176.79,74583.01,1,0,12,0.2098,0.1602,0.1955,0,0,0,0,0
C02243,68774.26,41668.24,69689.78,43387.16,72,457.61,235973.93,1,0,32,0.3247,0.2197,0.0496,0,0,0,0,0
C02244,56159.51,44070.26,71814.49,46113.99,72,709.63,143827.9,3,1,52,0.629,0.2684,0.1488,1,1,1,0,1
C02245,34036.35,19153.36,31367.88,17342.32,79,279.55,58936.15,1,1,28,0.3918,0.4048,0.076,0,2,0,0,0
C02246,22080.33,16274.56,26451.77,19100.78,73,338.35,20540.98,0,1,21,0.4765,0.1771,0.1351,0,0,0,0,0
C02247,32187.62,20622.75,37741.6,18460.26,73,187.77,100787.78,1,1,54,0.2564,0.2577,0.1032,1,0,1,0,1
C02248,43905.76,17029.85,44914.71,19415.12,77,259.28,60122.06,1,1,60,0.3745,0.1234,0.1416,0,1,0,0,0
C02249,76036.61,54331.18,79538.33,47712.19,73,628.01,75536.83,0,2,34,0.1101,0.2161,0.0568,0,0,0,0,0
C02250,28224.79,17301.09,29512.54,18129.07,66,238.34,59288.87,0,2,59,0.3334,0.3691,0.1679,1,0,0,0,0
C02251,43320.61,27902.22,46432.49,35338.92,61,592.68,138190.23,3,1,32,0.1332,0.4088,0.1956,0,0,0,0,0
C02252,60975.83,26286.82,59674.3,35050.74,59,503.33,187368.87,0,0,13,0.4945,0.1803,0.0965,0,0,0,0,0
C02253,15411.16,8427.91,15389.93,7212.22,85,100.0,44255.65,0,1,20,0.138,0.2559,0.1928,0,2,1,0,0
C02254,71655.24,53473.59,72183.56,51626.37,58,1133.22,87482.58,0,0,27,0.2243,0.2791,0.0839,0,0,0,0,0
C02255,26431.59,11813.44,26727.73,11663.18,76,176.35,71946.73,1,1,21,0.6184,0.107,0.1903,1,0,0,0,0
C02256,52251.07,18290.81,52915.15,24154.97,74,378.45,165309.04,0,2,8,0.6117,0.3227,0.1598,0,1,0,1,0
C02257,50283.14,23425.86,39276.22,24405.08,76,323.25,149107.53,1,0,56,0.4265,0.1836,0.1321,0,0,0,0,0
C02258,73312.15,41743.51,77836.82,49213.91,70,671.43,162673.31,2,1,38,0.4774,0.3017,0.0663,0,0,0,0,0
C02259,57660.85,41491.31,56894.19,45058.11,71,590.04,119227.32,0,2,26,0.6192,0.3496,0.0958,0,0,0,1,0
C02260,15438.77,9872.8,12752.16,8945.69,84,100.0,46076.93,1,0,29,0.6194,0.2878,0.0312,1,0,0,0,0
C02261,31611.21,24137.64,31863.91,19957.58,81,316.3,60933.35,2,1,54,0.0686,0.1556,0.1554,0,1,0,0,0
C02262,47887.51,26577.76,48092.72,25951.3,74,387.62,48435.98,1,0,24,0.0531,0.1148,0.0929,0,0,1,0,0
C02263,41219.92,21676.19,49588.77,28786.51,57,507.37,69656.29,0,0,27,0.5384,0.2265,0.0612,0,1,0,0,0
C02264,55789.59,25336.18,54969.06,27386.23,70,421.74,167502.46,3,0,20,0.1553,0.1739,0.0508,1,1,0,0,0
C02265,64191.93,28766.21,72545.53,33844.16,67,655.83,16824.18,0,0,43,0.383,0.1721,0.2123,1,0,0,0,0
C02266,59173.02,40311.59,71950.7,35466.58,65,463.87,92760.16,1,0,27,0.6073,0.4022,0.2328,0,0,0,0,0
C02267,40863.56,15779.94,39826.93,15953.1,85,230.33,123887.01,0,1,56,0.0887,0.3079,0.1488,0,1,0,0,0
C02268,19605.51,9003.27,20474.04,10294.89,68,115.1,39044.43,0,1,27,0.1087,0.2552,0.1235,0,0,0,0,0
C02269,36660.36,27445.88,46098.31,25224.41,64,277.21,54978.05,1,2,54,0.2337,0.3127,0.2456,0,0,0,0,0
C02270,54273.07,33085.64,58477.99,34485.96,78,551.46,138560.68,1,0,60,0.1473,0.2325,0.0981,0,0,0,0,0
C02271,27548.86,10219.65,30161.87,9651.72,77,100.0,61339.88,3,1,39,0.0799,0.2406,0.2421,0,0,0,0,0
C02272,59783.88,39870.76,59851.41,45818.36,74,688.34,123000.88,1,0,9,0.1729,0.1606,0.2042,0,1,0,0,0
C02273,67723.92,39144.91,76693.69,42974.14,58,731.5,65258.8,0,0,35,0.3282,0.3178,0.0499,0,1,0,0,0
C02274,47643.81,34996.03,49799.35,39615.73,72,520.79,154333.65,2,0,43,0.642,0.2142,0.1705,0,1,0,0,0
C02275,12000.0,7885.14,9961.77,9103.63,52,226.52,5736.8,2,0,3,0.1162,0.1441,0.2386,1,0,0,0,0
C02276,25318.18,8912.02,25504.83,9114.14,78,104.45,62858.16,3,1,7,0.6054,0.1672,0.0798,0,0,0,1,0
C02277,105156.28,46540.34,95483.85,54470.24,61,675.09,253313.02,2,0,53,0.3818,0.296,0.1037,1,2,0,0,0
C02278,35188.54,16400.8,37421.92,16059.97,79,172.1,22150.23,2,1,51,0.6488,0.2765,0.1087,0,0,0,0,0
C02279,18426.65,12272.23,17320.67,13807.32,64,275.76,9760.62,0,2,11,0.4558,0.1329,0.0568,0,2,0,0,0
C02280,78454.89,45440.4,86879.02,36965.11,66,706.42,104275.46,1,1,6,0.4502,0.2627,0.2101,0,0,0,0,0
C02281,45271.27,31071.99,47778.01,29842.7,76,343.66,21145.2,0,2,23,0.1756,0.2436,0.1864,0,0,0,0,0
C02282,73986.73,42970.77,66605.73,57060.73,77,761.5,247614.76,1,1,6,0.3,0.4101,0.1025,0,0,0,0,0
C02283,50972.89,25349.99,50508.8,28476.12,70,429.06,154740.08,1,1,45,0.1951,0.3652,0.1542,0,0,0,0,0
C02284,55313.34,21939.89,62198.05,24646.43,70,453.4,184149.19,0,0,47,0.2317,0.2146,0.1987,0,0,1,0,0
C02285,52985.41,23376.1,62933.91,22233.77,78,306.12,183975.93,0,0,32,0.3325,0.1149,0.0808,0,3,0,0,0
C02286,61592.01,32665.39,58001.78,30009.52,77,471.49,57060.5,1,0,3,0.3378,0.3147,0.1592,0,0,0,0,0
C02287,125399.69,75008.38,115155.43,76379.3,87,690.84,343807.17,0,0,4,0.4336,0.3672,0.2024,0,0,0,0,0
C02288,69659.24,53803.88,89450.7,56060.66,64,872.55,118867.47,3,1,9,0.3498,0.4057,0.2484,1,1,0,0,0
C02289,22098.5,10118.33,23177.52,12948.79,76,197.37,7568.38,0,2,9,0.4272,0.3536,0.2275,0,2,0,0,0
C02290,55017.99,35747.29,58372.78,41905.57,71,427.99,104452.34,1,0,19,0.2326,0.437,0.1461,0,0,0,0,0
C02291,75213.36,31487.75,72300.57,33473.72,63,509.6,35440.46,0,3,45,0.5121,0.3764,0.0304,0,0,0,0,0
C02292,77314.22,51892.44,83176.68,54896.27,65,1070.06,267133.94,3,1,23,0.1418,0.2443,0.212,0,1,1,0,0
C02293,37139.84,13188.48,46640.64,15047.75,73,240.8,109445.09,1,1,33,0.4844,0.2463,0.2418,0,0,0,0,0
C02294,76011.72,49040.02,82132.47,43731.17,70,489.43,222459.58,0,0,4,0.2712,0.2376,0.0242,0,0,0,0,0
C02295,68316.18,28928.34,80462.49,23704.98,72,327.11,31228.87,1,0,37,0.2907,0.3657,0.1184,0,1,0,0,0
C02296,143207.6,61743.38,150866.07,70338.47,69,994.78,32283.49,0,1,16,0.5148,0.2824,0.0615,0,2,0,0,0
C02297,32109.81,19314.32,29762.7,20446.95,83,190.25,34776.9,1,0,8,0.2101,0.1962,0.2005,0,0,0,0,0
C02298,35813.76,18585.02,34668.14,16587.99,65,225.94,105430.75,3,2,14,0.4829,0.3875,0.07,0,1,0,1,0
C02299,39209.1,22038.94,35910.19,17600.61,69,206.21,82878.32,2,1,11,0.274,0.1948,0.1274,0,0,0,0,0
C02300,36091.69,17648.83,38839.5,20424.36,74,356.88,84917.95,0,1,11,0.4103,0.1934,0.1587,0,3,0,0,0
C02301,30149.04,23487.92,36084.38,23192.28,84,276.87,18831.44,0,0,22,0.6017,0.1675,0.2458,0,1,0,0,0
C02302,12980.63,6241.03,13880.47,6852.84,68,100.0,22332.41,0,0,48,0.6198,0.4319,0.2258,0,1,0,0,0
C02303,37004.8,21977.94,37488.31,22381.21,79,277.76,64185.83,0,0,6,0.4454,0.317,0.1242,0,1,0,0,0
C02304,53137.01,39027.01,50758.77,40818.01,68,452.66,182373.85,2,2,57,0.2152,0.1236,0.1541,0,1,0,0,0
C02305,36043.0,23387.63,39382.51,22894.85,64,431.06,99292.45,0,0,38,0.3193,0.3786,0.0388,0,0,1,0,0
C02306,107510.02,53244.3,96912.13,55417.66,73,822.62,69090.02,1,0,28,0.15,0.2917,0.0292,0,0,0,0,0
C02307,45271.68,27099.47,41374.14,30331.05,63,487.46,77634.28,1,1,3,0.4153,0.1934,0.0452,0,1,0,0,0
C02308,80449.17,31161.67,93161.72,31688.69,86,419.3,220891.77,0,3,52,0.3135,0.2414,0.1923,0,2,0,0,0
C02309,50617.72,30145.83,51461.61,30449.13,71,379.75,141206.53,2,0,42,0.3521,0.422,0.2234,0,2,1,0,0
C02310,65270.87,35515.52,66204.6,39880.53,75,502.07,111051.91,0,0,6,0.5104,0.2617,0.1625,0,1,0,0,0
C02311,51025.28,35262.05,52541.35,39877.91,60,501.31,148906.55,2,2,15,0.5421,0.3692,0.1107,0,0,0,1,0
C02312,83313.91,60948.82,94736.63,55676.82,71,662.55,147372.0,0,2,7,0.1231,0.3228,0.1227,0,1,0,0,0
C02313,46147.15,20296.78,49371.0,21241.21,86,177.72,14321.16,0,0,34,0.451,0.2912,0.2446,0,0,0,0,0
C02314,56256.23,21753.79,54052.69,21474.22,62,264.13,161992.88,2,1,32,0.3128,0.2888,0.15,0,0,0,0,0
C02315,53064.72,27898.81,51215.36,29339.68,61,525.52,184724.07,0,0,19,0.3364,0.3311,0.1753,0,0,0,0,0
C02316,39525.03,23334.3,40575.87,28516.29,70,340.34,44165.46,0,0,40,0.437,0.42,0.0946,1,0,0,0,0
C02317,53995.71,28054.06,58653.72,30665.22,71,304.08,129470.26,1,0,13,0.6247,0.1628,0.0405,0,1,0,0,0
C02318,122994.09,77837.12,128619.69,101944.01,75,1111.12,189178.21,1,1,5,0.6433,0.1751,0.2248,0,1,0,1,0
C02319,39844.48,23011.9,41241.47,24768.89,77,284.53,61363.09,1,0,50,0.2761,0.1813,0.1209,0,1,0,0,0
C02320,54348.75,41929.07,57368.05,43187.99,79,429.04,175406.98,2,2,23,0.5068,0.3009,0.0441,0,0,0,0,0
C02321,79254.41,42339.77,82872.61,44356.75,78,470.76,266925.41,1,1,27,0.0641,0.4008,0.0705,0,0,1,0,0
C02322,75171.82,29100.69,71890.88,31053.8,80,498.99,42019.52,1,0,17,0.431,0.3309,0.0252,0,0,0,0,0
C02323,45237.88,21979.77,53509.46,23930.3,94,181.88,117585.41,2,0,42,0.3536,0.2397,0.0292,0,1,0,0,0
C02324,15396.46,9586.64,15275.18,8924.82,77,120.42,12224.45,2,1,29,0.507,0.1115,0.0936,0,1,0,0,0
C02325,56779.69,26414.55,60499.13,26996.22,64,493.65,110852.87,0,3,25,0.3951,0.2858,0.167,0,0,0,0,0
C02326,16575.06,7807.6,13305.79,7519.28,66,146.84,47120.11,0,0,11,0.3989,0.2802,0.02,0,2,0,0,0
C02327,87193.89,43841.75,89302.16,51450.69,66,713.39,81732.76,2,2,5,0.5119,0.2511,0.1171,0,0,0,1,0
C02328,48566.1,33304.87,44586.07,27274.02,71,339.12,61820.84,0,0,39,0.0548,0.3288,0.1341,0,0,0,0,0
C02329,70563.7,54549.97,65801.87,58304.55,79,704.11,234031.4,2,0,56,0.4984,0.14,0.2285,0,0,0,0,0
C02330,29985.46,15222.7,40200.37,13210.56,57,249.55,47329.36,1,2,23,0.3954,0.3484,0.071,0,0,1,0,0
C02331,22377.01,9800.45,24165.9,10798.81,66,157.75,10139.53,1,0,35,0.1447,0.199,0.0862,1,0,0,0,0
C02332,50602.55,27289.28,60577.46,27347.44,72,341.01,79666.25,1,0,45,0.1957,0.3121,0.1815,0,0,0,0,0
C02333,44324.65,22531.45,51090.21,18745.82,81,288.65,74913.78,0,1,7,0.2194,0.3884,0.1836,0,1,0,0,0
C02334,36070.27,28694.31,42129.69,33373.42,74,426.92,99905.6,2,1,28,0.5737,0.1648,0.1317,0,0,0,0,0
C02335,46747.47,26119.71,47968.11,19538.42,80,198.22,63092.05,0,0,56,0.5658,0.2431,0.0356,0,0,0,0,0
C02336,156336.17,102506.11,194289.63,107244.94,70,1988.18,96623.25,0,2,32,0.5902,0.3238,0.1601,0,0,0,0,0
C02337,65509.75,49866.32,75441.19,56495.7,71,827.31,181320.33,0,2,48,0.5227,0.3239,0.2206,0,1,0,0,0
C02338,72163.68,45685.22,76129.81,55517.03,66,1018.16,103812.32,1,1,10,0.5804,0.3945,0.0212,0,2,0,0,0
C02339,65787.78,30408.45,71155.72,26053.39,66,352.33,19931.26,0,0,43,0.6312,0.2837,0.2392,0,0,1,0,0
C02340,87568.42,54584.42,90510.03,53933.62,60,754.04,258042.65,2,0,30,0.5229,0.3456,0.1056,0,1,0,0,0
C02341,41311.06,21929.74,43635.58,25877.94,63,334.36,140026.86,1,0,39,0.3789,0.1112,0.1409,0,0,0,0,0
C02342,17850.29,9640.18,18649.41,11453.97,76,173.79,60282.26,3,0,14,0.509,0.1586,0.0207,0,0,0,0,0
C02343,41338.68,32686.33,45298.27,39344.19,73,689.87,92926.15,0,0,29,0.2847,0.4457,0.1735,0,1,0,0,0
C02344,64841.35,30823.37,81622.09,41839.33,58,912.42,69408.44,0,1,33,0.4119,0.2711,0.2288,0,1,0,0,0
C02345,29085.86,16317.78,26333.59,16137.58,63,287.99,89050.07,1,0,56,0.5658,0.111,0.0598,0,5,0,0,0
C02346,41566.64,17538.63,49343.03,19199.29,73,298.19,32718.83,2,1,38,0.15,0.1142,0.0521,0,1,0,0,0
C02347,32962.35,14185.18,33153.93,14305.7,59,208.27,88099.11,0,0,26,0.1654,0.3659,0.1029,0,0,0,0,0
C02348,88462.23,54985.29,106363.41,44702.29,75,551.43,272329.72,0,1,13,0.5681,0.2097,0.2425,0,1,0,0,0
C02349,63049.37,43375.26,63679.02,45075.56,73,456.78,205597.11,1,1,45,0.2557,0.1954,0.2201,0,1,0,0,0
C02350,60331.59,38395.44,66336.41,31126.27,59,547.47,125401.18,1,1,25,0.1501,0.3984,0.0705,0,1,0,0,0
C02351,59524.21,29653.64,61365.81,29282.99,76,491.32,199909.78,1,0,53,0.0897,0.3656,0.1849,0,1,0,0,0
C02352,44251.99,16675.4,37274.73,14571.31,76,210.62,14091.8,0,2,54,0.2994,0.2414,0.0399,0,0,1,0,0
C02353,49183.73,27622.5,61906.44,30458.31,79,369.84,16019.08,0,0,37,0.3826,0.1069,0.0453,0,0,0,0,0
C02354,26399.09,15230.2,24732.5,14568.85,87,147.95,71624.82,1,0,56,0.2811,0.4351,0.1062,0,0,0,0,0
C02355,16823.28,11722.35,17833.79,9797.24,60,162.69,58758.01,0,1,30,0.4125,0.4173,0.2167,0,1,0,0,0
C02356,48144.12,30722.22,44471.17,35449.73,68,473.05,33100.71,1,2,5,0.4773,0.4001,0.0502,0,0,0,1,0
C02357,52063.19,38634.34,46313.32,37766.99,76,623.61,74750.79,0,0,11,0.1759,0.3486,0.0559,0,1,0,0,0
C02358,77542.92,54461.67,79513.07,54360.79,71,861.95,267835.37,1,0,18,0.1404,0.3011,0.2068,0,1,0,0,0
C02359,91264.66,46968.9,89327.9,43806.44,69,543.7,280810.64,0,3,42,0.4693,0.3912,0.0246,0,2,0,1,0
C02360,91209.75,57872.55,82977.36,68746.18,65,1016.85,141913.79,1,2,22,0.43,0.2448,0.2017,0,0,0,0,0
C02361,28718.8,19709.11,30032.63,21334.36,71,212.64,90148.22,1,0,22,0.5099,0.3304,0.1776,0,1,0,0,0
C02362,38403.29,29977.46,33494.25,29270.88,59,353.77,64844.67,1,0,30,0.1361,0.1958,0.1477,0,1,1,0,0
C02363,55858.01,30166.59,59491.96,24746.13,53,451.58,73716.42,0,0,60,0.215,0.4434,0.1323,1,3,0,0,0
C02364,140614.15,90235.88,145496.38,121933.59,75,1564.07,300777.49,1,0,47,0.5719,0.1288,0.1153,0,1,0,0,0
C02365,87593.53,46135.4,65901.1,59400.44,68,617.67,98045.09,0,1,57,0.1676,0.3717,0.1726,0,0,0,0,0
C02366,74469.62,50789.97,73518.4,62124.88,66,866.17,176341.93,2,0,51,0.0938,0.1942,0.0443,0,1,0,0,0
C02367,37794.29,28738.66,41808.39,27750.61,85,281.78,43814.7,1,1,18,0.1596,0.3637,0.0876,0,1,0,0,0
C02368,30241.73,23094.15,27894.2,22860.58,61,325.22,56705.78,0,1,24,0.3814,0.2137,0.1173,1,0,0,0,0
C02369,64178.68,26999.29,71329.15,29647.37,82,326.14,176540.2,1,0,36,0.1849,0.1977,0.1905,0,1,0,0,0
C02370,27422.53,12116.47,30217.48,11422.65,64,188.97,83542.19,1,1,12,0.5588,0.3947,0.0428,0,1,0,0,0
C02371,40421.67,27879.57,37506.2,25963.46,61,482.95,13447.16,1,1,15,0.3623,0.2212,0.2401,0,3,0,1,0
C02372,42734.75,27091.89,44808.5,33188.29,84,369.42,110872.88,1,1,59,0.2816,0.2208,0.2463,0,0,0,0,0
C02373,92155.09,69788.89,105886.1,72816.55,62,1513.84,288626.85,1,0,41,0.2709,0.17,0.1167,0,1,0,0,0
C02374,38361.28,18843.46,36244.87,17253.36,74,244.62,100906.14,2,2,42,0.2055,0.1997,0.1602,0,1,0,0,0
C02375,15014.26,10984.57,15394.16,12789.56,74,192.88,14417.71,1,0,59,0.6084,0.2843,0.1396,0,0,1,0,0
C02376,56467.35,37138.53,67084.83,36437.8,83,426.48,150433.09,1,1,37,0.4441,0.3235,0.131,0,0,0,0,0
C02377,32854.96,14389.0,31116.41,11690.74,70,211.06,93815.72,1,0,7,0.576,0.3813,0.0621,0,1,0,0,0
C02378,45871.61,18666.19,50692.67,17057.58,72,242.42,36370.54,0,1,40,0.6296,0.1812,0.0718,0,0,0,0,0
C02379,43278.04,28832.94,39837.31,28487.54,70,466.77,138863.1,1,1,19,0.5048,0.207,0.1219,0,1,0,0,0
C02380,39785.23,16761.82,41006.02,18042.34,54,338.28,43724.87,0,1,13,0.4175,0.3103,0.1363,1,2,0,0,0
C02381,64220.07,45432.36,70873.73,48640.27,66,899.39,213423.63,1,1,38,0.6239,0.3555,0.1916,0,0,1,0,0
C02382,22575.68,13561.05,17190.41,16237.08,77,244.38,41731.42,0,0,59,0.5598,0.3587,0.0655,0,1,0,0,0
C02383,35659.16,20132.81,35155.7,20566.8,55,446.88,22357.47,2,0,8,0.3367,0.214,0.2234,0,0,0,0,0
C02384,61220.34,29017.71,67435.42,28847.14,64,332.57,155166.37,0,1,36,0.3568,0.4019,0.0735,0,2,0,0,0
C02385,34135.04,27059.89,36766.89,32455.78,70,483.78,70726.67,0,2,38,0.452,0.3401,0.0354,1,1,0,1,0
C02386,21817.22,14726.08,21540.46,17191.88,69,252.57,59284.15,0,1,35,0.4912,0.1464,0.0829,0,1,0,0,0
C02387,60795.29,42564.53,55776.65,43602.47,54,754.0,72099.32,0,0,50,0.1666,0.3476,0.2323,0,0,0,0,0
C02388,74593.63,51911.19,83948.85,56325.9,64,762.73,28955.52,0,0,24,0.2312,0.3582,0.1197,0,0,0,0,0
C02389,44098.01,27023.57,44596.81,26833.36,71,449.94,33894.18,0,0,30,0.5575,0.3509,0.1106,1,1,1,0,1
C02390,18620.85,14391.39,20770.47,13103.95,64,178.88,33056.38,1,3,47,0.604,0.2426,0.0355,0,0,0,1,0
C02391,61827.54,37882.95,67739.91,49765.63,74,699.67,21701.74,1,1,11,0.4604,0.3055,0.0266,0,0,0,0,0
C02392,21321.44,12452.16,21242.76,12265.04,68,180.04,50642.6,2,0,3,0.3899,0.299,0.0656,0,1,0,0,0
C02393,51708.5,24466.9,60949.19,26556.35,59,452.81,96476.66,2,1,23,0.1202,0.1048,0.11,0,0,0,0,0
C02394,30183.75,14391.04,29540.44,12493.7,54,291.58,26920.05,3,0,44,0.5003,0.2984,0.229,1,2,0,0,0
C02395,26701.9,18199.96,31851.48,20718.36,71,360.67,75735.29,2,1,12,0.3767,0.2388,0.1168,0,1,0,1,0
C02396,36884.93,18466.27,44577.47,16717.46,76,231.72,86978.26,0,1,50,0.5373,0.3955,0.0386,0,0,0,0,0
C02397,41437.18,28091.09,48730.7,35151.92,64,451.33,83394.67,0,1,54,0.1832,0.3474,0.2403,0,0,0,0,0
C02398,33675.44,26223.67,34629.55,33191.02,72,373.83,87074.48,2,1,12,0.4232,0.165,0.1522,0,2,0,0,0
C02399,58649.5,32121.64,79508.16,35908.04,70,392.68,126471.85,0,1,35,0.185,0.1531,0.1928,0,1,0,0,0
C02400,36815.95,14498.0,39327.59,15422.76,72,209.31,8522.4,1,0,59,0.1559,0.4355,0.0967,0,0,0,0,0
C02401,69947.74,45462.25,75468.49,46712.92,84,452.55,140272.73,1,1,45,0.3293,0.1926,0.0648,0,0,0,0,0
C02402,51069.65,18093.23,53487.93,18894.66,66,276.81,52611.66,0,1,36,0.3854,0.2847,0.0639,0,0,1,0,0
C02403,32876.62,23150.12,30063.3,25444.49,78,296.7,89993.85,0,0,35,0.5963,0.2873,0.0411,0,3,0,0,0
C02404,30477.53,17876.41,36737.88,18962.75,71,192.02,73053.27,1,1,38,0.5966,0.4175,0.2201,0,0,0,0,0
C02405,21440.66,12229.31,21039.97,14281.45,73,229.56,46284.4,0,0,59,0.4903,0.1956,0.0872,0,2,0,0,0
C02406,51289.83,31094.4,59514.32,29222.65,75,494.93,100691.7,0,0,55,0.2203,0.2805,0.0672,0,1,0,0,0
C02407,38363.18,22342.1,45619.43,27556.07,69,376.88,40248.66,2,1,58,0.5396,0.1998,0.2177,0,1,0,0,0
C02408,15474.21,7670.56,17368.23,7665.04,78,100.0,36523.19,2,0,34,0.0795,0.3546,0.1031,1,0,0,0,0
C02409,35360.34,16855.53,34192.16,16189.65,60,196.85,99748.84,2,1,30,0.3677,0.2018,0.0864,0,3,0,0,0
C02410,29999.99,16106.51,30272.11,17612.69,68,184.09,44864.39,1,0,42,0.3617,0.366,0.1607,0,1,0,0,0
C02411,91443.14,68830.09,66639.27,75794.76,67,1222.5,124205.86,1,1,8,0.4803,0.1281,0.091,0,0,0,1,0
C02412,20913.86,8593.85,21667.26,7232.58,69,107.31,68928.72,1,3,37,0.1841,0.2149,0.1642,1,0,0,0,0
C02413,23524.79,11671.68,26967.06,11581.42,69,196.52,66912.75,0,1,45,0.5777,0.2644,0.1895,0,1,0,0,0
C02414,74154.36,32370.99,75748.63,25552.17,64,409.92,30331.76,2,0,55,0.1361,0.2811,0.1954,0,1,0,0,0
C02415,82864.43,44930.06,81140.05,43533.41,73,486.62,92261.42,2,0,42,0.1228,0.2221,0.024,0,0,0,0,0
C02416,32182.41,13197.18,32641.67,12855.15,76,205.98,96951.85,2,1,24,0.2956,0.2984,0.0797,0,0,0,0,0
C02417,33859.64,23443.0,40490.85,25451.95,67,468.21,91050.0,1,2,32,0.461,0.1842,0.2055,0,1,0,0,0
C02418,59380.65,23548.01,61962.29,22499.29,69,380.96,49898.14,0,1,11,0.3365,0.1942,0.2045,0,0,0,0,0
C02419,15791.43,10254.45,20101.7,10089.09,76,168.72,28648.17,0,0,12,0.1076,0.2085,0.2454,0,0,0,0,0
C02420,19474.88,9162.34,19114.83,11054.06,67,202.19,15928.25,0,0,37,0.346,0.2867,0.0975,0,0,0,0,0
C02421,39659.58,22307.94,42676.39,28949.08,63,450.78,85149.31,1,1,51,0.1803,0.1699,0.2171,0,2,0,0,0
C02422,90388.16,39770.3,90206.64,37363.86,76,592.43,44419.6,0,0,56,0.649,0.2866,0.0284,1,1,0,0,0
C02423,36987.65,25099.84,48044.67,29424.81,68,492.74,39569.24,1,0,9,0.4441,0.2598,0.1877,0,1,0,0,0
C02424,47091.1,36576.8,50461.16,40107.81,73,547.07,22416.88,5,1,33,0.223,0.262,0.1296,0,1,0,1,0
C02425,74953.48,33712.98,97841.96,28364.26,69,389.01,243604.44,2,0,17,0.5221,0.2452,0.2338,0,0,0,0,0
C02426,116135.85,90460.41,116087.62,86395.08,62,1558.04,92189.83,1,1,40,0.1265,0.1754,0.1623,0,0,1,0,0
C02427,34711.83,17230.02,42810.44,12061.02,65,137.8,66706.34,0,2,38,0.4049,0.3284,0.217,0,2,0,0,0
C02428,44660.34,26842.26,47525.77,29226.6,80,404.21,35441.92,0,0,56,0.064,0.3703,0.2452,0,2,0,0,0
C02429,102164.81,68012.7,117530.27,62625.08,66,903.18,63577.18,0,0,30,0.1511,0.3351,0.2256,0,0,0,0,0
C02430,22684.29,9973.62,20498.32,10632.59,79,125.05,4820.08,0,1,40,0.6393,0.1881,0.1127,0,0,1,0,0
C02431,71455.44,39310.76,78015.74,53404.23,66,794.68,33645.28,0,1,51,0.2885,0.3332,0.0541,0,0,0,0,0
C02432,28457.75,10828.81,26229.67,13440.47,70,242.1,55407.79,2,0,11,0.14,0.1032,0.0455,1,0,0,0,0
C02433,47123.65,31274.75,50933.67,29959.94,63,612.03,91248.61,2,0,51,0.2473,0.1444,0.1849,0,0,0,0,0
C02434,40345.66,21684.88,35011.69,20144.08,91,284.57,41983.09,0,1,22,0.5145,0.1986,0.0944,0,1,0,0,0
C02435,29240.57,21966.69,30372.48,26473.33,66,436.26,95901.05,0,0,10,0.4256,0.3103,0.0935,0,1,1,0,0
C02436,28912.29,13684.08,34159.1,12718.31,77,195.72,47773.26,0,1,4,0.0745,0.3181,0.1075,1,0,0,0,0
C02437,50960.4,39016.34,56856.85,45607.55,66,552.81,145903.05,0,2,35,0.4324,0.1656,0.1726,0,0,0,1,0
C02438,70432.53,29121.59,63524.93,40138.4,80,510.43,132535.45,1,1,4,0.6144,0.3661,0.1935,0,0,0,1,0
C02439,42448.06,26450.87,34900.52,29917.26,60,442.22,42627.51,0,0,6,0.343,0.3596,0.1154,0,0,0,0,0
C02440,46442.43,22687.76,51534.07,27045.66,65,334.05,33683.13,0,0,5,0.0665,0.268,0.0673,0,0,0,0,0
C02441,58188.68,25125.97,72139.06,29602.51,61,544.66,45280.25,0,0,47,0.1239,0.3785,0.0471,1,1,0,0,0
C02442,29062.07,11400.23,27153.47,11208.12,66,119.8,70542.18,0,1,6,0.487,0.3641,0.1434,0,0,0,0,0
C02443,62772.94,40491.01,81710.82,43925.57,61,877.99,167670.98,0,0,21,0.4617,0.342,0.1979,0,0,0,0,0
C02444,65063.71,29599.14,68266.19,27681.94,72,498.0,48902.03,1,1,25,0.2643,0.4155,0.026,0,1,0,0,0
C02445,145226.46,88263.78,118353.29,106339.44,79,1201.03,502578.59,0,1,49,0.3206,0.133,0.1519,0,1,0,0,0
C02446,37993.52,30042.94,32776.79,27633.03,68,316.78,122230.71,3,0,50,0.3731,0.1556,0.1655,0,0,0,0,0
C02447,36617.48,18022.49,41831.58,20439.65,71,338.01,36672.89,1,0,36,0.1029,0.2605,0.217,0,1,0,0,0
C02448,63605.32,23262.05,67774.53,27584.28,66,493.37,78619.77,1,0,56,0.5247,0.1996,0.074,0,0,0,0,0
C02449,65056.71,26951.06,79880.96,26708.57,69,452.53,221611.6,1,0,39,0.1823,0.4027,0.0609,0,2,1,0,0
C02450,35370.33,14278.82,32053.48,13757.37,65,237.77,123516.0,2,1,42,0.1386,0.3054,0.0279,0,0,0,0,0
C02451,37533.7,20961.73,39944.09,21582.97,63,402.02,58410.12,1,0,53,0.196,0.3379,0.2101,0,1,0,0,0
C02452,57407.29,39329.32,60324.23,37083.94,66,684.22,170201.83,1,2,27,0.0763,0.4253,0.0935,0,0,0,0,0
C02453,31008.13,14989.33,32026.39,16020.11,63,183.25,100420.2,0,1,13,0.6049,0.3483,0.0948,0,3,0,0,0
C02454,37409.41,15548.44,37562.3,14614.97,72,262.86,116131.99,0,0,40,0.4998,0.4494,0.2422,0,1,1,0,0
C02455,46851.32,29907.31,47154.74,28371.67,70,469.69,112912.34,1,0,34,0.3274,0.3707,0.248,0,1,0,0,0
C02456,70445.19,34203.33,75443.8,38158.2,73,536.82,111338.55,0,1,28,0.4384,0.3329,0.1153,0,0,0,0,0
C02457,34281.06,20871.23,37239.85,23461.49,53,415.9,63945.69,0,2,5,0.6154,0.2091,0.1034,0,0,0,1,0
C02458,19640.42,15127.13,21217.71,15350.68,68,291.86,50162.44,0,0,43,0.3775,0.3628,0.0523,0,0,0,0,0
C02459,18995.34,9138.77,22694.08,7790.16,70,100.0,20031.27,0,1,46,0.3887,0.2513,0.1465,0,0,0,0,0
C02460,25531.85,14824.33,23127.94,17648.42,69,296.93,64911.44,2,0,3,0.0657,0.4311,0.1043,0,0,0,0,0
C02461,24921.65,17770.77,20749.72,17703.09,88,157.2,48229.18,1,0,24,0.2907,0.4038,0.0377,0,0,0,0,0
C02462,41975.56,27757.31,49196.86,36014.5,96,388.47,88969.89,0,0,46,0.4484,0.1279,0.1749,0,1,0,0,0
C02463,26355.22,18136.75,24688.97,18755.43,71,258.73,77975.01,2,0,10,0.2124,0.4427,0.0583,0,1,0,0,0
C02464,32799.81,22882.99,32946.19,24399.98,70,266.49,108634.1,0,1,50,0.5877,0.245,0.1363,0,0,0,0,0
C02465,31763.69,18834.67,31018.77,18800.57,70,216.77,38374.82,0,2,20,0.4172,0.2102,0.1272,0,0,0,0,0
C02466,36908.21,21821.16,35947.8,23549.6,49,440.66,100272.46,2,2,54,0.3751,0.2213,0.1013,0,0,0,0,0
C02467,81596.75,54955.44,71397.84,80629.96,77,937.21,177711.93,0,0,54,0.1846,0.1713,0.0361,1,1,0,0,0
C02468,60614.79,40244.69,59502.91,40571.62,68,501.73,70268.2,1,1,58,0.3385,0.2372,0.2499,0,1,0,0,0
C02469,45327.81,29532.24,51126.13,35532.0,78,451.84,105850.13,1,2,10,0.1917,0.4196,0.1776,0,0,0,0,0
C02470,36568.99,19087.57,38380.19,20249.55,59,362.76,86340.69,1,1,33,0.5348,0.2393,0.0368,0,1,1,0,0
C02471,37029.24,26766.37,41122.48,31874.87,89,404.43,107629.85,2,1,3,0.3328,0.4481,0.2203,1,2,0,0,1
C02472,52151.26,23796.17,51654.27,19469.4,69,252.22,80248.63,0,0,14,0.5781,0.3639,0.0466,0,0,0,0,0
C02473,58529.95,24587.22,67797.67,31554.91,73,470.95,168414.32,0,0,40,0.3917,0.3112,0.0898,0,1,0,0,0
C02474,29911.25,15114.84,29582.12,16489.13,64,274.35,30107.83,3,0,32,0.448,0.1848,0.2385,0,0,0,0,0
C02475,45744.83,21235.85,36457.4,21615.32,77,314.99,78777.22,1,0,33,0.1862,0.178,0.1718,1,1,0,0,0
C02476,18037.15,11695.87,19624.33,13548.46,67,257.57,40463.69,0,0,35,0.2599,0.2602,0.0443,0,0,0,0,0
C02477,49498.07,22470.05,56531.06,23981.59,64,464.85,107646.38,2,0,32,0.4522,0.2882,0.1309,0,0,0,0,0
C02478,63410.51,40926.44,62325.64,37335.34,59,760.92,22889.47,1,0,31,0.5361,0.1899,0.1773,0,1,1,0,0
C02479,39671.44,23047.14,47363.92,17497.53,80,246.37,54112.77,0,2,3,0.4741,0.3468,0.1613,0,0,0,1,0
C02480,101910.97,42660.19,96603.14,54141.2,64,734.99,127551.04,0,1,9,0.6302,0.296,0.1172,1,1,0,0,0
C02481,30268.43,14113.51,34218.07,14441.76,68,167.37,102755.57,0,1,32,0.1406,0.2287,0.1433,0,0,0,0,0
C02482,49625.79,29020.02,62497.39,28336.56,80,395.63,168563.12,0,1,50,0.1415,0.1802,0.0992,0,1,0,0,0
C02483,44280.37,30106.1,46689.56,29677.82,64,488.52,61844.9,3,3,34,0.2893,0.2686,0.0911,0,1,0,1,0
C02484,43014.12,22763.64,43995.79,27902.23,68,426.83,120197.33,1,0,27,0.2377,0.4301,0.0687,0,0,1,0,0
C02485,42743.52,19438.67,44338.68,19267.35,68,318.65,86440.29,1,1,24,0.1001,0.3047,0.0856,0,1,0,0,0
C02486,47221.99,22798.08,58810.06,25700.82,67,413.21,71116.19,0,1,10,0.4426,0.2605,0.1799,0,0,0,0,0
C02487,65906.95,25888.43,72387.84,26143.29,76,288.38,183256.28,0,0,52,0.4194,0.3645,0.2348,0,2,0,0,0
C02488,83650.2,30224.26,109356.27,27184.39,63,538.53,279554.49,0,1,27,0.1556,0.4335,0.1433,0,1,0,0,0
C02489,44954.46,35419.98,48708.61,41021.8,64,787.39,62339.93,0,1,3,0.4139,0.2722,0.0361,0,0,0,1,0
C02490,64945.91,25548.71,63097.83,30207.79,62,377.89,49121.58,2,1,12,0.6409,0.3877,0.1542,0,1,1,0,0
C02491,32814.4,13329.19,32157.43,12909.07,79,172.8,109442.26,2,0,60,0.3461,0.142,0.2442,0,1,0,0,0
C02492,63519.21,47127.05,67164.76,49269.88,61,1006.29,161145.24,1,1,46,0.4684,0.2744,0.2246,0,0,0,0,0
C02493,31937.03,20713.64,25710.63,21990.45,72,336.11,29104.86,0,3,26,0.4224,0.4184,0.2181,1,1,0,0,0
C02494,73512.79,40155.09,72998.29,44307.72,58,774.6,16771.23,1,0,6,0.2086,0.3983,0.2041,0,0,0,0,0
C02495,121686.84,78130.32,121159.24,100518.94,64,1959.92,290635.09,2,3,9,0.395,0.4066,0.0816,0,1,0,1,0
C02496,42594.48,32829.41,45949.85,33194.98,64,603.02,96071.37,0,0,26,0.4094,0.104,0.249,0,0,0,0,0
C02497,16777.15,6622.27,21525.39,6691.11,65,112.66,15746.81,0,0,27,0.6093,0.2165,0.1706,0,0,0,0,0
C02498,35164.24,16163.95,37153.76,16632.09,77,207.24,81581.32,1,0,45,0.5575,0.107,0.1624,0,1,0,0,0
C02499,78335.92,57744.17,64179.13,54102.49,66,955.54,55586.88,1,0,27,0.2906,0.3952,0.1279,0,0,0,0,0
C02500,57716.73,40476.03,54272.83,34135.08,66,632.28,88491.85,0,1,25,0.5851,0.2711,0.1051,0,0,0,0,0
C02501,50333.64,40136.82,54434.55,42787.93,72,474.59,61788.17,1,0,16,0.2017,0.1116,0.0667,0,0,1,0,0
C02502,70849.88,34805.64,75183.01,38748.18,67,646.64,216169.69,2,2,58,0.3387,0.1498,0.1527,0,2,0,1,0
C02503,55961.64,43381.4,69668.59,45563.24,83,614.19,65130.18,2,1,42,0.5458,0.4208,0.04,0,0,0,1,0
C02504,77838.71,39282.08,90698.38,40950.6,76,424.6,87921.39,1,0,51,0.4041,0.2367,0.2128,0,0,1,0,0
C02505,68060.92,45722.78,79060.5,43077.82,76,685.13,183007.12,0,0,44,0.4295,0.1839,0.1575,0,3,0,0,0
C02506,89248.77,66689.75,91385.75,72044.15,66,1330.98,22950.77,4,2,8,0.4806,0.1772,0.0444,0,0,0,1,0
C02507,52885.05,22574.09,62504.55,24162.92,72,262.15,136041.07,0,1,55,0.6471,0.2462,0.1486,0,1,0,0,0
C02508,67628.48,29928.13,63739.12,33130.05,72,524.18,24026.98,2,0,30,0.2193,0.2358,0.203,0,1,0,0,0
C02509,39191.32,23962.8,45704.73,26091.69,69,318.12,15072.93,0,2,51,0.5713,0.1253,0.0385,0,1,0,0,0
C02510,34329.5,25050.96,34882.54,27487.37,71,324.7,62443.55,0,0,22,0.2565,0.2081,0.229,1,0,0,0,0
C02511,96999.7,37396.03,84995.1,45183.9,71,493.7,325984.81,1,0,53,0.3336,0.3668,0.1652,1,2,0,0,0
C02512,49598.2,36350.34,55608.93,40663.81,74,611.23,36541.46,1,0,59,0.4979,0.4021,0.1632,0,1,0,0,0
C02513,64641.64,32605.52,78714.46,36116.26,68,661.01,77798.39,1,1,33,0.2469,0.2616,0.1188,0,0,0,0,0
C02514,47576.81,25349.02,47634.27,21315.96,79,281.86,116441.27,1,4,55,0.4302,0.158,0.1828,0,0,0,1,0
C02515,34561.16,17382.1,42770.52,20448.65,77,227.07,108725.54,0,1,14,0.5678,0.259,0.0526,0,0,0,0,0
C02516,45222.95,34376.95,38497.72,34867.08,63,450.25,82941.71,0,0,46,0.4458,0.1878,0.2029,0,1,1,0,0
C02517,85872.17,35109.48,77833.23,37198.68,76,391.78,158110.21,0,1,31,0.4698,0.2026,0.1903,0,1,0,0,0
C02518,57772.94,35150.42,59644.37,31538.77,78,332.76,70912.88,0,1,15,0.2279,0.1007,0.067,0,0,0,0,0
C02519,20832.19,8679.71,20946.94,11290.43,64,182.06,30109.74,0,0,5,0.5695,0.441,0.2185,0,0,0,0,0
C02520,40845.74,31364.12,39618.08,23620.13,60,510.58,27181.1,0,1,47,0.1771,0.121,0.1976,0,1,0,0,0
C02521,100353.07,71157.26,106980.52,87421.93,66,1670.07,60275.75,1,0,57,0.1537,0.1429,0.0383,0,1,0,0,0
C02522,40872.35,18605.86,40323.4,20485.41,68,227.86,107337.44,1,1,12,0.12,0.2673,0.0532,0,0,0,0,0
C02523,20014.3,9686.93,20152.86,7956.5,60,108.88,36003.6,0,1,38,0.316,0.2433,0.1204,0,1,0,0,0
C02524,105481.38,55027.73,114279.69,71226.11,79,999.72,291692.46,2,2,28,0.5579,0.1107,0.0862,0,0,0,1,0
C02525,61175.03,32571.91,59333.39,36208.62,64,630.15,143148.39,1,2,54,0.394,0.362,0.0341,0,1,0,0,0
C02526,43604.34,31299.38,45229.82,24006.69,67,296.01,9217.28,0,0,15,0.3727,0.4465,0.232,0,0,0,0,0
C02527,38073.73,22998.06,37028.05,22982.08,74,395.61,70908.91,0,1,12,0.3114,0.1247,0.1462,0,1,0,0,0
C02528,73238.47,39737.52,66304.66,44273.24,68,685.05,147464.15,1,3,18,0.5337,0.4117,0.1657,0,1,0,0,0
C02529,35260.73,23756.92,40255.21,29828.92,72,421.48,22994.11,0,1,11,0.146,0.316,0.1494,0,0,0,0,0
C02530,75443.04,41949.28,94676.13,41986.63,72,696.1,253137.08,0,0,45,0.3854,0.2883,0.0336,0,0,0,0,0
C02531,57434.8,23416.63,67643.76,17149.65,74,214.41,162768.28,2,0,3,0.0914,0.4169,0.1672,0,0,0,0,0
C02532,50237.88,20013.27,54749.54,24517.91,53,522.13,159226.75,1,0,23,0.5112,0.3001,0.0741,0,0,0,0,0
C02533,48045.29,23863.16,46748.87,26482.96,68,487.21,104311.15,0,1,32,0.5202,0.3485,0.1053,1,0,0,0,0
C02534,41592.79,25841.25,42240.38,20210.28,75,342.1,122593.39,0,1,42,0.1131,0.3275,0.1953,0,0,1,0,0
C02535,72038.49,29584.67,84777.96,32280.52,62,376.88,57279.37,0,4,46,0.5279,0.3209,0.1993,0,1,0,1,0
C02536,30485.72,18217.06,23663.67,20108.5,61,245.16,92043.85,2,0,33,0.1773,0.3781,0.2057,0,1,0,0,0
C02537,21688.8,10222.46,21827.8,10335.26,65,178.88,70213.6,0,0,55,0.5914,0.3894,0.0763,0,1,0,0,0
C02538,59332.7,39333.78,67526.18,37395.65,81,324.4,15593.4,1,0,50,0.3532,0.1468,0.1154,0,0,0,0,0
C02539,59782.9,21684.35,54606.08,21181.97,67,347.11,138394.57,0,0,27,0.2609,0.2258,0.1768,0,1,0,0,0
C02540,55855.67,31338.41,61486.29,31681.8,68,556.0,28669.67,2,2,24,0.466,0.3122,0.185,1,1,0,1,0
C02541,54062.47,20193.35,59211.31,22062.58,68,244.62,126227.27,1,0,36,0.1285,0.2817,0.2093,1,1,0,0,0
C02542,38955.47,19428.21,34104.74,22237.59,66,240.59,122969.22,0,2,45,0.4422,0.2749,0.2007,0,0,0,0,0
C02543,64137.53,22897.66,68013.84,18140.91,73,249.78,51006.4,0,0,15,0.3347,0.1048,0.0811,0,1,0,0,0
C02544,44086.84,24736.88,43024.64,26733.56,75,460.67,80672.05,0,1,5,0.313,0.3237,0.233,0,0,0,0,0
C02545,36142.21,25124.51,39753.97,27851.87,56,507.79,18658.6,1,1,18,0.1379,0.172,0.0348,0,0,0,0,0
C02546,39107.39,15451.29,44206.0,16537.47,75,283.37,91767.43,0,0,31,0.5132,0.1244,0.1171,0,0,0,0,0
C02547,111714.93,76061.13,122648.77,76168.94,65,1313.63,66019.85,3,0,31,0.3516,0.3804,0.0628,0,0,0,0,0
C02548,20613.03,12633.47,21823.24,15417.6,74,183.65,70228.41,0,1,31,0.0523,0.1657,0.1016,0,1,0,0,0
C02549,56349.15,32517.54,61119.92,39389.41,64,520.05,70886.76,2,0,57,0.2721,0.3913,0.1819,0,0,0,0,0
C02550,21137.8,13100.52,19211.56,13179.84,96,146.01,17116.27,2,3,31,0.6098,0.3871,0.0715,0,2,0,1,0
C02551,42860.79,21479.85,44845.67,22339.7,63,318.97,143346.89,0,1,19,0.2758,0.3875,0.2215,0,1,0,0,0
C02552,37022.66,24792.33,35335.24,28328.23,79,302.37,86111.33,0,0,44,0.269,0.1325,0.0527,0,1,0,0,0
C02553,17608.82,12341.13,20668.96,14857.68,73,190.64,31844.61,1,0,3,0.151,0.1394,0.1783,0,0,0,0,0
C02554,53609.67,37537.53,60685.53,35740.88,70,520.61,144044.46,0,0,49,0.3092,0.1851,0.155,0,0,0,0,0
C02555,37926.32,17873.04,42919.25,16522.84,80,259.01,115940.53,0,1,32,0.1367,0.2569,0.0469,0,0,0,0,0
C02556,17496.83,11272.47,21969.35,12206.96,70,222.06,50217.08,2,0,31,0.507,0.3411,0.1292,0,0,1,0,0
C02557,65658.57,27356.19,66341.6,25035.58,76,374.94,90203.0,0,0,33,0.4346,0.3315,0.246,0,0,0,0,0
C02558,85834.01,49177.63,84470.89,40158.47,66,514.19,129381.6,2,0,4,0.207,0.1254,0.0555,0,0,0,0,0
C02559,87989.58,30900.46,88655.46,29403.48,70,410.16,170534.17,0,5,8,0.1258,0.1016,0.1129,0,0,0,1,0
C02560,52888.87,23118.47,45364.46,25431.69,63,306.34,112902.31,1,2,29,0.463,0.4194,0.1884,0,2,0,1,0
C02561,45942.41,29140.37,39839.88,36030.12,55,682.78,54836.72,1,1,24,0.0582,0.2877,0.1389,0,0,1,0,0
C02562,81804.56,60818.64,91991.87,58686.84,75,848.53,53116.76,0,1,45,0.6391,0.3521,0.0465,0,0,0,0,0
C02563,95941.16,35696.13,84676.06,36948.64,76,456.28,158131.11,3,1,15,0.1737,0.1761,0.1011,0,0,0,0,0
C02564,74946.04,45068.71,69026.09,48163.37,78,513.26,216608.05,1,1,19,0.1416,0.4066,0.14,1,2,0,0,0
C02565,29458.15,18751.55,30571.48,18229.66,75,314.12,32753.36,0,0,37,0.1238,0.422,0.0484,0,1,0,0,0
C02566,49267.65,37915.2,49293.89,36502.49,63,419.36,70779.7,2,2,31,0.5035,0.3034,0.1149,0,2,0,0,0
C02567,54841.37,35362.52,63411.88,38552.15,77,570.21,60556.96,1,1,53,0.631,0.4092,0.1576,0,0,0,0,0
C02568,19932.17,7900.41,21073.39,7160.2,64,124.47,44094.21,1,0,18,0.4703,0.1448,0.036,0,3,0,0,0
C02569,55582.85,23124.41,53036.26,22151.11,68,337.62,185703.16,0,1,42,0.5834,0.3951,0.0353,0,1,1,0,0
C02570,125149.47,79606.81,145998.87,81651.87,76,872.66,99437.06,0,1,9,0.2582,0.1796,0.1568,0,0,0,0,0
C02571,60017.35,26829.49,68267.04,29209.14,69,513.27,166392.43,1,1,47,0.137,0.3655,0.0701,0,0,0,0,0
C02572,87330.38,67046.8,76910.29,58208.05,74,838.69,209004.06,1,1,5,0.4349,0.3697,0.0979,0,1,0,1,0
C02573,48860.74,37344.71,52782.88,38625.71,57,750.06,168974.78,0,0,47,0.2367,0.3213,0.0753,0,0,0,0,0
C02574,43541.49,33827.17,41982.3,30278.61,68,501.1,23017.82,1,0,47,0.2863,0.1002,0.2348,0,0,0,0,0
C02575,53422.64,25740.56,51340.62,24914.18,56,343.54,170852.88,1,3,3,0.5671,0.1241,0.0916,0,0,0,1,0
C02576,31172.63,20967.57,39724.59,24000.22,73,322.13,89303.3,1,1,6,0.2859,0.1963,0.1375,0,0,1,0,0
C02577,29164.83,18909.2,31058.0,19687.1,71,325.44,92999.12,1,1,32,0.0661,0.3168,0.0817,0,0,0,0,0
C02578,79559.05,29120.34,81460.15,36408.82,70,488.25,213064.7,0,0,18,0.3648,0.1485,0.1384,0,1,0,0,0
C02579,83447.4,39178.91,88470.45,40798.43,65,714.82,94145.54,1,1,19,0.2317,0.1252,0.2393,0,0,0,0,0
C02580,28808.33,12763.39,33271.0,14884.17,83,165.96,45412.44,0,2,38,0.2265,0.1237,0.0424,0,0,0,0,0
C02581,69565.03,35955.65,67186.42,41182.63,53,918.57,38861.22,0,1,44,0.5738,0.3455,0.172,1,0,0,0,0
C02582,43273.07,33704.28,42680.14,35336.02,62,688.12,8953.01,2,0,28,0.301,0.3659,0.1018,0,0,0,0,0
C02583,52435.11,38304.93,59188.78,34172.66,83,494.15,174358.07,1,2,50,0.6462,0.2163,0.1178,0,0,0,0,0
C02584,55354.66,26683.22,48049.69,27680.77,60,503.73,162140.27,0,1,39,0.101,0.3893,0.1669,0,1,0,0,0
C02585,70394.86,41428.37,82284.03,40851.17,82,499.49,32990.59,0,0,15,0.4876,0.3075,0.1338,0,1,0,0,0
C02586,46706.61,20388.36,40045.24,20009.74,88,275.76,79426.22,1,2,10,0.5467,0.1588,0.2348,0,0,0,1,0
C02587,84879.74,40304.74,86620.45,43073.62,75,532.72,97805.01,2,1,56,0.4287,0.3049,0.2184,0,0,0,0,0
C02588,51722.78,19615.94,44385.39,17184.57,75,292.68,61093.16,1,0,6,0.0998,0.1348,0.0215,0,1,0,0,0
C02589,59593.43,38090.51,55019.63,36000.82,63,684.95,187862.43,2,1,54,0.054,0.3912,0.0649,0,0,0,0,0
C02590,30929.0,19968.21,37291.72,18541.52,71,224.93,107458.07,2,1,58,0.5376,0.2618,0.0401,0,1,0,1,0
C02591,118873.4,86459.68,139716.06,88145.04,61,1337.3,189342.84,1,1,49,0.6063,0.395,0.0383,0,4,0,1,0
C02592,55594.47,41262.12,66055.05,39521.71,61,801.81,160551.26,1,0,43,0.589,0.3854,0.0396,0,2,0,1,0
C02593,62023.38,26175.52,54340.01,25277.93,62,347.19,46339.84,1,2,55,0.3985,0.2002,0.1517,0,0,1,0,0
C02594,21823.31,14935.19,20161.98,15924.73,65,183.57,59797.63,2,0,31,0.2297,0.4366,0.1287,0,1,0,0,0
C02595,31076.33,12760.52,33897.59,12716.08,77,123.36,11425.5,0,0,3,0.2064,0.1779,0.1814,0,0,0,0,0
C02596,78548.02,40701.37,89217.83,42759.91,72,724.48,104383.41,1,0,43,0.523,0.2951,0.1183,0,1,0,0,0
C02597,51201.23,29798.68,48848.96,27299.05,62,406.26,106328.26,0,1,19,0.5459,0.3781,0.1769,1,2,0,0,1
C02598,19019.44,7080.2,18649.12,6730.37,77,100.0,7754.35,0,1,23,0.4359,0.2434,0.1886,0,1,0,0,0
C02599,71800.61,30195.29,65642.87,39099.87,77,436.85,42308.21,1,0,8,0.6466,0.2953,0.0452,0,0,0,0,0
C02600,35232.19,16629.67,44004.64,16069.44,71,238.92,44132.87,0,0,57,0.6247,0.105,0.246,0,1,0,0,0
C02601,84923.86,34597.48,84329.85,27582.1,67,391.63,150095.63,1,1,60,0.0626,0.4114,0.1608,0,0,0,0,0
C02602,43256.02,33321.99,45581.25,36356.13,79,361.5,39281.97,1,0,27,0.3838,0.1941,0.2185,0,0,0,0,0
C02603,49342.24,23671.63,52304.62,22844.15,70,324.74,61588.24,0,0,26,0.5389,0.3602,0.148,0,0,0,0,0
C02604,76492.45,44023.49,90465.67,47512.86,72,720.73,58022.25,0,2,30,0.5669,0.1665,0.2181,0,0,0,0,0
C02605,30047.84,23991.41,28115.88,24933.21,50,467.18,16054.02,1,1,56,0.1823,0.1283,0.0259,0,0,0,0,0
C02606,28785.78,17415.08,34260.58,19434.98,63,330.12,45645.96,0,1,60,0.4528,0.3325,0.1652,0,1,0,0,0
C02607,41191.76,22044.72,36930.62,22883.42,74,346.74,38279.36,2,0,36,0.2897,0.368,0.1065,1,1,0,0,0
C02608,65293.35,50171.84,77691.68,51316.45,57,981.61,153513.4,2,2,23,0.6334,0.2568,0.1116,1,0,0,1,0
C02609,24723.83,11128.79,20870.97,13218.23,60,173.04,23505.35,1,0,52,0.1641,0.1657,0.1666,0,0,0,0,0
C02610,21243.41,9151.14,22039.05,7172.87,68,101.45,17586.0,1,0,3,0.3473,0.2023,0.2208,0,0,0,0,0
C02611,65192.01,38522.87,81167.47,34321.62,73,585.57,92155.76,2,1,17,0.4283,0.1021,0.238,0,2,0,1,0
C02612,34306.07,18603.69,38891.79,17691.9,66,213.16,18583.27,1,1,41,0.3895,0.2946,0.2367,0,0,0,0,0
C02613,37718.88,26729.25,41511.48,22635.9,72,385.13,12695.75,0,0,9,0.511,0.4195,0.0917,1,1,0,0,0
C02614,19513.33,7198.56,18034.03,7144.38,72,100.0,53169.25,2,0,48,0.3973,0.1266,0.1199,1,1,0,0,0
C02615,33152.62,20819.07,31886.98,20415.81,69,314.21,25526.28,2,0,10,0.4161,0.4386,0.0601,0,2,0,0,0
C02616,44847.02,30038.79,54324.43,35054.18,70,445.14,99486.23,2,1,18,0.5526,0.4323,0.0789,1,2,0,1,1
C02617,68397.24,53853.43,75693.91,55975.65,68,935.33,82452.31,1,1,46,0.1187,0.2078,0.1665,0,0,1,0,0
C02618,31804.54,13217.76,36792.44,13540.78,69,158.46,40612.64,2,0,45,0.5212,0.101,0.1477,0,0,0,0,0
C02619,94867.55,43715.86,100451.01,43909.06,68,747.52,68460.39,2,3,27,0.3468,0.4454,0.2143,0,0,0,1,0
C02620,33069.53,25450.29,33605.0,23509.97,62,297.93,31696.17,1,0,24,0.4639,0.1666,0.1308,1,0,0,0,0
C02621,33091.33,20972.72,37790.27,24263.24,55,354.42,69100.59,0,1,18,0.424,0.4004,0.0318,0,0,0,0,0
C02622,89879.81,32996.86,97171.08,39438.16,63,441.42,192287.13,0,0,42,0.26,0.4183,0.1622,1,0,0,0,0
C02623,49492.42,19044.92,50957.63,17226.89,79,265.58,56730.73,0,1,44,0.2379,0.127,0.051,1,1,0,0,0
C02624,35101.76,24692.27,30900.75,30727.23,74,500.98,31378.35,2,0,55,0.1466,0.4152,0.1453,0,0,0,0,0
C02625,41965.7,25404.5,48867.75,24629.21,74,311.05,55944.05,0,0,18,0.1575,0.4492,0.2202,0,0,0,0,0
C02626,82726.96,50003.24,91231.56,47988.01,71,474.39,40534.07,2,0,38,0.1888,0.2975,0.1327,0,0,0,0,0
C02627,87047.48,64932.16,85067.03,71862.71,80,1131.7,169470.17,1,0,53,0.1143,0.2082,0.0332,0,0,0,0,0
C02628,31159.08,14286.25,37126.36,15964.1,68,188.48,90886.67,1,0,44,0.4177,0.2436,0.1519,0,0,0,0,0
C02629,44148.87,18639.38,47648.0,19411.96,53,289.14,100585.87,1,2,7,0.2586,0.4497,0.0266,0,0,0,0,0
C02630,46863.22,29346.34,50687.62,29594.19,74,330.62,12756.69,1,3,52,0.4896,0.3274,0.0932,0,1,0,0,0
C02631,28871.49,21569.61,33377.38,25682.55,69,318.0,31764.9,0,0,21,0.6453,0.4009,0.0394,0,0,0,0,0
C02632,43886.39,20598.64,49602.36,20087.88,69,366.47,77055.55,0,1,49,0.3909,0.3489,0.1447,0,2,0,0,0
C02633,45107.92,29617.07,48952.96,30853.51,73,455.12,144505.27,1,1,19,0.2897,0.2277,0.2478,0,1,0,0,0
C02634,75170.34,31464.09,77227.74,39432.51,59,604.64,57302.48,0,2,6,0.2241,0.3207,0.0753,1,0,0,0,0
C02635,77478.75,33111.24,99795.71,29454.1,82,416.07,34450.04,0,3,56,0.2078,0.1284,0.1365,0,2,0,0,0
C02636,38803.8,29323.24,37327.08,29175.51,69,492.08,75571.84,0,1,33,0.1856,0.3602,0.1204,0,0,0,0,0
C02637,40869.48,16473.84,46571.45,19324.09,59,277.69,83623.01,3,0,29,0.3197,0.2091,0.1954,0,0,0,0,0
C02638,60678.78,21902.34,63102.1,24385.19,79,248.36,208780.31,2,1,60,0.1651,0.2173,0.0787,0,0,0,0,0
C02639,34581.81,24163.11,38197.87,27963.53,58,381.62,68666.01,1,0,38,0.1562,0.3942,0.1605,0,2,0,0,0
C02640,58647.83,30093.92,70260.73,26821.32,79,310.27,14994.46,2,1,46,0.0605,0.2209,0.1691,0,0,0,0,0
C02641,43254.64,22859.92,43800.11,24883.8,73,244.38,104180.24,2,1,53,0.2561,0.1926,0.0761,1,1,1,0,1
C02642,29091.12,20652.83,32646.65,20978.64,82,246.78,25552.89,0,1,43,0.0684,0.1336,0.0832,0,3,0,0,0
C02643,29256.04,12608.51,31651.14,16677.15,65,210.57,84435.89,3,2,45,0.1849,0.1399,0.2255,0,0,0,0,0
C02644,86300.8,55460.96,83974.46,63620.68,84,878.89,142971.71,0,0,18,0.3277,0.404,0.1378,0,0,0,0,0
C02645,41941.38,20596.9,50370.41,21571.58,89,217.62,127821.58,2,0,26,0.1177,0.2899,0.2245,0,0,0,0,0
C02646,94143.65,37367.57,106885.29,40517.95,82,538.89,73369.03,1,1,11,0.292,0.4212,0.1751,0,0,0,0,0
C02647,35713.41,23548.46,35636.77,24879.29,73,378.11,77459.9,0,0,27,0.4812,0.4341,0.0233,0,0,1,0,0
C02648,51300.72,25311.72,60659.58,28700.5,68,496.89,129136.67,1,0,50,0.1979,0.1893,0.0373,0,2,0,0,0
C02649,132074.61,97731.5,125501.21,92575.57,68,1341.18,45269.31,1,1,55,0.0537,0.4021,0.0792,0,0,0,0,0
C02650,27961.78,21350.66,29262.78,25915.99,65,374.75,49361.16,1,0,45,0.0508,0.2567,0.1613,0,0,0,0,0
C02651,19156.57,14024.02,19127.71,12495.86,57,187.29,46817.32,0,1,45,0.4995,0.3397,0.0533,0,1,0,0,0
C02652,80288.63,39747.55,91541.68,42712.93,61,494.19,181152.4,1,0,17,0.4568,0.3117,0.0472,0,1,0,0,0
C02653,31018.95,14158.98,30784.39,13466.41,71,150.69,17090.21,0,1,8,0.6368,0.2059,0.053,0,0,0,1,0
C02654,44582.64,33515.46,50869.6,35363.48,78,377.77,13820.39,1,1,55,0.3193,0.1497,0.2147,0,1,0,0,0
C02655,34570.45,19146.02,38765.06,22373.32,69,355.05,31687.7,2,0,46,0.4429,0.2439,0.0504,0,1,0,0,0
C02656,50771.53,33939.9,51023.87,28662.87,68,495.11,50378.91,0,0,58,0.4532,0.1685,0.1145,0,0,0,0,0
C02657,29339.1,21189.4,37247.93,21817.93,66,322.4,63773.64,1,1,13,0.15,0.1375,0.1386,0,1,0,0,0
C02658,41499.83,19710.72,39863.57,17290.82,79,261.13,11561.61,0,0,16,0.1683,0.2327,0.0948,0,0,0,0,0
C02659,55096.12,22236.46,48535.19,22602.78,60,348.19,60571.18,1,2,49,0.4815,0.1205,0.1231,1,0,0,0,0
C02660,28586.18,18042.81,32952.2,15821.97,74,233.61,27709.49,0,0,23,0.0983,0.1605,0.2339,0,0,0,0,0
C02661,32839.26,20215.4,26011.03,21618.64,70,319.43,97180.22,0,0,35,0.0834,0.1413,0.1642,0,0,0,0,0
C02662,38487.76,18150.44,47302.15,18129.74,63,227.38,52778.32,1,0,23,0.6406,0.3432,0.2411,0,1,0,0,0
C02663,23657.86,14505.06,25129.63,16530.76,80,201.94,61005.35,0,0,42,0.4023,0.1296,0.0999,0,1,0,0,0
C02664,37207.49,26255.86,32696.52,31439.48,67,600.92,108751.61,0,0,3,0.2185,0.1739,0.1216,1,0,0,0,0
C02665,47471.09,24091.81,44441.69,25327.19,67,298.63,120399.58,1,0,38,0.424,0.4285,0.181,0,0,0,0,0
C02666,37594.79,17257.62,32102.54,19971.19,62,303.9,21470.39,1,0,28,0.5589,0.2225,0.1585,1,0,0,0,0
C02667,39826.92,26932.98,43648.15,32747.67,67,439.63,105085.22,1,0,21,0.2962,0.4225,0.1978,0,0,0,0,0
C02668,44598.79,31381.6,39727.28,29478.23,66,512.62,133875.7,1,0,23,0.5352,0.1788,0.2135,0,0,0,0,0
C02669,33501.09,26111.76,37194.61,31913.75,66,349.66,48160.4,1,0,55,0.4576,0.2584,0.1109,0,1,0,0,0
C02670,61414.17,25573.7,62238.42,26739.02,64,406.04,192192.13,2,0,37,0.2092,0.3229,0.0473,0,0,0,0,0
C02671,85871.56,64418.17,85266.7,60076.05,68,758.64,212550.98,0,1,59,0.2826,0.2533,0.1516,0,1,0,0,0
C02672,36513.84,25351.36,40571.31,27526.89,85,284.55,92898.21,0,0,15,0.4798,0.147,0.082,0,0,0,0,0
C02673,55980.4,37274.83,62967.95,38816.09,62,591.23,112141.85,1,0,41,0.5851,0.1048,0.0711,0,0,0,0,0
C02674,40400.2,19831.41,47975.09,17474.62,71,215.35,59201.22,1,1,9,0.0639,0.2799,0.0467,0,3,0,0,0
C02675,53044.53,19095.33,51662.54,17527.11,50,364.79,66807.8,0,0,15,0.3353,0.1788,0.1176,0,0,0,0,0
C02676,91036.75,52655.45,95262.94,65633.84,72,795.18,258102.32,0,0,39,0.2788,0.4324,0.0226,0,0,0,0,0
C02677,56574.55,27076.37,55090.08,29335.32,67,547.48,168034.58,1,1,23,0.5401,0.1771,0.0579,0,0,0,0,0
C02678,20259.54,9733.08,21668.77,11950.42,67,172.74,26240.46,0,1,40,0.519,0.1591,0.1243,0,0,0,0,0
C02679,55199.87,42350.02,52804.48,42350.49,80,419.83,126072.35,0,0,4,0.6074,0.1511,0.1947,0,0,0,1,0
C02680,78370.78,32824.5,78300.91,31308.16,61,448.31,202673.45,0,1,25,0.4606,0.3329,0.0987,0,0,0,0,0
C02681,40729.16,31377.93,40717.75,26608.55,54,580.65,36969.12,1,1,29,0.6305,0.247,0.0881,0,0,0,1,0
C02682,70435.55,40621.1,76436.9,47370.59,73,496.65,160578.8,1,1,44,0.6498,0.1469,0.0678,0,0,0,1,0
C02683,32986.9,23988.92,34647.94,26370.44,86,284.5,43537.76,0,0,51,0.4294,0.1247,0.1834,0,2,0,0,0
C02684,23061.62,11014.56,25615.84,11026.62,73,191.72,25397.86,1,1,27,0.0713,0.3799,0.042,0,1,0,0,0
C02685,47951.43,30461.83,49733.32,29087.42,67,304.2,59586.02,1,0,40,0.2116,0.2403,0.1715,0,0,1,0,0
C02686,20414.55,12258.22,20015.03,14528.74,70,266.24,26046.85,1,0,29,0.2098,0.2717,0.0669,0,1,0,0,0
C02687,40397.4,30939.35,43344.55,31828.12,59,493.85,74079.87,0,1,19,0.5169,0.188,0.1023,0,1,0,0,0
C02688,80297.74,34582.98,75474.89,35621.03,70,420.65,110021.92,2,0,15,0.4725,0.1648,0.0629,0,0,0,0,0
C02689,19053.85,8422.88,21307.9,8236.8,74,133.05,49033.75,0,0,3,0.1958,0.1263,0.0403,0,0,0,0,0
C02690,25302.14,19660.62,25700.5,19682.34,77,250.9,80165.17,1,0,6,0.155,0.1033,0.0923,0,0,0,0,0
C02691,28282.63,11145.74,30390.89,12438.81,83,114.4,77783.3,0,1,20,0.2415,0.3205,0.1063,0,0,0,0,0
C02692,43735.87,27798.83,47077.41,24463.72,53,507.77,88219.3,0,0,25,0.1628,0.1574,0.1119,0,2,0,0,0
C02693,38171.53,14400.36,47416.12,15259.89,71,250.78,93554.0,1,0,6,0.6371,0.3746,0.1043,0,0,0,0,0
C02694,84459.65,32487.05,92550.04,37836.7,70,524.62,267058.07,2,0,29,0.1313,0.1021,0.0919,1,1,1,0,0
C02695,69139.02,42777.48,73203.44,44481.26,77,652.02,148906.03,2,0,46,0.3478,0.1684,0.025,0,1,0,0,0
C02696,56234.77,33634.89,54374.27,39571.69,74,408.7,21179.25,0,1,57,0.3798,0.3376,0.2486,0,0,0,0,0
C02697,48047.79,29206.42,55076.52,35365.23,79,321.92,56813.87,2,0,57,0.4961,0.3506,0.1972,0,0,0,0,0
C02698,53710.9,30246.94,54654.88,35038.96,62,469.85,69350.89,0,0,17,0.3238,0.1766,0.2324,0,1,0,0,0
C02699,30531.85,20885.67,26469.36,20583.44,75,353.63,105230.71,2,1,16,0.337,0.1442,0.1349,0,2,0,0,0
C02700,66181.91,52712.89,67941.65,55124.36,73,608.07,174438.3,0,0,43,0.5829,0.4259,0.2034,0,0,0,0,0
C02701,27282.42,12934.64,29273.46,14118.06,59,299.55,43994.57,1,0,21,0.3811,0.2869,0.2352,0,0,0,0,0
C02702,65534.85,32475.66,62374.72,32268.79,61,464.59,89257.04,0,0,6,0.3356,0.141,0.1116,0,0,0,0,0
C02703,76740.27,38015.0,79488.98,37620.68,66,567.15,258892.46,0,0,39,0.6002,0.2376,0.2084,0,0,0,0,0
C02704,49479.16,34312.36,51528.69,33708.55,79,478.97,134894.17,0,0,43,0.51,0.3938,0.1875,0,2,0,0,0
C02705,41569.5,21059.4,43369.08,28540.27,70,326.96,36450.65,0,1,9,0.1196,0.2253,0.0823,0,1,0,0,0
C02706,53882.3,35267.67,64559.45,35883.76,71,414.33,95142.7,1,1,55,0.0775,0.1581,0.1417,0,0,0,0,0
C02707,12415.92,6836.82,11082.61,8055.42,80,100.0,11737.24,2,0,44,0.5048,0.2303,0.1276,0,2,0,0,0
C02708,51556.52,32146.11,66717.04,30399.67,60,499.69,178728.96,1,2,4,0.3133,0.4153,0.055,0,2,0,0,0
C02709,42762.14,30919.46,44731.76,38779.59,68,517.61,89278.79,0,1,33,0.5314,0.3522,0.1427,0,0,0,0,0
C02710,43986.37,25570.44,49248.26,25687.34,65,297.01,20614.34,1,0,45,0.5698,0.2813,0.2486,0,1,0,0,0
C02711,61843.2,34868.92,65884.05,36834.04,64,495.16,75882.15,1,0,59,0.4855,0.4445,0.2215,0,1,0,0,0
C02712,43511.12,20456.25,36674.53,16980.19,73,278.3,84990.6,1,1,7,0.4061,0.2127,0.0653,0,1,0,0,0
C02713,26938.85,15682.64,24870.23,18568.12,61,307.42,50988.25,0,1,8,0.6216,0.2988,0.2328,0,0,0,0,0
C02714,42225.79,19765.28,41680.53,23915.72,68,446.12,39156.81,0,0,26,0.4064,0.2701,0.0456,0,0,0,0,0
C02715,46389.0,33845.72,54240.18,30715.92,74,359.64,114184.72,4,2,7,0.6371,0.3165,0.032,0,1,0,1,0
C02716,47388.65,24878.51,41885.95,29629.72,54,470.35,45962.01,0,0,12,0.5958,0.1183,0.0805,0,0,0,0,0
C02717,48401.28,19752.49,45851.09,17570.34,77,218.01,166683.95,1,0,10,0.3276,0.3936,0.0703,0,0,0,0,0
C02718,71835.48,32899.6,76848.31,37039.95,66,419.59,209828.73,1,0,38,0.102,0.1035,0.165,0,0,0,0,0
C02719,27603.62,16301.64,30550.11,16553.4,70,210.41,46268.99,2,1,32,0.2967,0.2572,0.1204,0,0,0,0,0
C02720,48702.37,37127.25,53724.88,44936.98,78,527.88,68636.57,0,2,32,0.4827,0.1222,0.2,0,2,1,0,0
C02721,80409.38,39018.87,74935.06,42136.59,62,729.23,62955.6,1,0,36,0.2497,0.1729,0.1123,0,0,0,0,0
C02722,20616.41,9668.56,17693.85,11232.7,85,103.76,9853.05,0,1,26,0.3434,0.3394,0.2116,0,0,0,0,0
C02723,48788.93,26002.16,54384.4,31164.38,61,630.03,131266.14,1,1,28,0.3217,0.3676,0.0623,0,1,0,0,0
C02724,34578.85,27161.32,42254.48,27570.81,71,475.98,108130.85,2,2,21,0.0503,0.2244,0.1044,0,2,1,0,0
C02725,38085.85,27815.96,38412.01,29110.28,72,411.53,70368.3,0,1,37,0.4321,0.4341,0.1284,1,1,0,0,0
C02726,29949.1,12499.27,27332.67,11457.56,71,153.71,94472.04,1,1,16,0.2672,0.3879,0.0785,0,2,0,0,0
C02727,41694.31,26108.52,41628.2,26473.96,76,389.84,138947.43,0,0,50,0.5962,0.2908,0.1937,0,1,0,0,0
C02728,103051.36,72789.18,113076.97,93261.05,55,1394.41,221375.27,1,1,36,0.1197,0.4018,0.1916,0,0,0,0,0
C02729,25474.27,17720.02,26035.28,20213.12,70,299.85,26473.68,2,0,53,0.4878,0.3231,0.1486,0,0,0,0,0
C02730,26584.76,15152.79,32403.18,14011.0,61,200.35,76996.79,0,0,50,0.3934,0.3456,0.1322,0,0,0,0,0
C02731,25047.95,17015.68,29080.58,21197.67,56,474.56,23103.15,2,1,12,0.551,0.4234,0.1321,1,0,0,1,0
C02732,97905.3,59978.16,104966.29,65776.87,53,1226.52,319825.54,0,2,24,0.2824,0.4176,0.1493,0,0,0,0,0
C02733,36547.38,16104.61,29803.71,18514.68,68,273.26,30316.3,0,1,27,0.1374,0.4183,0.0796,0,1,0,0,0
C02734,44483.79,16691.39,43012.64,18508.48,76,281.89,60997.62,2,1,38,0.1946,0.3989,0.1061,0,0,1,0,0
C02735,37540.12,19381.02,36948.38,21326.31,78,320.06,22476.78,1,0,8,0.3725,0.4171,0.0444,0,0,0,0,0
C02736,29419.93,11116.98,28255.08,9007.81,75,101.03,33371.35,0,1,33,0.3285,0.2915,0.1909,0,1,0,0,0
C02737,40481.48,21364.35,43432.53,25270.5,61,441.52,75442.57,1,1,22,0.0864,0.3441,0.2145,0,1,0,0,0
C02738,136029.55,98348.76,146282.51,76660.86,73,1280.73,201508.65,2,1,41,0.343,0.239,0.0779,1,0,0,1,0
C02739,84191.54,61454.13,71487.96,72019.23,71,961.47,191522.09,0,0,42,0.1896,0.2257,0.2263,1,0,1,0,1
C02740,30656.37,11199.79,35149.12,11893.6,76,119.98,43154.79,0,0,59,0.4063,0.1155,0.167,0,1,0,0,0
C02741,60223.99,22962.86,63351.72,26413.17,68,474.31,125225.76,3,0,31,0.4421,0.3609,0.0861,0,0,0,0,0
C02742,30953.23,20164.18,33829.31,21555.67,76,350.99,70483.96,0,1,30,0.1433,0.3634,0.2216,0,0,0,0,0
C02743,20232.64,11633.76,23052.65,13672.57,81,133.66,65846.4,1,1,7,0.3166,0.3378,0.1346,0,0,0,0,0
C02744,71196.41,29703.95,68203.57,31246.7,62,417.77,221490.41,1,1,51,0.0653,0.1344,0.1175,0,2,0,0,0
C02745,75845.95,54039.35,91096.19,58563.05,67,737.27,81439.18,0,3,13,0.5199,0.3666,0.144,0,1,0,1,0
C02746,72051.85,32237.67,74428.46,35415.38,69,616.42,126400.61,0,0,6,0.1203,0.4032,0.2236,0,0,0,0,0
C02747,36423.83,14029.26,44856.15,17893.44,65,350.56,19235.33,1,0,39,0.3406,0.4084,0.0923,0,0,0,0,0
C02748,41746.41,28691.4,39355.51,32192.69,74,407.61,38977.88,1,0,41,0.4314,0.1927,0.1521,1,1,0,0,0
C02749,63058.13,39326.62,77094.21,35078.47,57,775.79,73801.24,0,2,13,0.3677,0.1927,0.1366,0,1,0,0,0
C02750,53669.01,28310.36,50530.55,27809.9,76,260.68,179754.38,2,2,49,0.5824,0.4339,0.2269,0,1,0,0,0
C02751,37694.93,24943.75,51108.81,27980.91,56,468.63,101564.41,1,2,45,0.4935,0.1633,0.0649,0,0,0,1,0
C02752,21716.67,16507.3,20322.02,19828.07,71,214.94,68600.36,0,0,40,0.071,0.3361,0.1775,0,0,0,0,0
C02753,47366.08,17306.72,55739.95,16672.23,73,294.91,56151.83,0,0,50,0.3944,0.278,0.1717,0,2,0,0,0
C02754,73128.4,46250.48,73604.66,60994.45,87,573.39,221882.75,1,2,33,0.2523,0.2002,0.0405,0,2,0,0,0
C02755,26252.15,11765.56,29817.26,12601.77,74,214.67,72129.63,1,0,21,0.2798,0.3508,0.1606,1,1,0,0,0
C02756,59985.58,33793.6,62693.15,37188.77,91,476.49,40787.21,1,1,59,0.2041,0.2099,0.1877,0,1,1,0,0
C02757,52240.41,28251.17,48011.67,25412.24,69,454.65,65886.85,1,1,51,0.414,0.4116,0.1752,0,0,0,0,0
C02758,63068.99,33142.18,45055.25,39235.6,59,668.25,160657.35,0,1,16,0.5763,0.4257,0.1084,0,2,0,0,0
C02759,66623.11,29025.04,90001.82,28923.62,72,404.57,85032.2,0,1,16,0.3989,0.4026,0.1598,0,0,0,0,0
C02760,32922.4,23414.16,34857.01,22489.16,85,208.63,33930.12,0,0,28,0.1692,0.1695,0.03,0,0,0,0,0
C02761,21737.32,11320.46,15216.13,11455.59,66,134.5,75463.73,0,1,52,0.0788,0.4409,0.0785,0,0,1,0,0
C02762,35395.29,26519.51,38450.36,32245.95,66,535.73,63627.42,1,0,3,0.1903,0.2158,0.1138,0,0,0,0,0
C02763,67139.31,34214.24,76052.09,37837.16,90,363.54,90579.74,2,0,35,0.4546,0.2857,0.1151,0,2,0,0,0
C02764,35260.41,25665.03,33997.74,24210.07,61,390.87,48573.54,0,0,59,0.5683,0.403,0.089,0,1,0,0,0
C02765,32928.65,19592.87,31776.06,19325.51,72,207.64,73764.37,2,1,9,0.6038,0.2836,0.23,0,2,0,0,0
C02766,19827.2,10380.16,20771.35,12654.95,57,233.93,46167.14,0,1,32,0.5998,0.203,0.2077,0,0,0,0,0
C02767,99023.17,66030.09,118264.49,67458.6,78,645.77,302602.31,0,0,55,0.6151,0.1959,0.1994,0,0,0,0,0
C02768,65250.49,45935.99,69295.71,51321.97,72,573.46,154574.96,1,0,42,0.4261,0.2745,0.1906,0,0,0,0,0
C02769,63631.95,36092.73,77986.49,41384.57,52,627.27,209549.97,0,1,26,0.1185,0.3303,0.1168,0,0,0,0,0
C02770,69556.47,37660.6,82476.32,26362.42,65,317.39,145753.3,0,1,5,0.1393,0.3208,0.1173,0,1,0,0,0
C02771,58333.77,35574.18,59648.96,42750.45,66,696.4,106648.84,0,0,3,0.394,0.1004,0.1342,0,1,0,0,0
C02772,40314.63,24725.91,34732.55,23433.19,69,245.17,112561.05,0,0,34,0.1073,0.3613,0.1567,0,1,0,0,0
C02773,41803.02,22634.9,42756.11,22787.22,65,387.02,37783.8,1,0,25,0.4337,0.2279,0.1586,0,1,0,0,0
C02774,37123.81,25650.63,41325.4,31671.31,83,421.37,85155.04,2,0,52,0.465,0.4494,0.155,0,1,0,0,0
C02775,147274.15,78036.84,155696.35,95488.29,72,1087.05,224049.92,0,1,28,0.1304,0.1736,0.1838,0,0,0,0,0
C02776,57790.41,32007.18,65079.57,35500.24,83,420.8,37115.67,0,1,14,0.5056,0.3884,0.1592,0,1,0,0,0
C02777,36523.37,22731.9,42133.74,25855.55,73,285.34,45629.95,1,1,42,0.3125,0.2332,0.2146,0,0,0,0,0
C02778,55486.29,44060.67,61795.25,51434.46,59,766.19,126896.08,0,1,24,0.0884,0.2505,0.0758,0,3,0,0,0
C02779,28553.27,13343.19,29037.55,16300.22,66,288.17,94453.39,4,0,22,0.2455,0.3567,0.2348,1,1,0,0,0
C02780,88560.91,40240.19,98513.91,49772.7,73,684.48,179033.58,0,0,55,0.6334,0.3561,0.1319,0,0,0,0,0
C02781,33420.9,14357.59,44057.37,15261.03,75,260.22,52228.54,0,1,47,0.5682,0.2786,0.2263,0,0,0,0,0
C02782,56382.06,37226.25,49120.86,35793.77,78,579.55,177792.65,2,1,48,0.5335,0.1765,0.0975,1,0,0,1,0
C02783,72700.8,40137.57,80586.99,40915.51,52,653.11,62332.89,0,2,60,0.5383,0.3926,0.0355,0,1,0,0,0
C02784,53506.78,28084.26,67945.07,29917.15,76,467.59,25028.54,1,1,27,0.3427,0.3454,0.1001,0,0,0,0,0
C02785,46954.26,20746.3,42683.73,21651.5,77,254.55,59462.93,0,1,18,0.3724,0.4273,0.2377,0,0,1,0,0
C02786,45219.27,33960.23,52912.52,31533.21,50,586.56,22066.88,0,0,24,0.5914,0.3015,0.1283,0,0,0,0,0
C02787,43871.46,24104.2,52038.84,26572.84,63,445.98,69512.17,0,2,3,0.0867,0.2089,0.1906,0,3,1,0,1
C02788,34714.18,21642.97,30297.79,18653.33,71,263.39,34564.31,1,0,55,0.2741,0.402,0.1658,0,0,0,0,0
C02789,36759.44,14727.24,41739.73,15614.5,67,293.94,30103.4,0,2,49,0.0833,0.1047,0.0525,0,0,0,0,0
C02790,87573.48,34905.69,89100.94,37277.19,75,618.0,73156.59,0,0,12,0.248,0.2774,0.2317,0,0,0,0,0
C02791,42854.94,16298.14,44686.84,17338.44,66,254.48,43767.6,0,2,27,0.1788,0.3285,0.1246,0,0,0,0,0
C02792,31596.75,16281.98,31944.48,18759.22,68,329.96,62629.68,0,0,10,0.3758,0.4375,0.2395,0,1,0,0,0
C02793,35670.66,20075.41,43073.13,22810.34,88,323.58,7335.08,0,2,34,0.4724,0.2942,0.0757,0,0,0,0,0
C02794,73834.74,33968.42,76533.06,44726.95,63,805.29,165109.59,2,1,39,0.3636,0.2898,0.0289,0,1,0,0,0
C02795,60988.51,30942.82,60647.12,30567.62,67,510.41,153880.92,0,2,38,0.5406,0.3299,0.1626,0,0,0,0,0
C02796,57905.4,20430.01,57698.96,22136.32,53,433.76,148177.7,0,1,38,0.1867,0.2881,0.2012,1,1,0,0,0
C02797,40076.01,20358.21,40439.95,21901.94,62,394.01,75164.78,0,1,24,0.5511,0.2353,0.0943,0,0,0,0,0
C02798,58246.01,23509.67,53612.87,25159.63,74,268.24,100879.53,0,1,47,0.5079,0.2452,0.1628,0,0,0,0,0
C02799,33685.25,13735.93,33461.04,12337.86,58,175.21,73633.78,0,1,53,0.0524,0.1205,0.0642,0,0,0,0,0
C02800,40038.29,14094.59,42605.56,12797.64,60,196.37,47509.37,2,0,13,0.5583,0.245,0.1553,1,0,0,0,0
C02801,69621.58,46184.95,76481.09,48530.04,64,960.02,40233.82,1,0,50,0.5796,0.1584,0.0625,0,1,0,1,0
C02802,66692.16,51291.45,79662.77,44156.44,71,546.8,125197.76,1,0,38,0.2951,0.3295,0.0255,0,2,0,0,0
C02803,28927.8,18215.71,31210.71,18395.96,62,230.61,88564.93,2,1,51,0.2719,0.2712,0.078,0,0,0,0,0
C02804,30620.68,12042.84,30408.28,11709.19,70,163.55,55248.79,2,0,39,0.3499,0.1513,0.1349,0,0,0,0,0
C02805,47255.94,37584.65,43885.42,38119.96,70,492.06,53050.5,1,0,25,0.1965,0.1971,0.2006,1,1,0,0,0
C02806,97848.67,77203.9,106198.92,91554.5,71,1668.99,87800.99,1,0,47,0.4922,0.1363,0.1123,0,1,0,0,0
C02807,19004.17,10655.74,19686.71,9809.67,71,128.81,7949.19,2,1,48,0.3833,0.237,0.0976,0,1,0,0,0
C02808,51004.42,20327.36,53038.58,23465.41,80,304.43,165846.59,1,0,3,0.1008,0.3953,0.1609,0,1,0,0,0
C02809,24226.4,16336.65,26200.94,16033.54,76,269.89,31045.43,1,1,41,0.5656,0.4163,0.2301,0,2,0,0,0
C02810,33825.45,26473.85,37624.95,26378.27,83,392.38,107021.55,0,0,16,0.2361,0.3647,0.2458,0,0,0,0,0
C02811,38193.67,26751.41,41339.61,29583.46,69,532.34,126750.74,0,0,10,0.1962,0.3868,0.0853,0,1,0,0,0
C02812,37241.87,23495.57,38341.92,23897.4,69,407.05,62086.59,0,0,30,0.5132,0.4473,0.1681,0,1,0,0,0
C02813,35390.89,22114.86,33757.04,20852.18,75,255.07,56369.33,0,1,22,0.3476,0.336,0.2494,0,0,0,0,0
C02814,45146.18,35668.33,44083.7,35866.89,91,458.92,56077.75,1,4,13,0.6115,0.1165,0.1721,0,1,0,1,0
C02815,35367.65,13542.4,40736.14,11332.34,72,166.7,81540.85,1,0,26,0.1944,0.1856,0.035,1,3,0,0,1
C02816,23302.41,9724.1,23283.06,10655.11,71,137.73,21106.91,1,0,34,0.4096,0.2362,0.1712,1,1,0,0,0
C02817,63918.18,46268.14,56789.7,32387.7,77,428.47,84062.78,0,1,50,0.0703,0.2007,0.0479,0,1,0,0,0
C02818,63146.34,26224.73,75090.41,30330.54,68,543.6,73990.71,1,1,20,0.6393,0.1858,0.2123,0,1,0,0,0
C02819,65765.21,34361.23,61616.38,38616.23,56,509.85,94407.88,0,0,25,0.0563,0.3073,0.1493,0,1,0,0,0
C02820,22495.88,10723.21,23715.82,13320.08,78,211.62,10026.45,1,2,18,0.2161,0.1068,0.2181,0,0,0,0,0
C02821,51479.09,23657.22,57087.2,31034.71,72,485.38,100159.96,2,1,35,0.0619,0.1966,0.1864,0,0,0,0,0
C02822,60998.73,22055.61,64072.22,25635.07,69,332.93,30633.23,1,0,35,0.214,0.2286,0.0801,0,0,0,0,0
C02823,28293.2,17112.1,21294.13,16679.36,70,224.33,78822.64,2,0,54,0.6185,0.3146,0.1995,0,2,0,0,0
C02824,45186.14,23973.86,49562.81,31422.89,66,456.71,71702.89,1,0,29,0.2727,0.1343,0.1598,0,1,0,0,0
C02825,42706.13,25547.47,51639.21,23164.61,65,342.07,112274.17,0,0,49,0.3258,0.1794,0.1631,0,1,0,0,0
C02826,103092.88,50209.19,117977.82,41255.66,77,381.68,64958.41,2,1,29,0.5877,0.432,0.218,0,0,0,0,0
C02827,106984.69,82769.49,85065.74,105307.27,63,1351.61,225710.44,0,0,21,0.0596,0.1796,0.1174,0,0,0,1,0
C02828,21278.61,13109.88,27774.31,14711.74,64,221.02,17686.57,0,0,44,0.5979,0.3484,0.2297,1,0,0,0,0
C02829,138231.48,108172.1,123150.12,89231.37,80,841.53,292075.86,1,1,14,0.6387,0.385,0.1279,0,0,1,0,0
C02830,29809.02,15128.16,27441.87,13424.07,65,161.96,47535.09,0,1,60,0.3164,0.3581,0.0378,0,0,0,0,0
C02831,69962.93,24559.11,80025.37,27411.75,80,430.76,163261.2,1,0,49,0.1642,0.1784,0.1669,0,0,0,0,0
C02832,69643.31,48859.62,76909.96,46201.86,65,738.97,34780.48,3,0,20,0.4643,0.1404,0.0587,0,0,0,0,0
C02833,28748.97,20765.97,30463.56,19994.77,62,400.71,91304.74,0,1,22,0.5142,0.4266,0.1549,0,1,0,0,0
C02834,56184.05,21148.61,55154.27,27196.49,79,375.17,100662.6,1,2,34,0.2987,0.1645,0.0819,0,1,0,0,0
C02835,42874.29,27071.52,51865.15,35403.68,67,482.76,103788.15,1,1,35,0.5391,0.1002,0.149,0,1,0,0,0
C02836,57749.29,37390.24,60364.23,39918.25,87,544.54,60464.64,2,1,39,0.1933,0.1116,0.2392,0,2,0,0,0
C02837,49922.16,20746.66,43037.99,21409.33,70,320.16,129120.62,0,1,14,0.0771,0.4253,0.2409,0,1,1,0,0
C02838,77093.21,46150.78,92348.11,53456.2,65,835.39,254557.14,0,0,52,0.4338,0.3987,0.0854,0,0,0,0,0
C02839,46553.04,21388.3,50105.7,21016.3,80,198.37,156272.19,1,1,28,0.3664,0.1367,0.0704,1,1,0,0,0
C02840,41725.78,14912.93,49395.01,11666.94,82,117.13,118134.57,1,0,29,0.0738,0.445,0.1312,0,0,0,0,0
C02841,73691.79,54540.03,82439.44,39193.36,80,354.86,112059.09,1,1,22,0.1788,0.1773,0.0889,0,0,0,0,0
C02842,58430.66,33379.26,78121.48,34753.43,71,367.74,47077.57,0,2,22,0.4003,0.2867,0.1724,0,0,0,0,0
C02843,62550.77,43895.91,63351.64,50736.01,62,1010.34,67397.28,1,1,13,0.4421,0.3518,0.0872,0,0,0,0,0
C02844,33368.04,22533.5,35100.88,23703.44,75,371.26,89517.07,2,0,10,0.4558,0.2758,0.1116,0,1,0,0,0
C02845,28114.75,22412.16,31949.03,25711.12,60,356.97,31889.05,0,1,43,0.294,0.2884,0.0729,0,0,0,0,0
C02846,34854.68,19068.27,35326.79,22103.55,66,283.08,39293.85,1,0,28,0.495,0.4022,0.1676,0,0,0,0,0
C02847,34031.71,18458.73,39011.12,22451.81,71,314.37,37565.25,0,1,43,0.4623,0.2863,0.1015,0,1,0,0,0
C02848,64100.5,30562.48,44870.35,32773.73,71,414.62,80711.34,2,0,41,0.1329,0.1957,0.0385,0,0,0,0,0
C02849,69815.45,44075.63,72696.45,47738.53,64,770.45,139497.28,0,1,5,0.3999,0.4124,0.2474,0,2,0,0,0
C02850,41965.75,23868.05,43545.38,24956.05,72,287.72,104774.22,2,1,36,0.1624,0.4118,0.0203,1,0,0,0,0
C02851,85676.28,58083.59,88528.8,59186.7,66,846.94,127206.36,1,1,42,0.4546,0.1548,0.1428,0,1,0,0,0
C02852,83302.1,42519.91,78701.22,36624.8,66,693.45,122801.22,1,2,59,0.4216,0.1195,0.0723,0,2,0,1,0
C02853,50208.88,20529.42,58178.78,24443.1,86,277.29,147693.93,1,1,44,0.6056,0.4327,0.1512,0,1,0,0,0
C02854,31087.67,22945.68,30760.21,23036.29,72,392.0,26564.07,0,4,36,0.1651,0.1826,0.1879,0,0,0,1,0
C02855,91430.76,66069.8,98199.65,65876.49,66,1016.97,202562.32,0,0,46,0.3084,0.3762,0.0299,0,1,0,0,0
C02856,43781.21,22238.67,45775.02,21905.22,84,249.33,89019.03,0,1,49,0.1118,0.4086,0.1516,0,2,0,0,0
C02857,47628.76,31466.34,52870.01,27978.4,77,365.63,81804.01,0,0,13,0.2364,0.3277,0.1368,0,1,0,0,0
C02858,38622.7,22076.01,47185.95,22953.2,79,332.57,122707.24,1,3,40,0.4619,0.1014,0.1179,0,0,0,1,0
C02859,30152.17,20878.49,32365.71,23216.28,57,529.12,7191.19,1,1,27,0.1611,0.1077,0.1622,0,1,0,0,0
C02860,23237.67,12212.78,26745.81,11789.8,60,141.03,66197.0,3,0,15,0.5487,0.236,0.2479,0,0,0,0,0
C02861,59826.77,35359.87,63858.16,41530.6,64,655.51,92480.16,1,0,30,0.3145,0.1975,0.2201,0,2,0,0,0
C02862,31630.82,11893.73,31291.71,11962.61,72,183.3,92365.52,1,0,5,0.2674,0.1291,0.1327,0,2,0,0,0
C02863,178297.15,76437.68,184183.29,66201.26,68,917.87,301721.07,1,1,3,0.5276,0.1252,0.1502,1,1,0,0,0
C02864,27603.14,19371.73,28044.09,23533.63,66,371.89,22073.18,4,1,28,0.5376,0.3144,0.171,0,0,0,1,0
C02865,25555.19,13332.26,28575.29,14316.38,65,161.25,52749.19,1,1,36,0.1069,0.3141,0.2384,0,0,0,0,0
C02866,56612.22,20708.61,60167.37,23889.32,70,296.31,193152.91,1,1,46,0.6423,0.3393,0.0703,0,0,0,0,0
C02867,89555.05,38099.97,85497.16,44059.69,83,491.73,49812.15,1,1,6,0.52,0.4461,0.2354,0,0,0,0,0
C02868,46327.13,24795.17,47409.55,23219.85,68,322.26,144532.68,1,0,28,0.2754,0.1019,0.1199,0,1,0,0,0
C02869,58216.66,39183.36,50467.44,38688.49,79,543.09,131317.71,0,2,37,0.0801,0.2495,0.2357,0,1,1,0,0
C02870,19630.14,10081.42,20176.79,11836.74,81,181.41,57178.85,1,0,38,0.1775,0.3003,0.0955,0,0,0,0,0
C02871,33174.53,22735.62,34838.45,28879.37,71,299.63,96929.31,0,0,60,0.1337,0.2105,0.1966,0,0,0,0,0
C02872,27758.31,20433.65,35170.17,21610.52,62,337.94,16797.91,2,0,53,0.0748,0.4005,0.0928,0,0,0,0,0
C02873,19180.46,9657.58,23243.15,9413.6,56,157.79,28991.98,1,0,13,0.267,0.1302,0.1324,0,1,0,0,0
C02874,47432.31,33684.95,43918.1,42169.53,71,759.57,99156.26,0,0,47,0.1423,0.4296,0.0626,0,1,0,0,0
C02875,16401.78,6677.11,17619.0,6508.87,76,100.0,47540.59,3,1,16,0.3742,0.3589,0.1519,0,0,0,0,0
C02876,24820.61,13325.63,26714.85,14517.96,76,243.16,29545.91,0,0,19,0.4676,0.1801,0.2383,0,1,0,0,0
C02877,35336.81,13919.28,36126.5,13900.71,75,185.71,119465.44,1,1,59,0.2279,0.1898,0.2185,0,1,0,0,0
C02878,30956.53,11566.52,31885.14,12518.32,77,175.03,10550.6,0,1,54,0.168,0.1024,0.2098,0,1,0,0,0
C02879,53787.78,20387.58,54192.59,19093.9,67,345.59,112263.39,1,3,9,0.384,0.4213,0.0228,0,0,0,1,0
C02880,51633.65,20505.71,65818.7,20609.07,67,222.08,120915.11,2,1,35,0.6319,0.239,0.0797,0,1,0,1,0
C02881,67280.6,48850.87,67284.49,47616.13,68,878.92,141266.06,0,0,25,0.4825,0.1923,0.2284,1,1,0,0,0
C02882,63132.47,37542.02,68871.99,42402.53,73,572.56,25071.26,1,0,24,0.3193,0.413,0.1783,0,1,1,0,0
C02883,75190.75,58372.44,56131.13,62434.33,70,1138.83,127691.41,2,0,30,0.1905,0.2374,0.1684,0,1,1,1,0
C02884,44961.17,26621.51,51652.66,30764.46,57,380.84,37551.61,2,0,59,0.2932,0.2657,0.2283,0,0,0,0,0
C02885,51584.57,32648.91,61494.51,31046.14,67,350.49,102929.32,1,0,32,0.1098,0.1628,0.1154,0,1,0,0,0
C02886,56647.26,24529.27,52328.27,25142.16,61,307.03,79727.43,0,0,14,0.4029,0.3951,0.0809,0,1,0,0,0
C02887,47961.95,28453.98,47413.92,32010.83,63,372.75,140341.92,0,1,48,0.1991,0.1739,0.1171,0,0,0,0,0
C02888,37634.65,19697.45,41555.44,22712.03,65,272.62,15462.25,3,3,8,0.1418,0.2731,0.1228,0,0,1,1,0
C02889,38747.39,29802.39,40775.24,26121.97,77,305.29,62333.15,0,0,20,0.5097,0.4055,0.0676,0,0,1,0,0
C02890,31148.35,23992.47,34448.96,26107.06,71,286.98,94500.24,0,0,29,0.2892,0.3499,0.2225,1,0,0,0,0
C02891,54401.41,23899.87,55246.32,22762.47,79,226.78,128548.54,0,1,13,0.5119,0.3732,0.0268,0,0,1,0,0
C02892,43135.9,27135.02,54937.53,31452.64,67,455.36,33693.42,1,1,6,0.2031,0.284,0.1664,0,0,0,0,0
C02893,33389.26,21274.94,32375.27,27088.54,60,485.78,95707.69,2,0,23,0.3682,0.2442,0.0708,1,1,0,0,0
C02894,33403.22,20146.84,45862.25,14839.56,84,128.43,43669.17,0,0,24,0.0819,0.4117,0.0479,0,1,0,0,0
C02895,26101.25,10595.76,31296.2,10291.51,50,215.03,50179.96,0,4,14,0.376,0.2158,0.1269,0,3,0,1,0
C02896,69905.27,45040.45,80380.85,48718.11,72,709.9,149294.92,0,0,32,0.4173,0.233,0.1439,0,1,0,0,0
C02897,46620.5,33081.37,43130.62,34720.18,70,442.7,27482.04,1,1,37,0.5973,0.3284,0.1918,1,1,0,0,0
C02898,30520.62,15423.65,35378.34,17933.97,82,177.83,72725.24,0,1,16,0.6277,0.1893,0.0258,1,0,0,0,0
C02899,64748.4,37654.32,72678.3,39894.29,68,633.33,159101.77,1,1,44,0.3033,0.2964,0.1096,0,1,0,0,0
C02900,34968.95,14069.67,27822.93,13878.76,67,242.11,80198.47,1,2,4,0.0796,0.3094,0.0336,0,0,0,0,0
C02901,23896.62,18371.96,21063.63,17041.1,76,195.17,58146.71,0,1,30,0.4061,0.2794,0.2475,0,0,0,0,0
C02902,71251.26,28450.06,77871.6,25814.9,58,447.71,70758.66,2,1,41,0.4817,0.2996,0.219,0,0,0,0,0
C02903,35338.35,15682.09,36540.0,15068.45,63,181.62,33926.0,0,0,57,0.161,0.3627,0.244,1,0,0,0,0
C02904,37436.94,18131.28,36988.54,17808.33,77,270.39,38215.8,2,2,33,0.1983,0.2803,0.1185,0,1,0,0,0
C02905,45841.67,33079.61,54069.05,36256.91,77,516.84,49063.53,1,0,20,0.528,0.2596,0.077,0,0,0,0,0
C02906,75250.88,50064.05,71032.81,51625.68,60,823.45,105047.43,2,3,36,0.3276,0.4252,0.0449,0,1,0,0,0
C02907,45407.59,16035.99,45197.4,15585.26,75,220.93,46557.67,2,2,30,0.2356,0.1818,0.2018,0,0,1,0,0
C02908,26234.09,11348.94,25508.89,10541.83,78,172.05,88977.21,1,1,43,0.5576,0.1239,0.1955,0,0,0,0,0
C02909,57478.28,39520.23,63871.03,38164.08,74,534.89,27355.34,1,0,11,0.1493,0.1753,0.0753,0,2,0,0,0
C02910,36176.77,19236.11,30521.07,18895.94,67,269.71,108537.47,1,3,48,0.0743,0.3983,0.2414,0,0,0,0,0
C02911,105238.4,38074.84,104215.42,36560.41,69,514.83,144951.77,2,2,10,0.1808,0.1901,0.1353,0,0,0,1,0
C02912,44977.33,35251.55,37927.95,39861.52,71,454.28,99170.14,1,2,48,0.5124,0.1877,0.0596,0,0,0,1,0
C02913,16459.4,6880.93,16664.4,8354.59,61,170.65,20502.13,0,2,4,0.4484,0.2212,0.0519,0,0,0,0,0
C02914,52851.0,30638.26,60079.22,27846.27,82,349.97,167893.94,2,1,45,0.0763,0.3536,0.0699,0,1,0,0,0
C02915,107956.84,49848.23,122952.86,59035.78,67,825.61,45189.43,1,0,48,0.1486,0.146,0.1883,0,0,0,0,0
C02916,91453.13,62358.34,88040.85,70663.75,73,1221.39,98054.59,1,1,46,0.1354,0.3383,0.1311,0,0,0,0,0
C02917,102574.76,71753.79,114268.14,76890.23,77,1029.12,345810.36,0,2,37,0.2316,0.1452,0.0285,0,0,0,0,0
C02918,28439.25,15037.23,29229.31,18543.91,73,200.1,39272.65,1,0,4,0.1545,0.135,0.1052,0,0,0,0,0
C02919,67838.58,43844.23,82310.6,45140.61,58,868.59,69870.3,1,1,54,0.4592,0.2386,0.2048,0,0,0,0,0
C02920,32517.06,24683.15,33635.79,27107.72,72,482.0,38350.11,1,1,49,0.5533,0.4411,0.064,1,2,1,0,1
C02921,49778.98,35674.8,34845.28,37988.2,71,639.97,28835.46,0,1,11,0.5743,0.1445,0.1499,0,1,0,1,0
C02922,25376.76,13619.81,29370.09,14381.46,75,177.99,33519.56,1,2,9,0.3357,0.1597,0.0531,0,1,0,0,0
C02923,33671.69,18474.45,33500.24,20415.74,61,396.67,42114.65,0,0,43,0.1298,0.28,0.0968,0,0,1,0,0
C02924,33193.41,24865.03,33760.89,26246.79,81,320.39,37195.54,1,0,17,0.0792,0.3498,0.0215,0,1,0,0,0
C02925,67424.76,24641.58,73513.95,27251.96,73,351.96,31597.26,1,0,27,0.2875,0.1193,0.1802,0,2,0,0,0
C02926,64520.7,23244.56,56715.96,22538.43,75,310.53,139482.79,1,0,27,0.3464,0.1776,0.1173,0,1,0,0,0
C02927,50969.7,22559.59,53974.8,21958.84,77,212.77,125696.13,3,0,55,0.1373,0.3952,0.0482,0,0,0,0,0
C02928,24507.34,17704.83,27304.6,17157.35,56,263.04,61722.95,0,0,37,0.0634,0.3031,0.0297,0,2,0,0,0
C02929,39111.82,16385.74,42776.12,16487.73,69,250.31,28660.56,1,2,11,0.1117,0.1052,0.0812,0,0,1,0,0
C02930,32166.0,15387.43,31462.48,18027.83,51,272.31,75134.95,1,1,11,0.4921,0.3768,0.2434,0,0,1,0,0
C02931,66554.2,42134.19,77803.97,41903.94,54,734.21,208604.41,0,1,43,0.1668,0.1314,0.1971,0,3,0,0,0
C02932,76465.96,33102.82,71136.32,37349.76,80,558.61,262086.62,0,0,52,0.5366,0.3274,0.1153,1,0,0,0,0
C02933,72387.67,35209.53,70573.45,38091.56,72,654.07,228051.01,2,0,51,0.6002,0.2811,0.0683,0,1,0,0,0
C02934,32034.51,17942.87,33113.43,17889.57,63,229.88,20897.7,0,0,32,0.2475,0.326,0.1966,0,2,0,0,0
C02935,13116.52,5937.18,14237.41,7166.78,67,135.5,43907.81,2,0,23,0.4375,0.318,0.0881,0,0,0,0,0
C02936,20318.46,16185.4,20543.07,18424.38,69,261.74,25792.13,3,1,18,0.2233,0.263,0.1385,0,0,0,0,0
C02937,85318.78,36136.83,102163.31,37951.4,74,405.79,25446.27,1,1,18,0.4841,0.3285,0.1579,0,0,0,0,0
C02938,37565.94,27515.99,40775.36,28623.87,72,457.32,52668.91,2,0,48,0.1771,0.379,0.1473,0,0,0,0,0
C02939,32099.37,18025.24,33995.77,19129.23,83,173.12,38968.64,0,3,59,0.2928,0.3393,0.0779,0,1,0,0,0
C02940,94241.4,38460.45,101895.35,33324.27,72,527.16,229095.76,2,0,60,0.5673,0.1649,0.2341,0,0,0,0,0
C02941,79518.08,32071.14,90487.5,30499.8,92,370.98,274080.82,0,0,41,0.4265,0.4109,0.0892,0,0,0,0,0
C02942,45497.82,26167.31,49087.28,28928.01,57,549.37,118252.05,0,1,30,0.0958,0.3714,0.1733,1,2,0,0,0
C02943,39434.11,20075.28,32843.01,17265.72,74,279.21,96097.19,1,0,38,0.0977,0.1579,0.1133,0,0,0,0,0
C02944,42402.91,19317.54,50066.85,18550.34,72,307.57,32187.36,0,0,13,0.6416,0.1092,0.2204,0,1,0,0,0
C02945,49843.38,38953.73,53051.35,39066.49,58,649.63,128330.91,1,1,35,0.2695,0.1064,0.081,1,0,1,0,0
C02946,92451.46,51636.07,104671.91,72209.87,67,1088.24,101469.8,1,0,23,0.1708,0.1688,0.1069,1,0,0,0,0
C02947,54422.24,41794.37,54492.27,47263.1,72,624.04,60964.8,1,1,7,0.3263,0.3211,0.139,0,0,0,0,0
C02948,62388.16,26440.1,51831.71,31243.76,75,444.95,101645.31,0,0,11,0.2707,0.1244,0.0989,1,0,0,0,0
C02949,76159.82,32943.67,59140.45,31407.91,62,513.44,239726.64,0,1,52,0.4452,0.3103,0.1899,0,1,0,0,0
C02950,26583.97,16434.54,24900.56,17970.29,83,190.06,24356.84,0,1,8,0.3518,0.3182,0.2136,0,0,0,0,0
C02951,63202.91,29796.64,70286.4,24992.79,64,372.49,198741.86,0,1,17,0.4298,0.1331,0.2295,0,1,0,1,0
C02952,39413.43,17074.77,47522.62,17251.08,77,232.75,72438.24,0,1,10,0.5645,0.1814,0.1304,0,1,0,0,0
C02953,14503.93,5694.37,15754.7,6324.41,71,105.12,6199.19,1,1,57,0.3318,0.3475,0.1227,0,1,0,0,0
C02954,17270.26,6637.34,15953.11,5840.13,76,100.0,41841.94,2,1,35,0.4707,0.2244,0.166,0,0,0,0,0
C02955,28460.28,19607.02,27205.33,21512.36,71,314.31,68735.47,0,1,32,0.3371,0.207,0.2141,0,0,0,0,0
C02956,57151.92,27259.95,69342.08,30180.26,77,495.05,193581.05,2,0,28,0.5521,0.3141,0.1126,0,0,1,1,0
C02957,47364.47,37431.6,42282.56,36596.86,68,508.7,59457.17,0,1,24,0.3137,0.1675,0.0648,0,0,0,0,0
C02958,48892.67,21141.41,63668.66,20080.61,64,232.53,25697.42,2,2,26,0.2187,0.2206,0.0525,0,0,1,0,0
C02959,108265.56,55161.41,138052.06,53185.03,72,893.62,180224.48,0,0,55,0.6035,0.1669,0.048,0,1,0,0,0
C02960,25420.91,13186.05,33203.95,13296.37,91,120.89,28704.22,2,0,15,0.3514,0.3601,0.1281,0,0,0,0,0
C02961,44447.89,25560.59,48700.85,25866.99,71,407.48,89141.82,0,0,53,0.4793,0.1033,0.0593,0,0,1,0,0
C02962,51607.06,38281.4,52072.4,42536.5,65,639.39,107139.05,0,1,54,0.4514,0.2659,0.1848,0,1,0,0,0
C02963,32308.8,23444.77,35305.81,23113.53,68,429.81,43006.14,1,1,12,0.4653,0.4251,0.0349,1,0,0,0,0
C02964,45577.29,16156.25,52825.45,20070.19,54,432.74,152485.99,0,0,27,0.1098,0.3351,0.1687,1,1,0,0,0
C02965,21904.35,11700.53,21288.99,14524.86,65,263.95,16935.49,0,0,59,0.2886,0.278,0.0283,1,0,0,0,0
C02966,84869.97,61324.62,77898.38,66129.05,62,1131.2,77768.94,1,1,5,0.6185,0.1761,0.0493,0,0,0,0,0
C02967,33113.33,11592.61,33640.75,11692.82,58,157.98,48710.75,1,0,6,0.3507,0.2953,0.0313,0,0,0,0,0
C02968,112257.19,66247.21,107466.4,65320.16,86,608.91,222241.32,1,0,5,0.1205,0.1752,0.2359,0,1,0,0,0
C02969,44347.18,20699.67,53168.11,22521.47,71,230.47,87307.18,1,1,18,0.2264,0.4064,0.1251,0,0,0,0,0
C02970,71470.63,38290.09,69757.37,42463.93,71,644.55,180749.66,0,0,24,0.1082,0.4066,0.0795,0,0,0,0,0
C02971,43933.46,23686.16,46634.36,24299.14,67,404.08,21364.83,0,1,33,0.2982,0.3533,0.2297,0,1,1,0,0
C02972,44381.72,23357.64,51836.29,23423.61,72,267.92,147121.8,0,0,35,0.1393,0.111,0.028,0,0,0,0,0
C02973,34599.85,25997.55,41643.72,28397.88,59,585.01,13211.58,0,2,8,0.5473,0.4462,0.2282,0,0,0,1,0
C02974,47478.09,28078.95,51040.23,29715.53,57,475.5,109322.81,0,0,27,0.3081,0.306,0.1955,0,2,0,0,0
C02975,51923.0,39289.41,56913.61,38556.48,70,458.0,100423.62,1,2,34,0.577,0.4227,0.087,1,1,0,1,0
C02976,31618.62,21406.88,29340.85,22767.61,80,327.43,32203.16,0,1,7,0.4476,0.3402,0.2263,1,0,0,1,0
C02977,42537.77,21609.36,49886.89,21120.29,70,324.63,61516.6,1,0,35,0.3517,0.1664,0.2241,1,1,0,0,0
C02978,34196.32,19563.84,41091.08,18777.39,87,176.94,62222.13,1,1,42,0.1107,0.178,0.2344,1,1,0,0,1
C02979,126660.63,66552.1,104565.65,69839.95,66,1269.38,48001.72,0,1,6,0.17,0.1541,0.2049,0,1,0,0,0
C02980,43219.15,31241.33,54523.27,30648.98,68,343.87,60126.43,1,0,34,0.3421,0.2992,0.0675,0,4,0,0,0
C02981,90198.88,39184.11,87124.98,37696.68,68,451.28,142002.88,0,0,7,0.2522,0.1772,0.1424,0,1,0,0,0
C02982,41208.0,31787.26,46208.83,37365.46,71,610.74,75160.61,1,2,60,0.5305,0.1165,0.2141,1,0,0,1,0
C02983,50569.16,30907.42,53568.29,30998.14,73,434.99,90649.33,2,0,50,0.41,0.4393,0.0335,0,1,0,0,0
C02984,24829.9,15525.92,25891.5,19736.6,62,305.52,84786.77,1,1,43,0.2521,0.3246,0.1663,0,1,1,0,0
C02985,36799.34,21437.84,37727.34,24121.79,68,280.66,114538.17,2,0,34,0.3329,0.2868,0.2304,0,1,0,0,0
C02986,49471.81,29659.51,46052.94,28221.49,85,250.25,124407.82,1,0,23,0.2709,0.1624,0.1739,0,2,0,0,0
C02987,91869.05,59756.59,102237.33,71060.81,71,961.81,314469.1,0,3,51,0.3741,0.4021,0.1318,0,0,0,1,0
C02988,49727.33,32062.49,50506.79,30908.42,81,492.37,63879.23,0,1,33,0.0986,0.3303,0.1906,0,0,0,0,0
C02989,83875.76,37439.3,74890.09,48176.96,66,783.53,100675.38,2,0,59,0.3397,0.4354,0.1477,0,1,0,0,0
C02990,60038.77,36749.62,55583.86,39584.6,78,452.05,104013.69,1,3,19,0.2465,0.2051,0.1036,0,0,0,0,0
C02991,93596.51,47695.09,83760.12,53185.18,75,921.51,229109.03,1,2,25,0.5286,0.351,0.0661,0,0,0,0,0
C02992,43820.14,27898.69,43252.63,29397.25,59,647.05,110884.95,1,0,18,0.2563,0.1042,0.0827,0,1,0,0,0
C02993,131928.84,78698.93,146205.12,85144.83,71,1082.5,310443.23,0,0,14,0.498,0.3423,0.2,0,0,0,0,0
C02994,36170.15,15584.13,34892.11,15934.87,76,174.13,30208.38,2,0,10,0.0987,0.1206,0.2114,1,1,0,0,0
C02995,31872.85,21693.63,37197.31,20368.21,74,224.73,29297.76,0,0,9,0.6048,0.4348,0.1333,0,0,1,0,0
C02996,26105.31,14505.57,27037.12,15822.11,68,244.94,32188.57,0,0,43,0.3244,0.2314,0.0835,0,0,0,0,0
C02997,128460.77,76838.64,130422.55,90129.88,70,1143.99,209896.2,1,2,28,0.2905,0.4208,0.1147,0,0,0,1,0
C02998,65066.77,42468.38,68451.01,38524.04,87,517.14,91136.01,0,0,28,0.3965,0.273,0.1269,0,4,0,0,0
C02999,38718.14,24926.44,47136.18,30780.58,72,390.15,92953.78,0,1,13,0.2835,0.3773,0.05,0,2,0,0,0
C03000,78942.73,54235.08,69899.0,60859.16,71,913.24,189741.3,1,3,49,0.2243,0.2689,0.0587,0,1,0,0,0
C03001,61321.1,27167.59,76575.58,27101.6,85,270.8,76753.18,1,1,6,0.0832,0.295,0.057,0,0,0,0,0
C03002,109007.84,43567.83,127018.04,43368.58,68,630.48,289873.07,0,1,10,0.3104,0.3303,0.0939,0,1,0,0,0
C03003,22424.13,14601.04,23487.06,18597.34,75,271.48,31688.43,1,1,8,0.2395,0.4151,0.0265,0,2,0,0,0
C03004,39934.89,18218.03,47600.92,21181.13,60,456.94,12545.15,1,1,45,0.5068,0.1785,0.1712,0,0,0,0,0
C03005,36544.4,14675.21,36957.47,17416.63,71,216.48,86091.18,1,0,6,0.1051,0.3236,0.223,0,0,0,0,0
C03006,18513.59,7573.11,20073.95,7723.61,65,137.0,51881.03,2,1,47,0.0764,0.3414,0.1462,0,0,0,0,0
C03007,72516.18,35588.05,71430.63,39739.81,65,650.06,176752.14,0,0,49,0.3276,0.2139,0.135,0,0,1,0,0
C03008,39844.49,31728.33,46457.76,34644.97,69,578.92,32715.25,0,0,3,0.4285,0.2101,0.1934,0,0,0,0,0
C03009,62771.21,26412.06,60582.34,27179.12,68,426.71,101747.29,1,1,53,0.2576,0.1418,0.0997,1,0,0,0,0
C03010,130133.37,63028.99,135837.88,67006.8,75,683.35,369568.06,1,1,22,0.5852,0.2246,0.1345,0,1,0,0,0
C03011,38386.38,29339.88,43434.07,34715.13,62,471.86,16974.81,0,1,38,0.2503,0.2413,0.0831,1,0,0,0,0
C03012,37231.07,29170.12,43775.65,36227.86,72,567.38,123424.44,1,1,18,0.2836,0.266,0.0311,0,1,0,0,0
C03013,47468.26,21502.15,45164.22,21928.33,79,317.91,15763.23,0,1,26,0.2656,0.3253,0.2142,0,0,0,0,0
C03014,70170.21,52361.27,80020.46,46728.94,71,709.31,57342.67,0,0,15,0.2199,0.1236,0.151,0,1,0,0,0
C03015,34870.51,14384.54,32504.96,17940.85,62,236.89,77532.21,2,1,33,0.4746,0.105,0.2031,0,0,0,0,0
C03016,33876.78,23466.15,26829.06,29303.1,60,373.39,59702.36,2,0,30,0.6218,0.1689,0.1271,0,0,0,1,0
C03017,72413.86,25768.74,69534.13,28295.27,69,468.21,157971.84,0,0,26,0.5512,0.4413,0.2089,0,2,1,0,1
C03018,53359.4,28439.43,61371.81,35979.17,75,519.27,90450.45,1,0,40,0.3152,0.4488,0.1378,0,1,0,0,0
C03019,17931.07,8271.62,18801.33,9010.39,82,113.74,52897.62,2,0,26,0.2355,0.3742,0.1158,0,0,0,0,0
C03020,25925.74,17287.37,25557.6,16265.91,51,226.88,87757.13,0,1,52,0.5432,0.2433,0.0548,0,2,0,0,0
C03021,88430.65,31589.66,93440.9,28195.18,69,437.89,242603.89,0,0,6,0.4656,0.4334,0.1831,0,1,0,0,0
C03022,53921.55,30153.24,56762.57,26878.52,69,454.74,116648.33,0,0,45,0.439,0.3766,0.1751,0,0,0,0,0
C03023,31934.1,21189.17,35913.97,22260.21,53,411.02,46378.83,1,1,29,0.6098,0.4376,0.218,0,1,1,1,0
C03024,41678.2,15463.33,35701.33,15371.33,76,147.77,95330.08,1,0,28,0.1671,0.2784,0.0335,0,0,0,0,0
C03025,45268.84,34125.02,46976.28,33460.85,60,487.37,127645.61,1,2,13,0.4251,0.4184,0.0692,0,0,0,0,0
C03026,62661.2,32116.3,66728.75,33310.1,87,308.02,175388.18,0,1,30,0.3952,0.3916,0.0304,0,1,0,0,0
C03027,24421.01,10363.54,21640.82,11948.71,62,206.42,5543.39,0,1,25,0.5992,0.3458,0.1176,0,0,0,0,0
C03028,30822.21,13914.96,27262.55,13697.32,63,168.08,77325.59,1,0,44,0.1658,0.4038,0.1325,1,2,0,0,0
C03029,50881.15,25568.17,51198.4,24651.62,62,288.09,44195.44,0,0,57,0.3274,0.1294,0.0893,0,1,0,0,0
C03030,43023.09,18898.7,45218.25,18752.78,82,272.35,84294.45,2,2,43,0.0516,0.2969,0.0603,0,0,0,0,0
C03031,58206.62,33745.9,61201.09,39162.49,66,743.58,154829.9,1,1,41,0.0834,0.1433,0.0541,1,1,0,0,0
C03032,25877.77,16427.71,25444.01,17111.06,74,278.95,86967.35,1,0,10,0.1483,0.3508,0.2116,0,0,1,0,0
C03033,52845.39,28803.04,51699.69,31210.65,67,489.22,16851.3,1,0,19,0.639,0.1726,0.1639,0,0,0,0,0
C03034,73543.36,39872.59,73733.01,49296.99,68,662.58,94239.72,2,3,19,0.2975,0.2236,0.0582,0,0,0,1,0
C03035,56021.24,39313.73,60829.12,54692.98,69,593.06,22582.69,1,0,45,0.1893,0.1502,0.1586,0,0,0,0,0
C03036,47907.05,23256.84,57457.54,26206.89,62,394.89,131465.28,0,2,43,0.374,0.3088,0.0439,0,0,0,0,0
C03037,43099.65,27163.38,33770.83,30286.16,52,471.84,33107.71,1,0,45,0.5331,0.1067,0.1128,0,0,1,0,0
C03038,30906.9,23236.26,34762.85,21095.2,81,308.58,18859.9,0,0,13,0.1422,0.3903,0.0712,0,0,0,0,0
C03039,43565.39,19590.55,45162.58,21436.41,61,421.77,22587.49,2,1,55,0.4289,0.2757,0.2392,0,1,0,0,0
C03040,79323.16,49890.72,88293.55,52756.42,76,681.54,201780.23,1,0,24,0.3321,0.161,0.1414,0,0,0,0,0
C03041,42653.09,33123.85,50853.79,38326.6,70,484.25,21217.96,0,0,18,0.4826,0.2817,0.0677,0,0,0,0,0
C03042,30151.98,17741.66,28927.36,17794.51,62,321.32,50633.85,2,0,40,0.2827,0.3451,0.0633,0,0,1,0,0
C03043,36058.81,28472.18,41947.81,30581.57,59,557.98,26275.23,0,1,8,0.2374,0.3341,0.1535,0,1,0,0,0
C03044,49256.69,24112.17,44307.12,27068.99,61,465.3,112461.04,1,0,21,0.4852,0.3314,0.1222,0,0,0,0,0
C03045,38037.83,22972.27,40522.15,29354.55,70,526.42,25713.93,0,1,36,0.6169,0.3275,0.158,0,0,0,0,0
C03046,55983.05,27429.8,57152.98,33948.56,73,403.6,54247.71,0,0,12,0.2615,0.2943,0.021,0,1,0,0,0
C03047,56936.82,20023.18,60099.86,24066.44,56,386.18,172427.83,2,0,40,0.4875,0.2111,0.0372,0,0,0,0,0
C03048,67134.96,53626.64,62523.85,60987.13,71,629.39,17134.13,1,0,22,0.4776,0.2678,0.0495,0,0,0,0,0
C03049,85393.01,39112.31,94139.48,39043.5,76,427.35,26862.23,0,0,37,0.1698,0.3834,0.2294,0,1,0,0,0
C03050,70442.65,55501.48,87373.86,63115.43,62,999.4,184712.11,0,2,49,0.6428,0.3883,0.2322,0,0,0,1,0
C03051,29555.06,19029.46,27586.02,18217.43,56,387.87,26569.23,0,0,12,0.236,0.383,0.1951,0,1,0,0,0
C03052,29966.26,22677.57,32146.53,23250.26,67,282.28,28930.07,0,0,22,0.1199,0.2009,0.0518,0,0,0,0,0
C03053,43491.49,34151.31,50132.85,43146.91,71,616.11,9812.14,1,1,8,0.6324,0.4148,0.0344,0,0,0,1,0
C03054,36731.46,22241.75,37260.07,24789.71,89,246.6,69262.5,0,1,30,0.4025,0.246,0.185,0,0,0,0,0
C03055,26961.65,21565.57,32711.14,23231.33,78,348.85,40634.93,0,0,37,0.4545,0.2343,0.1858,0,0,0,0,0
C03056,36888.55,25648.55,36830.91,28025.8,62,489.47,108824.85,1,0,18,0.4082,0.4251,0.0777,0,2,0,0,0
C03057,36347.73,21289.47,37657.87,22114.23,68,238.35,19710.3,1,1,36,0.6437,0.3274,0.0927,0,2,0,1,0
C03058,33259.19,21443.01,30958.37,16967.89,83,163.07,116213.59,1,0,34,0.4836,0.4315,0.2362,1,0,0,0,0
C03059,39038.85,17076.45,41583.82,15339.33,57,311.7,14946.53,0,0,33,0.4908,0.1341,0.0257,0,0,0,0,0
C03060,76475.11,27145.96,80326.61,30513.93,76,444.48,70926.28,1,0,15,0.3662,0.2256,0.1312,0,0,0,0,0
C03061,49220.96,22915.08,55437.97,21529.51,57,290.74,32571.82,0,1,24,0.0584,0.2844,0.2061,0,0,0,0,0
C03062,136862.47,74690.9,133256.87,77461.16,71,961.32,378144.05,0,1,47,0.0722,0.2883,0.0247,0,0,0,0,0
C03063,48588.71,21992.4,47041.67,19852.69,79,216.92,55208.73,1,1,59,0.5548,0.3701,0.1033,0,0,0,0,0
C03064,39493.37,22958.14,43659.89,22126.19,68,319.8,10931.88,2,1,49,0.2024,0.325,0.1652,0,2,0,0,0
C03065,45083.77,29127.49,54896.83,30568.97,71,308.09,87952.23,0,0,14,0.1729,0.1718,0.2474,0,0,0,0,0
C03066,50505.58,32581.52,56843.09,37822.69,69,558.1,49881.04,1,0,37,0.1199,0.3752,0.0851,0,0,0,0,0
C03067,54736.28,41172.3,69607.55,48785.85,73,534.53,122849.8,1,0,10,0.2863,0.3605,0.0979,0,1,0,0,0
C03068,114569.61,89919.22,127932.65,86488.22,74,1333.19,191811.32,0,0,20,0.6161,0.1859,0.1179,0,0,0,0,0
C03069,30761.63,23096.23,34216.63,25101.08,65,397.3,14854.0,1,0,10,0.1242,0.1604,0.164,0,0,0,0,0
C03070,66236.6,41668.04,74947.72,36624.06,76,564.95,210011.15,5,1,36,0.4262,0.114,0.247,0,0,0,1,0
C03071,49409.87,21868.51,60704.01,23109.97,67,371.81,46847.92,0,2,37,0.1787,0.3272,0.2095,0,0,0,0,0
C03072,22190.59,17187.79,26595.61,20013.43,74,336.89,5017.74,0,1,30,0.1819,0.4068,0.1857,0,1,0,0,0
C03073,63654.94,27288.06,58550.74,28432.91,72,502.67,135078.73,0,0,52,0.4304,0.3248,0.173,0,0,0,0,0
C03074,79606.29,33286.76,91234.37,40206.49,69,625.56,233329.29,0,0,29,0.5915,0.1459,0.0769,0,1,0,0,0
C03075,30597.95,15081.92,33102.17,17350.7,63,296.46,55874.68,0,0,24,0.4305,0.4232,0.1416,0,0,0,0,0
C03076,44819.45,27255.72,46016.84,29407.8,78,344.31,134604.0,0,0,51,0.5984,0.3859,0.0608,0,1,0,0,0
C03077,20702.47,13594.54,17333.11,13866.91,80,218.46,9171.76,0,0,53,0.6494,0.3678,0.2283,0,0,0,0,0
C03078,25538.82,9091.35,22095.69,8962.99,81,131.55,29148.75,2,0,35,0.5974,0.4087,0.0585,0,0,0,0,0
C03079,72115.99,50489.13,72567.72,44180.21,72,521.32,167151.52,1,0,49,0.2163,0.2357,0.0948,0,1,0,0,0
C03080,36480.4,15641.29,31892.95,13992.4,70,171.55,100371.74,1,3,40,0.089,0.1584,0.2387,0,0,0,0,0
C03081,27322.24,13208.07,27561.29,15445.41,67,263.98,12532.26,1,0,8,0.4639,0.3315,0.1883,0,0,0,0,0
C03082,49894.94,24694.95,56666.73,30415.37,81,341.95,110731.94,1,1,11,0.4227,0.4214,0.1584,0,2,0,0,0
C03083,35572.64,17772.12,34871.34,16355.25,66,295.77,97459.68,3,1,26,0.0991,0.1769,0.1043,1,0,1,0,0
C03084,36408.15,25200.46,38593.21,26666.69,71,469.49,22489.21,0,2,52,0.4362,0.2814,0.2095,0,2,0,0,0
C03085,62762.59,23123.31,57842.37,19910.63,83,184.54,43116.76,1,4,37,0.1567,0.4003,0.0266,0,1,0,1,0
C03086,26679.15,11697.02,28969.61,10910.82,78,141.63,50019.67,0,2,4,0.421,0.1561,0.2248,0,0,0,0,0
C03087,29941.58,10780.28,33264.38,11655.41,82,175.22,48731.63,0,0,55,0.2245,0.2238,0.2095,0,2,0,0,0
C03088,48230.83,33772.9,42406.86,33359.4,69,498.43,77339.25,0,1,42,0.5872,0.385,0.2339,0,2,0,0,0
C03089,69609.21,55177.48,66809.09,45248.67,61,584.01,213200.85,0,1,28,0.1759,0.3251,0.0349,0,0,0,0,0
C03090,78557.8,50810.89,70540.15,63831.88,77,973.89,32706.57,0,1,38,0.3091,0.1426,0.2014,0,0,0,0,0
C03091,33360.91,20535.73,37067.49,21441.4,63,280.17,87669.53,2,0,48,0.0784,0.2926,0.0232,0,1,0,0,0
C03092,68613.01,52051.87,73394.02,47756.1,65,732.68,198936.2,0,1,24,0.4924,0.2266,0.1976,1,2,0,0,0
C03093,31620.27,14694.87,33012.66,15655.38,66,303.77,46439.1,2,1,56,0.5936,0.4421,0.0846,0,0,0,0,0
C03094,102355.98,38885.86,105898.13,40452.8,75,665.46,254457.67,0,0,37,0.605,0.2304,0.0214,0,0,0,0,0
C03095,27016.98,15655.97,29414.47,17231.26,66,278.24,57728.79,1,0,44,0.1706,0.3352,0.0336,0,1,0,0,0
C03096,81816.42,38221.11,89273.35,38573.41,83,369.08,87883.5,0,0,60,0.4298,0.2655,0.2307,0,0,0,0,0
C03097,33489.89,18519.47,33172.77,20143.83,67,280.11,63272.4,0,1,38,0.5026,0.1508,0.0494,0,1,0,0,0
C03098,111343.88,61833.14,108418.69,71926.56,66,917.89,43521.03,1,0,48,0.2905,0.2241,0.0997,0,1,0,0,0
C03099,58718.62,28976.13,61238.85,25841.43,68,420.17,168631.73,3,0,6,0.3095,0.4201,0.1794,0,0,0,0,0
C03100,28487.21,16204.83,29262.96,15666.99,72,251.7,10954.27,0,1,6,0.2403,0.1602,0.0402,1,2,0,0,0
C03101,35575.43,18537.23,46151.36,21331.0,83,276.15,41312.77,3,1,32,0.4165,0.2081,0.153,0,0,0,0,0
C03102,63955.92,25638.44,64207.43,25223.96,65,413.25,99219.1,1,1,17,0.0583,0.268,0.1583,0,1,0,0,0
C03103,72265.91,53478.69,78391.15,55628.5,63,783.92,133575.07,1,1,20,0.5197,0.1644,0.105,0,1,0,0,0
C03104,43590.55,29012.7,48207.28,28825.66,60,466.74,85388.32,0,2,18,0.6164,0.2773,0.0584,0,1,0,0,0
C03105,45913.48,16923.2,55925.51,16940.75,61,358.11,100616.89,0,0,8,0.5546,0.1252,0.2332,1,2,0,0,0
C03106,63302.28,25454.09,60305.41,25221.13,74,424.48,204159.32,2,1,6,0.562,0.3281,0.1133,0,0,0,1,0
C03107,47749.65,18786.22,57813.26,16888.01,68,280.07,84800.15,1,1,16,0.6304,0.3959,0.1848,0,0,0,0,0
C03108,25143.15,9498.69,25955.58,10497.04,80,160.14,59159.18,0,0,41,0.221,0.4145,0.0234,1,0,0,0,0
C03109,31212.67,11753.93,42142.15,13839.97,60,259.46,15430.2,0,1,40,0.3233,0.1792,0.1324,0,0,0,0,0
C03110,50022.18,21044.36,54699.87,21650.88,62,378.33,148926.08,1,0,41,0.2626,0.3294,0.2342,1,1,0,0,0
C03111,77760.19,56884.78,70180.79,66210.22,64,1194.06,102262.72,1,0,4,0.3719,0.1043,0.1196,0,0,0,0,0
C03112,93116.8,67295.97,95569.58,66695.02,66,857.16,200215.44,0,1,13,0.5776,0.3253,0.2441,0,1,0,0,0
C03113,63908.39,44890.27,77351.67,44171.41,65,868.79,219632.16,0,1,13,0.3392,0.369,0.1144,0,0,1,0,0
C03114,51210.44,32089.38,54272.05,35275.33,72,470.59,138262.23,1,0,48,0.3576,0.2695,0.0661,0,2,0,0,0
C03115,63031.13,42582.07,65731.7,46895.0,62,549.46,96894.36,0,1,40,0.5958,0.3575,0.2397,0,0,1,0,0
C03116,33335.56,22745.4,37878.52,23574.9,67,285.89,56325.28,2,1,21,0.351,0.1762,0.1347,0,1,0,0,0
C03117,42001.64,31509.24,42362.86,35642.96,64,611.11,28594.65,0,1,28,0.0617,0.2029,0.0486,1,0,0,0,0
C03118,31056.36,21104.49,31823.83,18900.39,64,324.51,70915.8,1,1,27,0.5403,0.4004,0.0904,1,1,0,1,0
C03119,25654.74,17481.31,24029.23,17717.72,68,267.13,51936.62,0,0,30,0.3037,0.1242,0.1856,1,0,0,0,0
C03120,52287.62,37220.23,65749.51,43390.54,52,835.49,112748.42,1,2,42,0.4838,0.3449,0.1948,0,1,0,1,0
C03121,48917.9,29368.34,44186.89,34227.48,71,520.79,52978.49,0,0,13,0.5016,0.3678,0.1988,0,0,0,0,0
C03122,61320.0,27340.32,65633.01,31450.2,88,404.88,156016.04,0,0,51,0.2481,0.2319,0.226,0,0,0,0,0
C03123,57536.11,22326.55,63726.2,26177.63,64,335.86,68187.27,0,0,4,0.5983,0.2801,0.0627,0,0,0,0,0
C03124,50191.84,27031.8,52619.21,27174.93,55,406.81,84094.83,2,1,33,0.4656,0.3268,0.1386,0,1,0,0,0
C03125,57808.74,22618.16,52001.07,19120.86,66,209.09,40039.2,0,0,31,0.1551,0.1366,0.2478,0,0,0,0,0
C03126,44143.92,18813.55,41060.39,19169.99,56,363.67,112998.57,0,1,48,0.0971,0.3571,0.0876,0,1,0,0,0
C03127,54188.22,19547.21,60295.35,22016.4,61,333.47,42269.41,1,0,30,0.1597,0.2546,0.2438,0,0,0,0,0
C03128,32456.4,15744.36,31041.77,18041.98,66,344.96,69393.5,0,2,17,0.4059,0.3855,0.0335,0,2,0,0,0
C03129,53145.33,41798.75,42588.43,41248.99,81,458.91,155389.5,0,1,55,0.1437,0.2105,0.1142,0,2,0,0,0
C03130,60791.53,31643.15,66654.11,29549.58,63,487.3,130510.06,1,0,8,0.3156,0.1942,0.2306,0,0,0,0,0
C03131,33291.62,15260.94,31470.59,14433.47,69,189.85,73118.05,1,0,5,0.1712,0.3528,0.0211,1,1,0,0,0
C03132,46061.94,24484.33,51854.06,24111.18,56,393.41,142945.96,2,2,55,0.0631,0.3405,0.1212,0,0,0,0,0
C03133,33989.15,16505.21,34866.26,13572.95,73,170.63,118660.15,0,1,13,0.2916,0.3556,0.2239,0,0,1,0,0
C03134,35507.16,23194.86,36218.11,22887.36,67,364.2,29954.42,1,0,46,0.192,0.2114,0.1607,1,1,0,0,0
C03135,27124.69,17238.01,28650.95,18198.95,72,232.52,48064.06,0,2,15,0.3152,0.438,0.16,1,0,0,0,0
C03136,79540.09,28817.72,72650.39,29920.11,75,314.65,111059.77,1,0,27,0.3764,0.2078,0.0719,0,1,0,0,0
C03137,72691.24,42167.85,69125.41,42605.03,72,472.8,31279.88,2,1,10,0.2983,0.1992,0.1673,0,1,0,0,0
C03138,57311.87,20992.76,58389.85,20306.06,66,312.69,80846.95,1,1,28,0.2582,0.232,0.1259,0,0,1,0,0
C03139,109305.93,71575.0,99761.21,70233.91,68,991.95,274179.6,1,3,44,0.2728,0.1143,0.0376,0,0,0,0,0
C03140,41326.42,31867.37,46932.68,31337.89,73,525.34,124381.2,1,1,21,0.12,0.2485,0.0514,1,1,0,0,0
C03141,176083.02,133536.0,178392.26,151517.64,63,1744.15,513042.03,1,1,20,0.4066,0.1327,0.2356,0,0,0,1,0
C03142,40620.56,17977.46,35586.35,18874.33,61,265.76,10832.28,0,0,18,0.1792,0.1842,0.2343,0,0,0,0,0
C03143,50476.08,34535.24,49613.77,49386.12,72,764.95,75891.68,1,2,51,0.2936,0.1955,0.0321,0,1,0,1,0
C03144,37624.76,26596.18,39962.93,26865.32,65,459.01,125306.85,0,2,52,0.4578,0.1648,0.0643,1,1,0,0,0
C03145,53208.01,39318.88,53020.14,43350.83,61,530.12,107802.2,1,1,23,0.4369,0.3331,0.0293,0,0,0,0,0
C03146,65541.87,30596.22,71963.53,30987.73,75,350.41,225114.03,1,1,36,0.6327,0.34,0.0663,0,1,0,0,0
C03147,42751.32,23636.17,47833.79,23869.69,63,317.04,57109.55,1,2,31,0.4899,0.2378,0.1433,0,0,0,0,0
C03148,100101.68,45013.42,133956.47,55703.41,78,911.01,152100.83,0,0,49,0.1585,0.1403,0.0437,0,0,0,0,0
C03149,50112.96,18087.73,59538.07,21157.33,73,363.01,85370.25,0,0,43,0.0604,0.3841,0.243,0,0,0,0,0
C03150,50824.62,32860.95,43385.7,27584.7,67,530.76,153238.55,0,0,3,0.0732,0.3955,0.0813,0,1,0,0,0
C03151,29892.68,16266.36,30095.11,15083.74,68,174.76,34591.35,2,1,54,0.0538,0.4451,0.2252,0,1,0,0,0
C03152,54325.14,25079.34,55303.16,25923.29,77,376.14,89264.08,1,0,33,0.5101,0.4139,0.1714,0,0,0,0,0
C03153,42366.17,30978.01,47408.11,30604.61,68,456.19,118305.57,1,0,6,0.3616,0.3011,0.0848,0,1,0,0,0
C03154,34224.94,19612.82,32101.96,17043.55,71,276.25,44192.14,1,0,25,0.339,0.2244,0.1547,0,0,0,0,0
C03155,31729.57,25307.38,31293.28,26924.43,70,318.06,49042.85,0,0,44,0.4097,0.3852,0.0437,0,0,1,0,0
C03156,149748.32,105873.71,134873.9,87306.11,66,949.59,465105.8,0,0,12,0.1603,0.2996,0.2026,0,2,0,0,0
C03157,39968.74,29622.64,39078.56,31554.34,65,372.8,54461.0,0,1,4,0.1972,0.4282,0.1489,1,1,0,0,0
C03158,23359.86,16305.17,22944.15,18548.71,69,269.71,46854.16,0,1,16,0.6279,0.35,0.1947,0,1,0,1,0
C03159,32866.79,13070.01,33275.63,15092.31,69,281.67,13915.07,0,0,32,0.1307,0.1902,0.164,0,1,0,0,0
C03160,43967.77,16675.35,39905.96,17220.34,78,159.18,146735.96,0,0,28,0.1035,0.2223,0.0981,0,0,0,0,0
C03161,57550.49,43841.13,67209.94,53981.49,72,789.01,137216.9,0,2,34,0.5677,0.3855,0.2133,0,0,0,0,0
C03162,57761.41,23808.6,63922.57,25946.5,48,442.45,195076.35,1,0,22,0.612,0.4419,0.1567,1,1,0,0,0
C03163,61016.18,32097.67,53458.74,36960.43,71,387.0,175723.66,2,0,38,0.0684,0.2677,0.101,0,0,1,0,0
C03164,33665.56,21022.79,35453.77,20216.54,73,297.53,91547.57,0,0,44,0.5008,0.2522,0.1317,0,1,0,0,0
C03165,52450.02,23358.84,45220.8,28792.02,61,436.56,33877.11,1,2,35,0.3012,0.1622,0.2202,0,0,0,0,0
C03166,30339.05,13694.39,36742.74,14374.25,62,265.67,54785.49,1,3,33,0.1781,0.324,0.1337,0,1,0,0,0
C03167,34049.77,19061.35,42347.46,23621.07,65,334.76,8532.94,0,0,16,0.0816,0.1201,0.1412,1,0,0,0,0
C03168,29775.72,15257.16,31065.36,18506.61,72,195.36,61133.67,0,1,34,0.244,0.266,0.0411,0,0,0,0,0
C03169,26361.05,17252.23,24981.91,18648.22,82,259.17,88518.98,0,1,51,0.512,0.3028,0.0944,1,2,0,1,0
C03170,72642.98,27879.23,70484.59,30630.43,68,491.82,107146.3,1,3,29,0.5501,0.1762,0.2176,1,0,0,0,0
C03171,61346.48,34963.9,61073.54,35957.14,61,732.09,82715.47,0,0,27,0.4554,0.2651,0.2102,0,0,0,0,0
C03172,69836.86,29919.29,72433.44,28474.13,63,505.27,79854.3,1,0,44,0.1674,0.3522,0.0907,1,0,0,0,0
C03173,45803.17,28536.58,55625.95,32001.6,62,365.28,96126.85,0,0,38,0.281,0.317,0.2106,0,0,0,0,0
C03174,63830.17,25678.62,74341.23,28638.98,74,463.4,203315.33,0,0,20,0.134,0.1783,0.2145,0,0,0,0,0
C03175,20370.39,8941.26,23762.48,7651.57,61,129.43,43649.31,2,0,31,0.0741,0.1498,0.0267,0,2,1,0,0
C03176,66357.17,47229.72,71033.32,49122.05,65,534.2,178382.74,0,0,47,0.1523,0.3509,0.1873,1,1,0,0,0
C03177,48733.49,22213.95,44423.82,25638.49,63,480.79,68959.61,0,1,32,0.3305,0.2913,0.1791,0,1,0,0,0
C03178,59671.94,40677.13,57141.44,49865.62,61,950.17,84842.74,0,1,41,0.2893,0.178,0.1827,0,0,0,0,0
C03179,53392.64,25248.22,56451.32,28708.18,63,592.29,52445.4,3,1,28,0.2421,0.2132,0.0845,0,1,0,0,0
C03180,28860.9,13153.71,26144.16,11416.47,62,182.23,14990.89,3,0,55,0.2752,0.3591,0.0663,0,0,0,0,0
C03181,22932.26,11113.42,24915.39,10262.88,68,176.17,67822.73,3,0,5,0.2929,0.1791,0.1685,0,2,0,0,0
C03182,32662.84,24380.18,37451.7,24586.93,69,401.92,84884.47,0,0,54,0.6083,0.3129,0.1429,0,0,0,0,0
C03183,58025.08,30679.28,64723.58,37362.99,57,653.55,36763.11,3,0,28,0.3354,0.2281,0.1545,0,0,0,0,0
C03184,61387.34,28219.28,68178.18,27574.5,58,382.4,121235.84,1,2,50,0.269,0.1594,0.0501,1,1,0,0,0
C03185,24314.88,14381.95,20085.21,16928.02,65,251.7,55022.63,0,0,58,0.0622,0.111,0.1822,0,1,0,0,0
C03186,28938.35,15150.35,35015.48,14774.98,77,152.32,88385.64,0,1,52,0.626,0.3104,0.1852,0,1,0,0,0
C03187,32498.91,22930.87,28011.25,25543.02,73,308.89,21611.9,0,1,47,0.1398,0.2821,0.1059,0,2,0,0,0
C03188,38316.29,30488.29,39529.77,28573.53,63,554.94,21970.27,0,0,4,0.1411,0.3469,0.1751,0,0,1,0,0
C03189,24379.43,14309.71,27407.97,14692.39,56,223.56,25596.68,0,1,43,0.5739,0.1937,0.1219,0,0,0,0,0
C03190,23729.98,13129.49,25937.62,12003.07,68,211.09,23443.13,0,1,35,0.3029,0.3072,0.1896,0,0,0,0,0
C03191,31088.46,15679.96,27875.77,19179.29,69,199.97,21317.08,1,2,9,0.225,0.1091,0.2284,1,1,0,0,1
C03192,46780.98,36863.53,42954.34,35632.94,62,570.76,144794.12,1,1,25,0.2238,0.404,0.0542,1,0,0,0,0
C03193,26453.67,15011.86,28687.65,12975.39,71,209.15,92011.08,0,1,27,0.2114,0.3264,0.1213,0,1,0,0,0
C03194,42715.03,18371.68,47469.28,15704.88,63,303.95,100879.43,1,1,17,0.2279,0.3326,0.1096,0,0,0,0,0
C03195,72458.3,56962.89,66454.08,59227.05,74,572.34,195547.32,0,0,47,0.2283,0.2377,0.0392,0,0,0,0,0
C03196,25049.69,19598.8,27482.3,19501.43,76,302.22,48373.27,2,0,33,0.3516,0.3561,0.0336,0,2,0,0,0
C03197,41007.78,22393.38,35601.61,25256.3,67,465.46,92726.06,2,1,5,0.2204,0.1663,0.0935,0,0,0,0,0
C03198,71364.68,36159.32,80280.03,36947.09,76,385.08,214603.52,2,1,28,0.2205,0.2033,0.1773,0,2,0,0,0
C03199,37279.43,24462.64,35189.51,29108.49,63,337.94,116440.85,0,3,9,0.2163,0.1436,0.1895,0,0,0,0,0
C03200,34761.52,25133.13,36835.45,25227.38,71,292.27,44359.9,2,1,35,0.2636,0.3261,0.2399,0,0,0,0,0
C03201,75962.18,43628.08,78963.62,51183.49,70,615.75,215097.66,1,0,25,0.46,0.2047,0.0641,1,2,0,0,0
C03202,39207.64,19559.35,46628.81,18301.55,68,219.13,9918.14,1,1,32,0.6123,0.2133,0.1185,1,3,0,0,0
C03203,73971.9,35922.77,79819.79,31238.44,62,531.27,44512.34,0,0,45,0.6028,0.2895,0.1499,0,1,0,0,0
C03204,54581.6,27125.39,53386.69,25801.65,65,338.13,63730.77,1,1,25,0.3776,0.3852,0.0598,0,2,0,0,0
C03205,38566.44,15546.7,42158.94,14218.25,72,223.7,70480.99,1,0,15,0.2272,0.4249,0.0749,0,0,0,0,0
C03206,55841.83,39110.46,72990.27,35243.38,73,487.15,54009.07,1,1,22,0.3821,0.3878,0.1212,0,0,0,0,0
C03207,51980.3,20648.23,59195.93,22705.59,75,294.83,159756.49,1,0,24,0.3178,0.29,0.0858,0,2,0,0,0
C03208,71240.38,37703.37,74296.59,38392.66,69,679.27,141629.33,1,1,15,0.4692,0.4285,0.0423,0,0,0,0,0
C03209,35159.93,25516.42,33400.75,27226.35,72,399.87,55000.34,0,0,22,0.2954,0.2581,0.1621,1,0,0,0,0
C03210,45842.21,24381.07,44742.96,27143.59,72,323.71,129279.53,0,3,26,0.4252,0.2129,0.2114,0,0,0,0,0
C03211,43771.39,21125.95,49531.67,17908.81,79,170.84,110665.33,0,0,34,0.4574,0.1978,0.0904,0,1,0,0,0
C03212,61776.88,47982.98,58299.07,53663.76,84,653.71,166036.62,0,1,44,0.5319,0.1959,0.0604,1,1,1,0,1
C03213,28369.99,11545.02,29797.64,10452.57,75,160.05,35979.97,1,0,33,0.4486,0.443,0.2256,0,0,0,0,0
C03214,71115.28,53207.33,86939.44,52184.77,72,800.53,87830.68,1,0,35,0.547,0.3877,0.1352,0,0,0,0,0
C03215,55507.07,20978.04,59284.17,17263.77,70,291.74,66060.29,0,1,45,0.4766,0.1541,0.2348,0,1,0,0,0
C03216,24879.55,13337.63,22901.73,15052.18,65,270.28,69876.81,0,0,21,0.5495,0.3405,0.1597,1,0,0,0,0
C03217,77507.97,49161.33,101639.44,41655.0,71,593.56,113174.26,1,1,15,0.3008,0.1877,0.2232,0,1,0,0,0
C03218,122977.86,63520.19,155135.81,57548.46,77,641.9,74439.42,1,3,8,0.5179,0.1627,0.2198,0,2,0,1,0
C03219,70632.32,41713.53,78411.84,38154.96,65,701.34,131042.62,0,1,46,0.5953,0.3061,0.2294,1,1,0,0,0
C03220,85524.74,37784.89,102894.01,39090.31,61,617.64,76564.38,1,1,20,0.0953,0.1996,0.0268,0,0,0,0,0
C03221,46762.41,28341.08,47602.37,29216.47,74,309.3,98389.69,3,0,53,0.4061,0.3835,0.1869,0,1,0,0,0
C03222,21305.93,8747.18,24223.44,10036.76,72,172.27,41170.26,2,1,53,0.1045,0.1217,0.2337,0,0,0,0,0
C03223,19625.08,13899.33,19608.89,14419.88,74,160.44,21502.35,0,1,5,0.3732,0.274,0.2391,0,1,0,1,0
C03224,50473.55,30925.42,44787.71,36055.71,71,406.24,164296.51,0,1,13,0.1018,0.3668,0.2497,0,2,0,0,0
C03225,34476.3,19543.56,46923.3,21410.34,63,276.84,56994.28,0,1,25,0.4413,0.2818,0.1347,0,1,0,0,0
C03226,29817.73,11169.72,26275.84,10460.92,66,130.72,58327.03,1,0,12,0.2555,0.3921,0.0745,0,0,1,0,0
C03227,43747.15,25150.17,47496.59,24394.07,70,301.82,111854.68,0,1,13,0.1242,0.1397,0.2206,0,1,1,0,0
C03228,59363.28,35832.05,64367.91,44118.92,73,628.36,136790.56,1,0,28,0.503,0.1802,0.0965,0,1,0,0,0
C03229,23404.34,10989.52,26023.77,13157.66,77,141.44,7767.48,1,1,30,0.2622,0.1045,0.0262,1,0,0,0,0
C03230,36769.46,24080.89,38212.21,27666.28,69,488.71,67173.13,1,1,30,0.3026,0.4007,0.2117,1,0,0,0,0
C03231,88774.93,34137.9,92369.43,39759.0,65,585.9,282083.78,1,1,48,0.2859,0.2079,0.1656,0,0,0,0,0
C03232,27737.43,12312.92,29585.0,13615.82,68,196.96,86919.81,3,1,20,0.292,0.3817,0.2457,0,0,0,0,0
C03233,66556.75,45384.84,73717.21,49479.13,70,787.47,41666.87,0,1,32,0.2662,0.1482,0.141,0,3,0,0,0
C03234,36180.98,15060.33,37982.15,15903.2,57,204.73,42759.55,3,0,14,0.6131,0.2494,0.2087,0,2,0,0,0
C03235,57527.88,26491.41,59932.35,33216.57,62,476.44,63726.95,1,0,12,0.4329,0.2085,0.0723,0,0,0,0,0
C03236,73733.69,47402.28,65731.14,47129.29,67,782.04,237613.47,1,0,37,0.22,0.3143,0.0356,0,1,0,0,0
C03237,62817.85,42589.17,81138.17,45946.73,71,601.81,213286.42,0,3,10,0.5215,0.4008,0.1931,0,1,1,0,0
C03238,67747.28,25281.26,75489.7,21362.86,72,224.2,111646.73,3,0,55,0.0729,0.3121,0.2219,0,2,0,0,0
C03239,26801.17,10907.14,28813.1,9579.9,85,112.08,66872.6,0,0,48,0.2644,0.4458,0.228,1,1,1,0,1
C03240,74277.59,40908.62,72425.4,51864.74,81,531.74,55782.53,1,0,15,0.2658,0.176,0.1896,0,0,1,0,0
C03241,30659.75,18909.64,28500.27,21254.69,69,378.6,72892.62,1,0,4,0.2934,0.2985,0.2325,0,0,0,0,0
C03242,50574.94,28028.71,58322.94,28714.75,63,351.63,18116.34,1,2,50,0.3725,0.1825,0.1875,0,2,0,0,0
C03243,50545.47,32408.82,52103.1,34333.87,75,341.32,23163.97,0,1,59,0.1497,0.1396,0.0459,1,3,0,0,0
C03244,55978.5,38636.18,62949.37,34271.27,69,514.57,83921.12,0,1,48,0.5435,0.25,0.2001,0,0,0,0,0
C03245,52367.86,40705.26,46489.15,40649.31,67,497.71,158560.5,1,3,5,0.419,0.1623,0.0524,0,0,0,1,0
C03246,30782.55,15620.49,38035.61,13668.3,62,268.03,7460.52,0,0,30,0.6094,0.2655,0.0208,0,0,0,0,0
C03247,24513.46,10378.93,28390.63,10530.08,60,141.59,31638.66,0,0,16,0.4333,0.1775,0.033,0,1,0,0,0
C03248,66634.3,31240.68,69317.82,35353.15,71,490.12,152830.61,0,1,18,0.1997,0.2434,0.0227,0,2,0,0,0
C03249,48924.98,20385.77,54116.65,22513.96,75,345.53,59286.17,0,1,25,0.1376,0.2432,0.2112,0,0,0,0,0
C03250,75481.08,39809.52,85966.95,49391.44,78,462.58,16871.41,1,2,28,0.3157,0.1772,0.1907,0,0,0,0,0
C03251,44103.21,32753.48,39232.56,35549.58,60,770.12,86087.69,0,1,45,0.1504,0.2606,0.1181,0,0,0,0,0
C03252,23911.0,12103.2,29920.77,9108.65,75,140.91,14502.08,1,0,27,0.6275,0.439,0.1972,0,0,0,0,0
C03253,69506.54,28982.16,77012.64,37215.41,75,447.36,86215.66,1,1,51,0.5876,0.2821,0.044,0,0,0,0,0
C03254,38091.67,22290.67,36777.81,21156.45,72,288.76,120655.75,0,0,28,0.1194,0.1745,0.2442,0,0,0,0,0
C03255,52486.92,41799.26,48204.46,44702.32,78,454.7,113271.96,0,0,11,0.603,0.1514,0.1759,0,0,0,0,0
C03256,33626.21,14616.69,39290.6,15526.13,74,196.43,87944.51,1,0,36,0.4396,0.3832,0.2328,0,1,0,0,0
C03257,94311.04,66021.85,101416.35,71231.49,60,1055.12,68275.96,2,2,40,0.1619,0.1222,0.1829,0,2,0,0,0
C03258,30332.15,21854.67,33605.36,23073.44,52,392.46,80941.61,0,2,21,0.4144,0.138,0.132,0,0,0,0,0
C03259,38660.53,20513.36,40717.26,21700.7,70,360.36,29313.34,0,0,20,0.1839,0.1261,0.0841,0,1,0,0,0
C03260,47229.3,29697.69,43907.7,26472.63,72,434.17,146065.62,0,0,58,0.1075,0.2066,0.1208,0,0,0,0,0
C03261,27527.36,14990.52,30583.84,20393.67,71,264.16,68177.16,0,1,55,0.1932,0.3779,0.2386,0,0,0,0,0
C03262,52216.38,24439.73,53589.45,27572.22,70,303.15,126011.4,1,1,11,0.2661,0.3453,0.1599,0,1,0,0,0
C03263,92946.33,50353.99,97351.71,53185.18,49,788.01,86130.33,0,0,37,0.5447,0.4141,0.0855,0,1,0,0,0
C03264,36087.79,14178.19,48185.87,18020.82,65,352.37,58628.7,0,1,54,0.1665,0.3163,0.0953,0,0,0,0,0
C03265,53757.15,35916.78,62051.25,33092.61,88,286.51,17795.55,0,0,16,0.5987,0.1148,0.1113,0,3,0,0,0
C03266,13058.2,9442.87,15163.34,10899.02,72,165.31,17520.39,1,2,60,0.0795,0.1772,0.0935,1,1,0,0,0
C03267,44218.55,21593.24,60865.19,21234.36,64,250.26,12165.78,0,1,12,0.199,0.1234,0.0572,0,1,1,0,0
C03268,39087.14,23644.38,42845.32,25968.15,74,412.77,8574.84,2,0,48,0.6028,0.1932,0.1239,0,0,0,0,0
C03269,31135.19,14149.91,33139.2,15578.12,69,206.9,24808.16,0,1,58,0.4524,0.4238,0.0715,0,0,0,0,0
C03270,73208.77,29822.12,70902.33,22951.76,74,278.4,178186.01,0,0,5,0.5242,0.2589,0.1338,0,0,0,0,0
C03271,38855.62,25202.86,38688.3,22133.16,58,272.78,37696.52,1,0,53,0.5752,0.1401,0.1603,0,0,0,0,0
C03272,41545.85,17048.27,33417.3,21146.21,82,329.76,131731.53,0,2,46,0.1447,0.2873,0.188,1,0,0,0,0
C03273,37974.91,26654.23,43475.61,27180.39,69,390.17,76870.06,3,1,26,0.5947,0.2525,0.1122,0,1,0,1,0
C03274,18993.47,8970.42,17055.56,11573.54,69,132.47,31935.5,0,2,44,0.5582,0.4404,0.0773,0,1,0,0,0
C03275,27038.68,19422.73,31319.67,23447.41,88,206.85,43199.96,3,0,13,0.4623,0.3816,0.0356,0,1,0,1,0
C03276,69349.2,35772.19,72458.6,36615.24,66,615.15,116550.02,1,0,58,0.6455,0.3258,0.0804,1,2,0,0,0
C03277,17412.44,8984.45,18550.64,9101.06,71,105.69,15552.85,0,0,47,0.6271,0.4338,0.0682,0,1,0,0,0
C03278,31874.95,21922.25,33306.65,27354.8,84,324.8,50382.45,1,1,18,0.2526,0.192,0.1713,0,1,0,0,0
C03279,37591.89,21789.0,45724.11,28377.17,66,350.91,9236.68,0,0,16,0.5533,0.236,0.0797,1,0,0,0,0
C03280,98621.8,43436.97,117866.18,44114.93,67,612.39,154899.35,2,0,33,0.1423,0.2831,0.2232,0,0,0,0,0
C03281,63594.96,46595.0,66554.22,57525.24,68,980.91,92851.34,0,2,52,0.2864,0.4216,0.1348,0,0,0,0,0
C03282,35020.58,17617.76,32993.57,20676.25,76,194.97,11940.73,0,1,15,0.5011,0.109,0.0264,0,0,0,0,0
C03283,80938.83,32071.97,93959.19,38303.74,72,445.32,178690.14,1,0,58,0.4153,0.4417,0.0763,0,1,0,0,0
C03284,32247.17,17323.2,30088.26,18399.62,73,315.77,90088.99,1,0,40,0.3554,0.334,0.1295,0,2,0,0,0
C03285,70863.64,43105.13,61184.84,41782.23,80,572.08,58825.44,0,0,34,0.1224,0.3074,0.0571,0,2,0,0,0
C03286,24414.27,15245.45,27095.0,14078.79,69,250.98,42021.45,0,0,5,0.3163,0.1687,0.1285,0,0,0,0,0
C03287,72939.37,52955.7,87251.44,47315.28,68,497.2,234418.98,1,1,38,0.0661,0.2629,0.0914,0,1,0,0,0
C03288,37483.56,22251.48,37535.65,28466.47,49,712.67,118772.68,0,1,3,0.2949,0.1899,0.1186,0,0,0,0,0
C03289,28327.57,12766.38,31119.03,13421.46,66,237.68,29945.17,1,0,8,0.2313,0.2815,0.2426,0,2,0,0,0
C03290,40810.85,19089.27,40815.71,17421.38,60,225.18,37828.99,1,1,12,0.4928,0.3581,0.0755,0,1,1,0,0
C03291,50981.73,20157.07,57947.84,23589.64,87,261.8,47065.63,0,0,35,0.5902,0.4032,0.0968,0,1,0,0,0
C03292,36018.25,24534.4,42552.09,24351.26,74,306.89,77218.98,0,1,47,0.615,0.2426,0.0494,0,1,0,0,0
C03293,57739.5,22961.48,58805.15,22315.87,73,372.47,171526.14,0,1,32,0.3739,0.1179,0.1248,0,3,0,0,0
C03294,34615.97,21552.45,32078.19,27978.55,65,472.47,34739.19,0,0,9,0.4819,0.3196,0.0841,0,0,1,0,0
C03295,59491.3,36802.88,52064.19,32766.18,56,668.76,138064.86,0,0,38,0.2424,0.2135,0.1179,0,0,0,0,0
C03296,54908.18,38626.62,63752.94,41647.44,65,799.87,139626.51,1,0,21,0.3372,0.4009,0.1577,0,0,0,0,0
C03297,43783.07,16794.46,40000.74,16443.28,65,224.62,28151.16,1,0,44,0.4371,0.3027,0.1674,1,0,0,0,0
C03298,36893.69,16281.56,40385.41,15629.31,65,178.16,18248.23,1,2,17,0.0861,0.277,0.0996,0,0,0,0,0
C03299,48175.75,36580.0,55078.8,31983.26,70,439.21,23716.81,1,0,27,0.1192,0.138,0.2194,0,1,0,0,0
C03300,57643.45,35018.78,57058.01,37020.1,67,698.23,97229.54,0,1,47,0.2928,0.3206,0.0889,1,0,0,0,0
C03301,113803.37,63270.19,117223.69,59798.67,67,986.52,119179.88,0,1,23,0.3752,0.128,0.0971,0,0,0,0,0
C03302,68676.13,47143.03,80343.19,52845.7,69,552.85,94576.0,0,1,21,0.1228,0.3635,0.1328,1,1,0,0,0
C03303,69815.63,52790.3,66535.47,55132.04,66,1077.96,238678.67,0,2,15,0.2337,0.2936,0.2429,0,0,0,0,0
C03304,180637.63,84602.42,169950.13,85658.67,89,985.51,229217.47,1,2,29,0.4117,0.3482,0.196,0,0,0,0,0
C03305,56760.68,42892.0,58002.21,40566.17,72,528.29,72954.64,3,0,13,0.2897,0.1605,0.1832,0,1,0,0,0
C03306,55966.43,22325.71,67347.18,27274.98,79,344.12,147902.37,0,0,42,0.6426,0.4009,0.1126,0,0,0,0,0
C03307,61773.18,48798.18,76801.84,55546.07,75,757.11,204266.19,2,0,52,0.1425,0.3336,0.2106,0,0,1,0,0
C03308,28577.73,12122.2,29667.86,11737.18,80,183.71,66562.22,0,1,39,0.2822,0.2396,0.1542,0,1,1,0,0
C03309,36851.88,17313.25,35545.32,15355.04,61,231.13,100944.9,0,0,10,0.2604,0.1455,0.2468,0,1,1,0,0
C03310,35833.61,14099.35,42201.02,11609.99,65,195.96,34135.89,1,2,25,0.2489,0.2736,0.2436,0,0,0,0,0
C03311,60225.07,42859.44,51172.31,50851.97,74,528.26,49282.92,0,0,8,0.5502,0.1553,0.1782,0,1,0,0,0
C03312,41607.65,32990.89,44924.33,38239.76,68,536.72,145295.56,1,1,58,0.148,0.3117,0.1768,1,0,0,0,0
C03313,47887.91,23160.48,50029.95,27227.19,67,510.93,162160.94,0,0,44,0.3406,0.2223,0.0911,0,0,0,0,0
C03314,73406.84,36448.36,88474.28,37744.66,73,598.7,98032.15,1,3,9,0.2311,0.422,0.1755,0,0,0,0,0
C03315,66359.06,31556.45,80785.67,36186.46,73,623.41,189365.63,3,1,42,0.177,0.4357,0.0767,0,1,0,0,0
C03316,41841.47,17559.72,39201.13,20602.18,75,213.51,47320.68,0,0,46,0.1161,0.1414,0.1581,0,0,0,0,0
C03317,33286.93,23445.64,35621.05,24421.56,59,405.59,12582.32,0,0,50,0.34,0.1935,0.1402,0,0,0,0,0
C03318,75003.6,28300.65,73618.09,28499.39,64,451.9,186759.51,2,0,52,0.5029,0.1839,0.2213,0,2,0,0,0
C03319,63746.45,50072.73,64689.94,46710.15,60,588.95,126016.74,0,0,6,0.1153,0.4046,0.1478,1,0,0,0,0
C03320,21842.27,16759.4,24552.6,18454.41,67,278.88,8154.84,0,1,59,0.0865,0.2306,0.1016,0,0,0,0,0
C03321,39085.17,15762.96,39468.71,17608.89,65,251.34,62435.33,0,0,24,0.4491,0.2199,0.0708,0,0,0,0,0
C03322,48479.67,28519.9,52031.82,28554.57,75,268.56,103427.51,0,0,53,0.0507,0.4255,0.0841,0,1,0,0,0
C03323,63888.28,50905.1,74421.71,51686.54,70,565.2,95984.89,0,1,21,0.2319,0.1351,0.1956,1,1,0,0,0
C03324,67776.0,49725.81,83487.79,50915.48,77,656.65,23291.17,1,0,23,0.0633,0.3761,0.2191,0,2,0,0,0
C03325,51132.49,34351.33,55460.43,39330.52,79,380.87,168282.55,0,1,13,0.5667,0.3979,0.2108,0,1,0,0,0
C03326,58558.36,21087.3,62313.82,18663.97,79,221.98,191032.79,0,0,42,0.1347,0.2406,0.2441,1,0,0,0,0
C03327,46317.69,17636.38,42479.12,16179.08,88,237.63,144806.45,1,0,12,0.2724,0.1183,0.1314,0,2,0,0,0
C03328,33229.21,23503.27,41214.05,21616.21,63,330.7,83130.84,0,0,9,0.3548,0.3878,0.1421,0,1,0,0,0
C03329,40008.56,20780.46,44388.87,21449.09,77,289.45,127477.68,0,2,56,0.5609,0.1594,0.1133,0,3,0,0,0
C03330,45386.22,29537.09,48397.46,32131.43,76,401.83,137214.11,1,0,44,0.0961,0.2723,0.1808,0,0,0,0,0
C03331,44303.2,30242.77,46970.51,27875.81,68,313.3,88465.92,2,0,10,0.4507,0.2336,0.1975,0,1,0,0,0
C03332,19262.39,10401.36,21059.16,12056.02,68,210.15,36398.76,0,0,59,0.4969,0.4433,0.1905,0,0,0,0,0
C03333,37629.75,15598.35,42996.31,19116.06,80,272.5,84235.75,1,1,35,0.6405,0.3146,0.0314,0,0,0,0,0
C03334,46152.68,24184.58,53420.16,26594.71,68,378.05,52417.57,0,1,4,0.1596,0.4115,0.1515,0,0,0,0,0
C03335,39648.22,29417.86,49294.48,34852.36,71,399.79,23473.9,2,0,5,0.4755,0.3154,0.2107,0,2,0,0,0
C03336,40269.4,20093.97,43455.62,18891.94,53,405.84,131518.98,0,0,19,0.6164,0.3211,0.1611,0,0,0,0,0
C03337,56050.81,21197.98,70652.28,19990.48,76,236.1,102126.29,0,1,57,0.4549,0.2701,0.2481,0,1,0,0,0
C03338,27691.67,21644.06,32591.07,24062.89,68,351.23,13374.76,0,3,5,0.0981,0.2824,0.0289,1,0,0,1,0
C03339,21629.18,14195.33,22554.57,14839.68,65,194.81,71820.37,0,0,6,0.1861,0.2999,0.2023,0,0,0,0,0
C03340,38474.13,22829.99,32699.75,21524.43,70,293.05,110330.7,1,0,19,0.3773,0.3876,0.0478,0,0,0,0,0
C03341,63466.61,45892.6,67291.58,56035.13,80,873.43,148077.41,0,0,8,0.1534,0.3867,0.0272,1,2,0,0,0
C03342,96164.6,51450.21,118957.28,55867.46,60,818.67,333780.53,2,0,7,0.4948,0.3888,0.17,0,2,0,0,0
C03343,63983.18,50757.99,61229.88,57572.81,77,697.32,186152.03,2,1,8,0.2921,0.3263,0.0636,0,0,0,1,0
C03344,23241.6,17103.68,24633.67,16575.0,77,216.24,10748.79,1,0,23,0.6252,0.1652,0.0751,0,0,0,0,0
C03345,40532.22,19303.27,43362.43,24159.76,55,382.39,104445.17,0,1,50,0.4476,0.4389,0.206,0,1,0,0,0
C03346,50508.82,26111.62,58744.54,26928.62,66,522.76,30024.84,2,1,24,0.4367,0.21,0.2345,0,0,0,0,0
C03347,48743.82,23108.68,48912.6,27090.0,72,287.0,134340.91,1,0,40,0.5578,0.4168,0.0366,0,0,0,0,0
C03348,57360.13,37094.99,54243.98,36355.34,69,407.64,62545.69,2,0,33,0.3243,0.1494,0.1756,0,3,1,1,0
C03349,29784.57,18993.6,33311.07,20327.67,68,321.99,40237.23,1,0,58,0.336,0.3826,0.0954,0,1,0,0,0
C03350,46334.5,27111.6,44517.89,30282.04,77,419.01,136509.2,1,0,43,0.3391,0.4458,0.077,0,0,0,0,0
C03351,54369.74,42660.03,45112.71,55007.93,77,622.06,34463.09,0,0,12,0.5585,0.3135,0.0444,0,1,0,0,0
C03352,65249.24,36704.26,82921.65,36602.69,64,426.45,216253.51,1,0,54,0.2161,0.1279,0.1455,0,0,0,0,0
C03353,31314.75,22004.1,36364.06,23639.17,70,263.05,19371.21,1,0,15,0.601,0.2316,0.1986,0,0,0,0,0
C03354,38526.33,24893.51,49159.85,27906.19,78,298.14,10920.9,0,1,55,0.1977,0.3904,0.2478,0,0,0,0,0
C03355,13329.03,7773.27,15393.45,6842.18,68,100.0,3791.83,0,1,27,0.3834,0.1376,0.0413,0,4,1,0,0
C03356,34021.91,12552.14,38500.68,9904.63,62,165.51,97725.39,1,0,8,0.2531,0.4218,0.1677,0,0,0,0,0
C03357,35540.6,22954.71,38893.66,21359.34,78,293.49,63377.25,1,0,46,0.5239,0.2712,0.1503,0,0,0,0,0
C03358,28441.5,18178.89,29228.67,21197.71,73,324.45,53368.82,1,1,58,0.6421,0.3268,0.1293,0,0,0,0,0
C03359,48481.78,19692.97,53885.2,24733.76,84,214.71,143212.05,0,1,40,0.3638,0.2155,0.1111,0,0,0,0,0
C03360,43881.25,31075.02,43162.13,29186.96,75,400.08,83074.75,0,0,35,0.3571,0.118,0.1051,0,1,0,0,0
C03361,16281.28,9119.92,15006.34,8244.34,67,100.0,54670.43,0,0,14,0.3644,0.1496,0.223,1,3,0,0,1
C03362,49582.66,24586.34,50085.07,30343.71,64,517.22,10568.48,0,2,37,0.3014,0.4435,0.2335,0,2,0,0,0
C03363,29633.83,21359.52,35708.15,20978.23,52,359.54,21821.85,1,0,48,0.4829,0.4296,0.1834,0,1,0,0,0
C03364,55992.77,28249.3,50511.7,28401.42,67,451.31,156818.31,2,0,16,0.5098,0.4269,0.1739,0,1,0,0,0
C03365,25275.35,15919.24,22849.37,19502.6,63,305.29,81408.04,1,1,53,0.4261,0.3934,0.0637,1,1,0,0,0
C03366,45611.75,28646.99,51128.82,34530.06,67,612.9,115405.2,1,0,48,0.0884,0.4406,0.1204,0,1,0,0,0
C03367,39616.23,14807.07,39623.78,17207.12,78,167.36,46901.13,2,1,60,0.2143,0.2157,0.0776,0,1,1,0,0
C03368,51576.1,27865.28,57159.7,23535.67,74,324.57,153381.57,1,2,4,0.3841,0.4454,0.0272,0,1,0,0,0
C03369,47597.31,21430.71,55630.92,19265.89,72,237.36,44079.6,1,1,18,0.1098,0.4058,0.0912,0,0,0,0,0
C03370,40118.54,17644.41,44346.39,20899.11,79,187.18,66096.57,0,0,16,0.413,0.1143,0.078,0,0,0,0,0
C03371,22541.09,14532.98,21957.97,15814.02,73,221.58,62852.72,0,1,32,0.1262,0.3175,0.2232,0,0,0,0,0
C03372,23148.24,8220.74,27869.38,7864.55,57,161.33,35510.23,1,1,51,0.5927,0.3853,0.147,0,0,0,0,0
C03373,34602.07,27200.18,39413.65,27435.54,66,444.08,101103.15,0,1,17,0.6376,0.3521,0.0478,0,2,0,0,0
C03374,44832.64,23668.32,47218.61,28007.15,72,283.25,98236.2,0,0,47,0.2156,0.3064,0.0519,0,2,1,0,0
C03375,34224.81,16580.61,35847.41,20449.08,66,337.29,104157.93,0,0,16,0.3858,0.28,0.065,0,1,0,0,0
C03376,59621.0,45549.76,65277.79,47794.6,77,701.48,58141.81,0,2,53,0.4663,0.146,0.223,1,2,0,0,1
C03377,39686.58,22581.76,40185.12,21849.43,67,242.38,91170.38,2,2,34,0.2995,0.3396,0.2089,0,0,0,0,0
C03378,29148.6,18260.03,24900.35,18569.37,72,240.22,69541.07,0,1,31,0.2666,0.4437,0.0499,0,1,0,0,0
C03379,39706.67,26330.8,45266.35,31891.01,67,418.45,62257.54,4,0,4,0.5424,0.3677,0.1583,0,2,0,1,0
C03380,49814.17,36968.84,56433.93,44688.82,74,694.33,81106.89,2,1,19,0.4071,0.3816,0.1539,0,1,0,0,0
C03381,52084.15,21270.33,40306.47,22829.67,60,350.41,168080.67,0,0,11,0.1319,0.2864,0.1502,0,0,0,0,0
C03382,104787.35,40525.87,116448.21,39977.2,71,464.4,97574.03,0,0,45,0.6106,0.2887,0.1376,0,1,0,0,0
C03383,33303.19,26548.3,41987.93,31325.18,80,398.86,17174.97,1,0,30,0.4558,0.3207,0.0682,0,2,0,0,0
C03384,43536.39,15411.78,39822.01,19183.87,71,312.26,82835.66,2,0,51,0.6125,0.2154,0.0838,0,0,1,0,0
C03385,54511.86,36451.41,56758.02,31916.09,74,403.47,169252.29,1,2,29,0.1931,0.3839,0.0294,0,1,0,0,0
C03386,44528.18,27829.19,45782.18,28444.45,69,510.31,152405.79,4,0,58,0.2994,0.3512,0.0938,1,0,0,0,0
C03387,35923.24,21505.37,44877.08,25563.76,77,362.04,113627.45,0,0,42,0.3059,0.28,0.2338,0,0,0,0,0
C03388,22409.76,15768.02,26544.67,16695.82,74,173.66,61520.37,1,2,5,0.1138,0.2344,0.1818,1,0,0,0,0
C03389,35758.46,28485.65,33777.09,28239.81,73,497.4,19986.51,0,0,12,0.1649,0.188,0.1843,0,1,0,0,0
C03390,27757.23,10300.67,30284.64,11044.61,63,198.82,62441.9,0,2,40,0.5659,0.1906,0.1073,0,1,0,0,0
C03391,20690.81,12963.59,27442.64,14188.45,76,157.12,48583.69,0,1,51,0.1786,0.3559,0.1264,0,1,0,0,0
C03392,31456.54,21156.1,30671.23,19353.16,78,219.78,57666.82,1,1,39,0.1104,0.135,0.0448,0,1,0,0,0
C03393,28091.62,13699.51,29458.6,14533.75,82,174.26,83689.07,1,2,44,0.5471,0.3461,0.2019,0,0,0,0,0
C03394,58519.87,43994.52,65051.91,48133.52,63,544.75,201443.07,0,0,13,0.6015,0.1352,0.2192,0,0,0,0,0
C03395,58977.37,32770.59,57608.71,32478.88,80,502.19,201048.32,2,0,13,0.5802,0.2192,0.0398,0,2,0,0,0
C03396,29961.61,12704.18,37799.1,12151.06,61,149.05,8008.23,2,1,52,0.4404,0.3368,0.1471,0,0,0,0,0
C03397,40027.22,29399.33,39758.22,28971.67,76,306.0,12746.35,1,1,24,0.3384,0.3208,0.0535,0,0,0,0,0
C03398,19500.76,15099.76,17225.33,14095.48,67,214.93,7333.02,0,1,36,0.2354,0.1471,0.058,0,3,0,0,0
C03399,36024.87,14221.96,35556.62,16384.76,76,254.0,44351.37,0,1,59,0.2513,0.3167,0.0895,0,0,0,0,0
C03400,53850.1,37062.68,60762.43,34541.05,66,661.02,143258.79,0,1,28,0.1455,0.384,0.1582,0,0,0,0,0
C03401,65227.72,29140.9,62241.54,31259.01,64,375.72,136757.16,0,1,54,0.5983,0.4235,0.1807,0,1,0,0,0
C03402,32648.25,11525.65,35464.62,11584.39,83,100.0,58898.16,1,0,24,0.4636,0.3408,0.1109,0,0,0,0,0
C03403,72240.24,33756.14,80728.9,32583.38,63,578.99,189609.84,1,0,11,0.3584,0.436,0.0495,1,0,0,0,0
C03404,22750.82,16715.24,20587.85,20301.65,66,265.23,23822.52,1,1,31,0.1797,0.3194,0.101,0,0,0,0,0
C03405,25667.61,10614.4,25214.73,10978.54,57,150.1,89105.15,1,0,50,0.176,0.152,0.1232,0,0,0,0,0
C03406,61930.35,25317.19,67620.29,24549.37,68,253.64,62960.01,1,1,18,0.3688,0.3894,0.0606,0,2,0,0,0
C03407,95456.16,65155.65,108274.91,62431.21,77,1036.53,136329.42,3,0,12,0.3469,0.4095,0.2008,0,1,0,1,0
C03408,56188.21,29940.55,55364.82,32655.79,51,730.14,169249.81,0,0,28,0.5807,0.305,0.1068,0,1,0,0,0
C03409,44190.44,18419.4,47204.79,21167.4,65,295.04,123777.35,1,0,32,0.6276,0.2813,0.1621,1,0,0,0,0
C03410,16757.23,7599.41,17024.13,9138.21,63,153.57,11792.16,2,1,46,0.4038,0.3338,0.2284,0,1,0,0,0
C03411,18111.76,12815.35,20599.26,13198.29,68,239.54,7321.19,0,1,47,0.5277,0.3619,0.077,0,1,0,0,0
C03412,47698.35,30072.42,53056.29,30754.23,73,525.4,112497.64,0,1,4,0.3925,0.1605,0.2009,0,1,0,0,0
C03413,38303.23,26521.85,38501.72,28264.72,75,384.72,95574.93,0,1,52,0.1871,0.42,0.18,0,0,0,0,0
C03414,27358.76,10779.29,30297.45,11534.44,69,211.16,86058.84,2,1,10,0.2041,0.2977,0.2025,0,3,0,0,0
C03415,46346.8,25775.63,46369.42,24676.38,71,401.31,13855.36,0,0,13,0.4612,0.1535,0.2093,0,0,0,0,0
C03416,47392.86,33587.22,52363.59,41160.78,77,549.64,145344.84,4,1,9,0.0716,0.2511,0.1068,0,3,0,0,0
C03417,68830.68,32323.35,76164.96,34025.71,66,478.81,90413.76,0,0,13,0.4653,0.4333,0.2457,0,0,0,0,0
C03418,47852.99,20391.83,63861.03,22719.95,68,421.66,66721.75,1,0,44,0.4598,0.361,0.0921,1,0,0,0,0
C03419,78213.32,40811.93,78967.96,44931.26,69,531.9,182035.35,0,0,43,0.1202,0.1075,0.1508,0,2,0,0,0
C03420,45162.17,22582.03,46654.68,24805.73,55,462.98,137196.15,0,1,9,0.534,0.2271,0.0906,0,1,0,0,0
C03421,42724.04,18519.28,41541.96,17213.83,84,159.78,66811.32,0,1,51,0.0814,0.2513,0.1129,0,1,1,0,0
C03422,72646.34,56611.49,67274.95,59398.58,65,712.9,16137.24,2,1,25,0.157,0.1056,0.0489,0,0,0,0,0
C03423,28972.99,16439.11,28834.64,21760.27,66,242.64,67754.6,2,1,47,0.1489,0.2956,0.08,0,1,0,0,0
C03424,159678.73,99581.14,180406.96,123526.45,65,1683.86,323629.23,1,0,12,0.133,0.4199,0.1266,0,0,0,0,0
C03425,53278.26,21550.96,60657.05,23034.54,62,438.19,181457.35,2,1,59,0.3969,0.4317,0.0952,0,0,0,0,0
C03426,53412.01,33356.64,57977.75,33555.99,68,399.95,103748.61,0,1,4,0.5212,0.2186,0.0669,0,0,0,0,0
C03427,56994.55,34190.76,57821.44,26800.99,70,459.24,129959.27,3,0,4,0.3753,0.2593,0.1319,0,0,0,1,0
C03428,104728.77,80574.99,103764.75,79794.99,62,1668.24,322894.33,1,1,54,0.2717,0.361,0.0603,1,0,0,0,0
C03429,64282.72,34426.13,60424.49,35823.48,64,568.28,70147.4,2,0,6,0.5922,0.1044,0.0648,0,0,0,1,0
C03430,21854.07,15339.98,21486.34,15522.87,63,288.92,5396.81,0,0,57,0.273,0.1396,0.1811,0,2,0,0,0
C03431,84624.53,41202.11,75703.8,42037.61,72,642.71,226150.49,3,2,60,0.3981,0.3465,0.2262,0,0,0,1,0
C03432,38600.26,23566.35,46819.92,26504.88,81,319.28,94713.07,2,2,59,0.6025,0.2543,0.1647,0,2,0,1,0
C03433,47223.06,36226.54,59994.92,33689.14,60,489.01,146705.59,2,1,27,0.5449,0.1466,0.1955,0,0,0,0,0
C03434,25304.9,15974.53,20691.73,17295.92,58,328.88,24523.3,2,0,41,0.2425,0.2358,0.2167,0,1,0,0,0
C03435,57022.93,38206.58,61853.43,39611.4,72,461.24,92291.71,0,0,45,0.33,0.3782,0.1973,1,0,0,0,0
C03436,33567.02,24980.34,36343.79,23584.53,65,334.23,12092.67,0,0,32,0.3321,0.2663,0.2489,0,0,0,0,0
C03437,47074.85,36080.09,50608.15,45132.32,65,550.46,120141.37,1,0,11,0.4526,0.1137,0.1618,0,0,0,0,0
C03438,39599.56,17571.26,38762.85,20026.62,58,361.39,32855.14,1,0,40,0.0864,0.3664,0.0223,0,1,0,0,0
C03439,107009.57,46883.79,125490.3,44803.65,53,675.26,217040.84,1,1,24,0.5619,0.1702,0.0647,1,0,0,0,0
C03440,109802.1,65630.28,120700.75,72985.47,65,1326.37,204824.02,0,0,34,0.4409,0.3441,0.1784,1,0,0,0,0
C03441,45951.82,36668.74,53951.78,32388.2,93,343.17,71161.1,0,1,60,0.4409,0.1375,0.0548,0,0,0,0,0
C03442,46314.38,26425.53,44531.21,25642.87,73,396.3,16701.69,0,0,22,0.075,0.3515,0.1561,1,0,0,0,0
C03443,38039.05,18977.96,33627.2,22950.2,70,318.85,83685.69,3,0,47,0.1651,0.2246,0.085,0,0,0,0,0
C03444,74022.22,43803.95,81586.45,47841.88,62,898.72,139755.72,2,0,3,0.3058,0.1575,0.0982,0,0,0,0,0
C03445,38808.86,14707.71,36264.81,15921.74,66,296.98,38782.47,0,1,50,0.0921,0.3381,0.0561,0,0,0,0,0
C03446,37227.98,15998.47,43800.66,18693.19,66,277.84,88783.32,2,0,37,0.5012,0.3748,0.1313,1,1,0,0,0
C03447,69897.46,29148.23,55554.88,32743.76,74,407.8,238139.76,1,0,30,0.2831,0.144,0.1733,1,1,0,0,0
C03448,35319.24,12805.41,35099.39,13036.86,71,207.77,115542.63,1,0,26,0.5126,0.428,0.1516,1,0,0,0,0
C03449,44241.92,29863.1,43184.07,34711.93,77,576.73,138567.92,1,0,12,0.1952,0.3428,0.2095,0,1,0,0,0
C03450,22088.84,10966.31,22312.27,9292.03,70,106.95,59209.03,0,0,35,0.6369,0.2145,0.1878,0,1,0,0,0
C03451,61778.05,26307.65,66802.58,25515.87,52,563.25,175595.74,0,0,58,0.3367,0.1834,0.1315,1,1,0,0,0
C03452,107775.74,62564.86,118289.08,64965.22,70,651.61,275144.72,1,2,42,0.067,0.1656,0.1022,0,0,0,0,0
C03453,62253.45,30849.69,70145.22,34419.85,75,591.43,96590.53,2,2,3,0.3355,0.1559,0.2338,0,2,1,0,0
C03454,86875.16,45770.87,99089.66,46274.36,77,708.01,71347.6,1,1,5,0.4358,0.3609,0.1713,0,1,0,0,0
C03455,30750.82,15129.07,31655.41,12646.58,80,200.4,82977.66,0,1,54,0.1195,0.1619,0.2374,1,2,0,0,0
C03456,50049.29,17606.97,65216.46,14421.21,82,134.4,111806.52,0,3,4,0.0761,0.1018,0.1087,0,0,0,0,0
C03457,29436.65,19420.77,35808.24,20233.12,87,169.93,84337.55,1,0,15,0.3506,0.1792,0.1288,0,0,0,0,0
C03458,40616.24,16238.81,41126.44,16119.73,56,276.95,135939.15,2,1,27,0.3779,0.3111,0.1013,0,1,0,0,0
C03459,63698.29,28575.95,65836.97,26884.33,70,282.52,95459.1,1,0,60,0.2982,0.3429,0.2169,0,2,0,0,0
C03460,47109.83,20523.05,47582.55,18896.14,71,194.97,149939.89,0,1,26,0.3487,0.2898,0.0966,0,1,0,0,0
C03461,23830.68,11894.26,26061.14,12679.91,74,129.37,10189.22,1,2,8,0.5848,0.2921,0.1138,0,2,0,1,0
C03462,24900.79,10510.35,23241.58,12678.33,74,126.25,25977.02,2,0,59,0.1201,0.137,0.1092,0,0,0,0,0
C03463,24170.64,12233.45,23089.14,13041.63,64,154.57,42108.68,1,2,4,0.6034,0.3851,0.2349,0,1,0,0,0
C03464,56138.18,25793.75,44344.45,31155.56,69,415.39,185249.5,0,0,19,0.1676,0.2675,0.1316,0,1,0,0,0
C03465,113910.73,43006.63,114156.86,43226.87,74,584.68,388408.11,2,0,6,0.4077,0.2844,0.1529,1,1,0,0,0
C03466,83077.07,61622.69,97845.77,67982.96,77,672.97,156691.76,3,0,36,0.3415,0.1236,0.1649,0,0,0,0,0
C03467,19172.35,9346.74,19781.03,11330.54,76,161.67,40714.14,1,0,20,0.497,0.268,0.1612,0,0,0,0,0
C03468,85297.63,33511.47,88578.22,34552.17,65,566.04,143575.78,2,0,12,0.2556,0.4027,0.215,0,0,0,0,0
C03469,68582.86,40099.5,74301.24,42229.45,83,446.34,215781.62,2,0,51,0.6277,0.3514,0.0964,0,0,0,0,0
C03470,22449.71,9102.77,20872.2,9148.85,64,126.1,67728.21,1,0,40,0.1202,0.1987,0.0549,0,0,1,0,0
C03471,39260.61,27399.66,41342.77,30717.78,76,521.74,40658.05,0,1,33,0.4131,0.1689,0.1368,1,0,0,0,0
C03472,73673.82,27827.35,85228.79,32231.65,59,480.83,31088.67,1,0,41,0.3715,0.4396,0.2409,0,1,0,0,0
C03473,57648.12,32230.26,62651.26,35200.4,78,561.16,25456.79,1,2,19,0.0583,0.4134,0.0704,0,1,0,0,0
C03474,24967.37,19342.77,29146.4,19777.34,76,214.04,79202.28,1,1,36,0.1471,0.1932,0.1561,0,0,0,0,0
C03475,59234.04,24969.29,71181.3,21724.11,70,250.67,154102.75,1,2,16,0.6162,0.4097,0.2092,0,0,0,0,0
C03476,17197.9,7577.67,19425.21,7912.51,61,157.75,13200.22,1,1,19,0.3352,0.4492,0.1332,0,1,0,0,0
C03477,40706.69,25246.67,39257.37,25927.46,58,475.73,102518.28,0,2,6,0.2319,0.4049,0.2009,0,0,0,1,0
C03478,75094.18,59394.56,75747.78,64046.32,59,1258.57,116455.89,2,0,60,0.3141,0.3566,0.1614,0,1,0,0,0
C03479,45374.03,23759.03,58159.46,25279.96,74,357.1,96550.38,0,1,56,0.1071,0.1738,0.0928,0,0,0,0,0
C03480,35950.41,23076.22,39103.27,28584.26,67,547.7,78194.74,0,0,42,0.6107,0.1907,0.2348,0,1,0,0,0
C03481,67145.93,28103.44,71961.29,27160.03,78,249.8,164512.94,0,0,33,0.2644,0.2834,0.0823,0,1,0,0,0
C03482,69776.75,44561.43,66064.96,38365.99,64,473.65,79103.51,2,0,42,0.4867,0.2889,0.1239,0,0,0,0,0
C03483,81140.35,37624.61,84306.82,34347.35,70,376.17,263925.03,0,1,49,0.0883,0.2335,0.222,0,1,0,0,0
C03484,66694.11,41749.14,75762.16,40662.21,74,605.97,206584.06,0,0,13,0.5305,0.1939,0.1245,0,0,0,0,0
C03485,73206.28,28542.95,76997.01,33676.14,70,427.37,17595.52,0,0,13,0.2811,0.1348,0.1952,1,0,0,0,0
C03486,62581.6,36687.59,61810.26,32810.85,70,549.34,154286.19,0,1,40,0.3799,0.1302,0.1218,0,0,1,0,0
C03487,50711.38,23166.59,51498.1,21089.56,61,267.75,100543.01,0,0,57,0.5604,0.331,0.1368,0,1,0,0,0
C03488,46849.56,30769.33,55892.41,33836.07,63,450.11,87797.32,0,0,42,0.379,0.3017,0.2095,0,1,0,0,0
C03489,40443.08,27762.21,45706.09,31979.76,73,323.94,23108.9,0,1,16,0.4963,0.4347,0.1813,1,0,1,0,1
C03490,26078.12,19080.43,29053.24,16487.23,57,374.85,51531.85,0,1,29,0.0679,0.2164,0.2165,0,0,0,0,0
C03491,29276.12,23320.71,32288.81,19527.68,68,324.65,77058.25,0,1,12,0.374,0.3441,0.1127,0,0,0,0,0
C03492,39636.72,22066.14,35991.59,21086.75,65,248.3,9833.48,2,0,4,0.3322,0.1011,0.0843,0,0,0,0,0
C03493,50164.92,32695.86,54312.65,36909.82,56,717.21,80199.55,0,0,36,0.2598,0.3811,0.2272,0,1,1,0,0
C03494,86058.57,30833.98,101390.85,32905.63,70,453.06,193585.11,0,0,31,0.1182,0.1888,0.0742,0,1,1,0,0
C03495,44161.52,33443.04,44986.87,32105.42,74,542.2,30482.04,1,3,8,0.065,0.4318,0.037,0,1,0,1,0
C03496,70684.54,44325.17,82509.45,50474.47,68,579.31,244694.75,0,0,35,0.329,0.1009,0.1445,0,0,1,0,0
C03497,73138.47,39465.9,81580.64,42027.9,73,412.64,180703.16,1,0,44,0.2527,0.1143,0.1607,0,0,0,0,0
C03498,40549.01,22117.08,46603.82,22937.37,69,263.41,99677.7,1,0,54,0.0631,0.4225,0.0334,0,0,1,0,0
C03499,58807.72,40641.9,62107.56,34800.77,85,516.9,99406.22,1,0,57,0.5265,0.4314,0.0585,0,2,0,0,0
C03500,40329.16,29241.12,46636.25,27999.48,70,502.98,19340.35,2,1,29,0.6102,0.1499,0.0264,1,1,0,1,0
C03501,81583.22,58214.25,71323.17,74795.49,68,815.23,259290.36,0,1,37,0.0952,0.1086,0.2261,0,0,0,1,0
C03502,59906.92,34731.82,63140.54,35066.8,62,573.49,23126.28,1,0,17,0.5352,0.4352,0.0877,0,1,0,0,0
C03503,26336.21,13616.24,29906.39,12733.7,69,204.97,72908.36,1,0,45,0.1437,0.2831,0.2395,0,2,0,0,0
C03504,48392.68,37528.17,52532.96,37683.16,84,315.18,36635.67,0,0,31,0.1962,0.334,0.2323,0,1,0,0,0
C03505,94472.89,60027.11,111617.35,63886.26,55,824.53,242914.7,1,1,26,0.1166,0.3231,0.2339,0,3,1,0,1
C03506,41475.73,24663.3,42767.63,28510.8,71,297.09,75211.13,3,0,49,0.3951,0.1444,0.2057,0,1,0,1,0
C03507,55044.08,34085.69,54180.18,38330.39,65,661.98,93436.2,1,0,31,0.2822,0.228,0.0304,0,0,0,0,0
C03508,57530.08,36441.85,49091.05,35305.17,84,531.27,201152.39,3,0,26,0.571,0.1541,0.2043,0,2,0,1,0
C03509,28224.27,18935.18,28710.97,22771.24,66,255.63,98544.43,0,0,13,0.4088,0.3687,0.0531,0,1,0,0,0
C03510,56626.73,33915.62,62970.33,38927.08,61,501.8,21519.5,0,0,37,0.1832,0.1806,0.2298,0,1,0,0,0
C03511,24033.21,17878.54,27429.61,17817.47,63,277.27,75908.26,1,2,26,0.5139,0.3617,0.1149,0,1,0,1,0
C03512,33958.24,25022.86,29954.49,25889.05,55,454.5,7423.56,0,0,17,0.5637,0.3313,0.0987,0,1,0,0,0
C03513,73020.32,40089.33,86970.06,44983.44,71,524.19,159398.29,0,0,35,0.2012,0.1805,0.2434,0,0,0,0,0
C03514,52836.53,22499.97,49300.16,26526.67,58,375.13,153594.94,0,1,6,0.2673,0.4259,0.1228,0,0,0,0,0
C03515,39238.07,23915.41,40629.54,20752.83,68,239.19,49496.25,0,1,22,0.4867,0.1865,0.1872,0,1,0,0,0
C03516,55013.02,34621.5,54008.6,36645.26,64,486.89,138423.96,0,0,27,0.4717,0.2893,0.0412,0,2,0,0,0
C03517,43799.44,25645.48,48182.45,26831.97,73,442.86,96230.73,0,1,40,0.5667,0.2054,0.1987,0,0,0,0,0
C03518,45255.44,33975.97,48029.1,33348.23,71,457.72,77642.59,2,2,58,0.4437,0.4129,0.249,0,0,0,1,0
C03519,60475.05,23697.7,68418.82,23245.16,63,461.46,181940.78,1,2,29,0.1867,0.1371,0.1089,0,1,0,0,0
C03520,32438.53,15549.03,41237.7,18293.83,69,319.49,79642.04,0,0,47,0.2849,0.1651,0.0803,0,0,1,0,0
C03521,45824.27,33891.88,50303.24,37761.02,57,673.96,129446.39,2,0,35,0.2906,0.4158,0.1095,0,2,0,0,0
C03522,39100.76,30214.56,38349.96,39363.41,67,701.83,17649.82,1,0,23,0.2879,0.3969,0.0454,0,1,0,0,0
C03523,22046.22,11941.69,24368.31,11722.26,73,128.24,19491.07,0,0,4,0.1901,0.3624,0.1493,0,0,0,0,0
C03524,29738.94,12986.69,38167.46,13849.74,72,208.61,64822.25,0,0,28,0.3533,0.4449,0.0825,0,3,0,0,0
C03525,91136.23,49135.94,102871.0,53418.83,70,964.78,266229.58,1,0,53,0.3412,0.138,0.04,0,0,0,0,0
C03526,53505.69,29710.37,62252.97,34390.64,71,519.12,146861.92,0,1,36,0.4048,0.1496,0.2468,0,0,0,0,0
C03527,24805.06,14481.35,21301.86,17566.02,97,180.08,43286.35,0,2,11,0.6264,0.1178,0.1007,0,0,0,0,0
C03528,22499.72,10652.69,24669.27,11304.99,65,190.16,65433.66,0,1,44,0.0757,0.2615,0.03,1,0,0,0,0
C03529,42785.05,20993.87,43548.24,19285.53,71,212.42,133714.48,1,1,48,0.5376,0.3256,0.0396,0,2,0,0,0
C03530,90848.79,58598.78,87976.6,56529.93,73,678.89,195893.77,1,0,12,0.2851,0.2889,0.2021,0,0,0,0,0
C03531,41372.7,26056.83,43330.54,27805.96,52,455.23,28701.13,0,0,45,0.1068,0.104,0.0245,0,1,0,0,0
C03532,81029.42,52502.7,86137.2,62201.6,78,614.82,178201.03,1,1,4,0.5444,0.4033,0.2359,0,1,0,0,0
C03533,52721.92,27403.71,51407.72,24017.47,67,403.22,65132.55,1,0,30,0.3763,0.2907,0.1741,1,1,0,0,0
C03534,55630.14,27893.26,59669.76,25371.7,74,370.46,76816.76,0,1,54,0.2195,0.148,0.2483,0,0,0,0,0
C03535,24670.01,12537.11,25389.92,14303.07,80,218.77,77684.16,1,0,6,0.217,0.1758,0.2277,1,0,0,0,0
C03536,68617.51,53386.44,77832.34,47768.31,72,742.28,236838.39,0,1,23,0.2456,0.257,0.1815,0,0,0,0,0
C03537,38704.0,20430.31,41696.17,18693.68,65,341.4,98392.65,0,2,35,0.6214,0.2705,0.094,0,0,0,0,0
C03538,66357.32,41324.66,72668.62,49026.93,74,519.1,81919.13,0,1,43,0.1517,0.3315,0.1276,0,0,0,0,0
C03539,31195.88,18258.31,36422.02,18686.31,75,184.2,35053.89,1,0,12,0.0544,0.2445,0.1621,0,1,0,0,0
C03540,48731.94,36271.18,54413.83,36788.49,74,458.53,16526.29,0,1,10,0.6054,0.4021,0.0592,0,3,0,0,0
C03541,52723.63,27210.8,55321.32,33039.23,72,357.27,20938.3,0,0,51,0.5988,0.359,0.1598,0,0,0,0,0
C03542,41986.47,22897.95,33571.08,21122.05,70,350.2,18745.61,0,1,52,0.3926,0.3337,0.1695,1,1,0,0,0
C03543,53985.09,39369.03,60012.38,35366.06,81,419.16,131298.27,2,0,34,0.4993,0.4099,0.0461,0,0,0,0,0
C03544,39916.26,16861.86,37544.01,21001.54,52,510.14,33070.04,1,0,59,0.3107,0.4162,0.1778,1,0,0,0,0
C03545,33602.0,20746.97,34934.37,22365.2,78,215.87,15790.13,1,0,27,0.0755,0.3735,0.155,0,1,1,0,0
C03546,92677.9,49115.46,101438.33,55577.31,65,1083.92,321472.02,0,0,44,0.1888,0.1868,0.1136,0,1,0,0,0
C03547,72145.96,57255.48,87293.98,57980.9,70,941.28,184425.04,0,2,43,0.5733,0.1719,0.2266,1,2,0,0,0
C03548,31953.23,21556.38,40615.07,22358.45,68,388.71,69913.12,2,0,12,0.4284,0.1531,0.2375,0,1,0,0,0
C03549,58117.24,20617.11,54598.47,19906.81,74,267.81,116591.74,0,0,60,0.3419,0.1862,0.2114,0,0,1,0,0
C03550,32215.8,23445.48,28739.6,25512.77,66,355.04,108222.02,1,0,6,0.6425,0.4383,0.2344,0,1,0,0,0
C03551,26405.03,17597.12,28757.35,20232.55,73,314.49,58895.75,0,1,33,0.3359,0.3347,0.1957,1,0,0,0,0
C03552,71655.99,43167.89,77323.36,46341.5,78,764.9,22877.55,0,0,55,0.2096,0.2071,0.2457,0,0,0,0,0
C03553,20901.43,9536.44,18931.99,11227.34,73,110.07,44834.23,0,0,55,0.1492,0.2976,0.1415,0,1,1,0,0
C03554,68288.93,28489.63,71567.32,32178.68,71,479.64,110709.78,1,0,32,0.2405,0.2571,0.0727,0,1,0,0,0
C03555,40162.65,25414.11,45050.64,23487.39,60,332.13,140455.17,0,2,4,0.4143,0.2985,0.084,0,0,0,0,0
C03556,40913.76,22419.64,36919.84,23151.21,79,275.48,73708.87,2,0,41,0.528,0.2461,0.0296,0,0,0,0,0
C03557,54111.71,39919.78,50359.05,39767.79,67,620.06,150645.07,1,0,33,0.6091,0.334,0.096,0,0,0,0,0
C03558,58451.77,27359.41,56856.08,31201.0,55,470.93,169550.18,0,0,30,0.3691,0.4079,0.2485,0,1,0,0,0
C03559,31025.46,19759.62,31786.47,21842.09,53,291.07,11513.85,1,0,13,0.2087,0.412,0.2119,0,0,0,0,0
C03560,62155.48,28714.55,70439.35,30589.21,68,333.47,210067.21,0,1,34,0.577,0.3969,0.0742,1,0,0,0,0
C03561,47355.32,30134.21,47867.82,35306.17,68,371.46,90666.06,0,2,51,0.5751,0.2064,0.0424,0,0,0,1,0
C03562,25570.46,9505.95,27018.72,7853.04,58,100.0,75112.92,3,1,44,0.4531,0.4484,0.1982,0,0,0,0,0
C03563,41688.24,21939.2,55009.35,21448.3,65,263.69,96514.27,0,2,23,0.621,0.3726,0.1931,0,0,0,0,0
C03564,83783.66,35834.99,78358.07,35398.0,72,475.15,141437.61,1,0,55,0.2725,0.3863,0.2315,1,0,0,0,0
C03565,95691.56,59584.29,92977.83,64363.44,57,1096.91,105629.57,2,0,32,0.4267,0.2799,0.1744,0,1,0,0,0
C03566,62144.93,30608.1,70308.95,34168.96,70,345.2,50980.41,1,0,50,0.3139,0.3088,0.0375,1,2,0,0,1
C03567,26337.87,18362.49,30777.52,19277.74,59,233.93,67162.13,0,1,51,0.496,0.3924,0.2475,0,3,0,0,0
C03568,56116.82,22534.69,61715.94,20105.56,74,231.43,25588.88,0,1,18,0.1492,0.1511,0.2471,0,1,0,0,0
C03569,65993.08,39615.37,83618.26,43529.87,76,417.97,66201.6,2,1,57,0.5746,0.256,0.0756,0,0,0,0,0
C03570,62379.15,38497.61,67874.42,41014.1,80,422.03,120635.24,0,1,7,0.5832,0.338,0.0343,1,0,0,0,0
C03571,64064.6,23059.85,52076.03,20148.64,59,246.25,59275.82,2,1,12,0.4331,0.2379,0.2102,1,0,0,0,1
C03572,52991.47,19405.13,56257.83,19687.51,51,290.27,106742.02,1,0,39,0.167,0.4014,0.1427,0,0,0,0,0
C03573,43557.28,21286.8,42750.69,23306.55,76,336.22,60623.22,0,0,14,0.4657,0.3331,0.0611,0,0,0,0,0
C03574,34222.97,21358.01,41617.1,26663.02,66,315.43,37251.75,0,2,5,0.4052,0.3902,0.1603,1,0,0,0,0
C03575,19155.53,15002.3,22330.65,13791.78,70,190.65,49082.51,0,2,40,0.0567,0.3875,0.0634,0,1,0,0,0
C03576,52431.17,20492.86,45050.81,23460.52,63,441.13,52453.8,1,0,34,0.218,0.3069,0.1216,1,1,0,0,0
C03577,48929.78,32607.94,59304.76,30026.15,61,361.7,41621.75,0,0,56,0.0905,0.3745,0.2379,0,0,0,0,0
C03578,57833.7,38269.85,67244.64,34348.22,84,352.55,43948.56,0,1,10,0.3544,0.4053,0.0958,1,1,0,0,0
C03579,24649.78,16053.5,24922.51,14522.14,57,273.97,21419.54,0,0,19,0.1335,0.4472,0.0528,0,2,0,0,0
C03580,60154.73,35026.07,62596.22,39320.32,71,445.31,14529.37,0,0,16,0.2471,0.3658,0.1004,0,0,0,0,0
C03581,113432.48,89052.63,138054.28,94893.34,73,1315.49,290476.71,1,1,26,0.1586,0.3032,0.2294,0,0,0,0,0
C03582,46616.99,26842.01,37919.12,27170.48,53,572.02,96308.48,0,0,31,0.626,0.3409,0.2184,0,0,0,0,0
C03583,43768.44,31829.89,48296.19,35170.11,57,783.21,15649.11,1,0,13,0.1647,0.2998,0.0358,0,0,1,0,0
C03584,51713.22,24208.73,61084.13,25537.76,87,377.04,92699.74,0,0,48,0.2621,0.1771,0.0464,0,0,0,0,0
C03585,112304.52,80055.03,116724.21,85119.49,75,905.54,331912.93,0,0,55,0.1078,0.1338,0.0376,0,0,0,0,0
C03586,28389.55,22667.51,32016.29,22975.26,63,446.98,50585.47,1,1,48,0.6421,0.4479,0.2425,0,0,0,1,0
C03587,49308.95,37452.06,52384.77,34706.61,75,338.46,172559.13,1,0,52,0.3718,0.4394,0.1178,0,0,0,0,0
C03588,31400.27,15286.67,30016.0,19153.53,67,277.33,16887.54,1,1,51,0.213,0.2069,0.0306,0,1,0,0,0
C03589,35181.15,25709.36,33524.69,31315.33,78,394.2,78306.63,1,2,37,0.4919,0.3399,0.1308,0,0,0,0,0
C03590,44006.92,17288.81,49966.84,21452.28,73,220.57,85241.74,0,2,3,0.0703,0.2537,0.1765,0,1,0,0,0
C03591,82513.17,54043.52,80344.33,53248.12,85,557.28,175990.65,0,2,10,0.4484,0.142,0.0311,0,1,0,0,0
C03592,101200.96,51001.82,87746.32,49378.37,62,929.04,193287.35,1,0,28,0.3023,0.4059,0.1775,0,2,0,0,0
C03593,55054.66,35587.42,58616.02,35596.9,90,327.68,113186.52,0,0,38,0.0841,0.2201,0.1575,0,0,0,0,0
C03594,37985.13,20341.5,37545.65,23980.44,77,334.43,121634.08,0,2,29,0.2951,0.3721,0.2242,0,0,0,0,0
C03595,138157.59,48916.76,125185.56,51361.47,68,965.23,193753.57,1,2,35,0.0902,0.436,0.1696,0,1,0,0,0
C03596,37123.97,16857.05,39299.8,16601.11,68,178.62,88278.87,0,0,15,0.6227,0.3568,0.193,0,0,0,0,0
C03597,34801.18,12844.2,39745.5,14047.24,77,129.33,32455.91,1,0,25,0.515,0.1955,0.1327,0,0,0,0,0
C03598,20245.61,10978.62,21306.85,10557.33,85,106.73,27783.7,1,1,53,0.3606,0.1837,0.0466,0,0,0,0,0
C03599,84344.0,61405.14,77769.48,54488.04,77,536.45,166498.54,1,1,13,0.2611,0.3514,0.189,0,0,0,0,0
C03600,69572.75,47455.47,77073.84,50564.2,77,492.74,176632.84,2,0,11,0.2175,0.2227,0.0913,0,1,0,0,0
C03601,133576.58,94172.89,156848.13,93049.52,66,1335.19,429362.45,3,0,59,0.3585,0.3823,0.2395,0,2,0,0,0
C03602,24079.89,17174.74,31678.64,18005.24,79,248.72,60738.66,3,1,43,0.6272,0.4256,0.2299,0,0,0,1,0
C03603,86733.43,44873.52,106076.83,32659.71,71,526.91,214649.72,1,0,35,0.3727,0.355,0.1835,0,0,0,0,0
C03604,46442.89,26830.6,43162.03,25299.93,83,233.27,74833.11,0,2,57,0.5583,0.398,0.0657,0,0,1,0,0
C03605,64677.13,37435.32,74570.78,39104.67,66,617.76,63484.4,1,1,31,0.0549,0.4461,0.2156,0,0,0,0,0
C03606,21437.95,8595.41,23169.77,7461.1,71,118.76,54519.52,0,0,44,0.2685,0.402,0.0621,1,0,0,0,0
C03607,87121.12,53942.26,79432.51,47043.76,77,653.51,124873.8,2,0,14,0.2167,0.3081,0.1001,1,0,0,0,0
C03608,64109.66,43215.1,69498.42,45576.9,76,586.91,197881.04,1,1,57,0.0567,0.1506,0.102,0,0,1,0,0
C03609,44218.93,27633.98,56610.9,31342.18,66,458.08,134586.43,1,0,48,0.2063,0.2149,0.0398,0,1,0,0,0
C03610,60157.32,41248.95,71797.99,38897.52,75,605.54,27605.06,1,0,54,0.2028,0.2053,0.197,0,0,0,0,0
C03611,31886.72,12866.33,29603.18,13104.93,67,164.01,10420.88,2,1,58,0.1929,0.2083,0.0461,0,0,0,0,0
C03612,34671.38,24014.57,36462.02,24526.5,77,258.47,59647.9,3,0,3,0.0541,0.3531,0.101,0,0,0,0,0
C03613,36529.22,16206.66,40510.94,13978.61,67,153.53,34347.15,1,0,54,0.1238,0.1686,0.0796,1,0,0,0,0
C03614,19549.21,14555.8,16468.48,17351.48,63,259.28,19357.6,2,1,11,0.1214,0.446,0.1203,0,0,0,0,0
C03615,66317.5,30520.58,56140.91,31376.53,77,447.71,103133.95,2,0,54,0.4077,0.3447,0.061,0,0,0,0,0
C03616,76928.75,43956.82,82202.62,45246.13,81,566.75,213772.28,0,3,30,0.256,0.1596,0.1848,1,0,0,0,0
C03617,32820.64,18683.8,35122.06,20454.24,70,219.41,24466.3,1,1,20,0.3768,0.2524,0.1684,0,2,0,0,0
C03618,52633.56,24789.49,43651.2,21388.39,67,413.56,175891.46,1,1,27,0.266,0.204,0.2143,0,2,0,0,0
C03619,39931.65,20475.73,43787.32,23759.87,58,378.03,87835.24,1,1,15,0.4168,0.1421,0.0902,1,0,0,0,0
C03620,52163.64,22613.91,61575.82,26595.61,79,236.23,142192.02,0,2,3,0.3834,0.2655,0.0653,0,0,0,0,0
C03621,33928.41,20579.12,34736.04,21955.12,67,348.49,24488.87,1,1,51,0.5231,0.2731,0.0325,0,1,0,0,0
C03622,30238.66,23007.46,31967.63,25433.95,66,271.46,21017.42,0,0,26,0.5451,0.3743,0.2355,0,0,0,0,0
C03623,72247.39,35579.92,80813.72,35966.69,86,518.97,89872.97,1,0,13,0.3148,0.1883,0.0394,0,1,0,0,0
C03624,43725.03,25300.53,48214.87,29186.58,72,429.86,137856.49,0,0,50,0.5374,0.3336,0.2069,0,0,0,0,0
C03625,111788.82,82482.96,94994.26,78461.69,89,791.27,331094.3,1,0,10,0.1376,0.3095,0.1869,0,1,0,0,0
C03626,45947.62,25437.73,43254.42,26610.72,48,499.71,49522.55,2,0,10,0.3214,0.2572,0.0449,0,1,0,0,0
C03627,29663.8,21478.58,29737.89,22622.78,56,307.89,46679.94,1,2,26,0.1962,0.4325,0.0522,0,0,0,0,0
C03628,78162.18,43057.65,73996.19,45010.66,71,603.81,144545.2,2,0,44,0.6369,0.4291,0.1076,0,1,0,0,0
C03629,59771.12,32761.09,73281.56,38602.24,59,654.94,75985.89,0,0,57,0.2976,0.3049,0.1827,0,0,0,0,0
C03630,62411.86,26260.29,70284.31,34468.85,70,389.54,208171.34,0,1,57,0.4015,0.1319,0.0973,0,0,0,0,0
C03631,76894.38,31237.61,70499.3,32387.76,76,471.76,187771.37,2,0,54,0.5424,0.4227,0.1699,0,1,0,0,0
C03632,33545.55,20971.79,34360.02,23204.09,74,279.45,54449.48,2,0,50,0.2932,0.2377,0.2258,0,0,0,0,0
C03633,42495.51,30694.51,50384.68,29273.62,77,281.64,9595.5,1,0,22,0.2942,0.3927,0.2092,0,1,0,0,0
C03634,41658.69,17118.93,40511.05,20094.72,62,274.99,16285.75,2,0,41,0.3502,0.351,0.1324,0,2,0,0,0
C03635,25174.37,19121.0,29005.66,18889.67,66,206.55,50559.36,0,0,34,0.5893,0.1385,0.1952,0,1,0,0,0
C03636,39966.71,20442.81,48598.79,29180.38,79,460.18,107638.53,0,1,54,0.2876,0.3874,0.0351,0,0,0,0,0
C03637,82107.82,44450.36,98195.77,37761.08,65,567.11,183468.16,2,0,20,0.1487,0.2126,0.2453,1,0,0,0,0
C03638,50072.13,37679.48,53659.73,49273.21,62,1013.99,144084.49,1,1,23,0.1542,0.4008,0.0722,0,1,1,0,0
C03639,24555.48,18498.46,29469.59,21623.71,65,355.52,67629.16,1,0,39,0.3488,0.3683,0.1566,0,0,0,0,0
C03640,22343.48,13097.45,22060.42,11988.5,95,100.0,63703.18,1,0,11,0.478,0.2773,0.0271,0,1,0,0,0
C03641,95183.99,45169.01,128337.12,59999.52,66,730.4,210372.82,0,1,23,0.2988,0.1164,0.1258,0,0,0,0,0
C03642,43207.71,18465.8,46616.88,17331.83,65,271.73,131634.52,1,0,34,0.3687,0.4201,0.0974,0,0,0,0,0
C03643,33626.95,15879.02,39935.88,16074.02,61,185.8,44150.2,0,2,30,0.3425,0.4202,0.1377,0,0,0,0,0
C03644,39780.08,27897.06,40040.99,24951.38,60,443.81,28160.94,1,1,40,0.5627,0.4419,0.1057,1,0,0,1,0
C03645,23147.2,11482.54,25691.77,11854.87,76,190.98,65778.66,1,1,55,0.118,0.4224,0.0336,0,0,0,0,0
C03646,85375.17,56565.55,95211.72,59036.12,82,641.65,101088.5,0,0,29,0.5301,0.2661,0.196,0,0,0,0,0
C03647,37704.85,16508.7,35387.51,18978.47,59,387.18,36164.17,0,0,54,0.113,0.3978,0.1296,0,1,0,0,0
C03648,83262.08,47070.27,77848.94,63196.43,81,978.91,169582.26,0,1,37,0.2838,0.3009,0.1004,1,0,0,0,0
C03649,46058.2,23418.19,47230.83,23147.59,65,303.54,94575.54,2,0,26,0.483,0.3556,0.0731,0,1,0,0,0
C03650,85622.82,49372.31,101260.97,35532.48,75,465.78,38396.73,0,2,44,0.3448,0.1357,0.1325,1,1,0,0,0
C03651,50510.19,30633.18,41935.0,34548.71,61,503.04,114168.61,0,0,27,0.0817,0.3473,0.1977,0,1,0,0,0
C03652,66063.55,52581.35,66490.2,51738.09,72,625.96,62879.76,0,0,27,0.1156,0.1494,0.1298,0,0,0,0,0
C03653,62193.74,46953.34,75079.33,59546.9,77,545.57,39786.78,0,0,21,0.6168,0.1905,0.1564,0,0,0,0,0
C03654,59569.49,39502.9,53740.28,41314.11,70,494.81,201558.77,0,0,30,0.2626,0.1979,0.1153,1,0,0,0,0
C03655,52627.2,22060.51,63177.27,21154.02,69,360.51,61174.71,1,0,38,0.458,0.191,0.0829,0,0,0,0,0
C03656,40523.4,30942.17,37065.33,28728.06,60,593.54,63141.37,0,2,8,0.0876,0.133,0.052,0,0,0,1,0
C03657,106549.33,80089.27,100157.97,90080.12,84,939.51,71655.3,2,1,55,0.617,0.2615,0.0906,0,0,0,1,0
C03658,29920.41,22410.88,30887.84,22791.23,77,213.52,99456.2,0,1,13,0.4878,0.3731,0.2498,0,0,0,0,0
C03659,45087.31,25499.47,57477.99,31265.54,67,536.91,11337.7,3,1,5,0.3974,0.3605,0.2477,0,0,0,1,0
C03660,45302.45,19335.9,44088.31,19814.06,56,396.78,10463.3,0,0,27,0.4473,0.1824,0.1613,0,0,0,0,0
C03661,53933.99,37186.48,45414.81,45358.38,76,519.23,82999.64,1,1,23,0.1242,0.23,0.1675,0,0,0,0,0
C03662,37091.94,19467.03,32706.48,17216.33,69,296.57,22224.84,2,0,23,0.6082,0.3185,0.1329,0,0,0,0,0
C03663,51847.06,26185.66,60237.67,22031.71,72,353.33,43666.45,0,0,60,0.6452,0.3068,0.2215,0,0,0,0,0
C03664,41707.6,21932.02,37012.62,25210.91,60,317.47,47927.51,2,0,49,0.1801,0.1265,0.0713,0,0,0,0,0
C03665,22082.47,13284.41,26334.57,13208.27,83,157.9,38604.32,2,0,13,0.4288,0.1515,0.0479,0,1,0,0,0
C03666,45193.85,22600.7,47832.04,23015.96,78,236.18,141771.22,0,1,41,0.4612,0.2963,0.1273,0,0,0,0,0
C03667,27423.71,18112.38,28688.7,16818.01,84,160.33,43694.69,2,0,41,0.2753,0.1115,0.055,0,2,0,0,0
C03668,20618.5,13226.27,22385.02,12164.73,69,163.03,57819.75,0,1,47,0.6124,0.4287,0.2335,0,2,0,0,0
C03669,47858.82,27709.69,45652.03,31208.87,71,349.48,161293.29,0,1,10,0.1739,0.1788,0.2441,0,0,0,0,0
C03670,56048.09,20978.12,59777.78,21979.58,63,417.91,167315.43,0,0,45,0.2402,0.2342,0.1592,0,0,0,0,0
C03671,57035.66,43999.83,51721.71,40601.98,69,568.77,171985.3,0,2,15,0.3906,0.3654,0.1252,0,1,0,0,0
C03672,58083.95,31090.21,70390.01,35594.1,73,596.23,164781.13,1,0,55,0.166,0.2311,0.2456,0,1,0,0,0
C03673,18859.14,10415.03,17477.22,12404.19,66,193.31,10904.55,0,1,54,0.1329,0.2119,0.0434,0,0,0,0,0
C03674,24390.77,13542.11,26894.87,14042.36,64,232.65,18630.81,1,1,43,0.3899,0.1049,0.098,0,0,0,0,0
C03675,109371.15,56245.49,101259.09,65828.82,64,1071.61,120865.55,0,1,46,0.3606,0.1113,0.1706,0,0,1,0,0
C03676,28090.14,18358.72,27697.31,17069.63,87,159.06,68168.52,1,0,56,0.3271,0.1595,0.14,0,1,0,0,0
C03677,59236.68,21103.84,59541.17,23620.79,81,228.0,93752.57,0,0,59,0.5938,0.1092,0.0665,0,0,0,0,0
C03678,33034.11,24546.94,46504.15,26250.75,70,329.82,61393.38,0,2,56,0.4653,0.4274,0.1225,0,0,0,1,0
C03679,46642.64,18475.04,48893.92,17643.89,62,313.72,134423.44,1,0,16,0.6101,0.4094,0.0227,0,1,0,0,0
C03680,33841.85,27069.12,32197.69,35091.51,59,724.99,10449.19,1,2,42,0.1067,0.4344,0.2,0,0,0,1,0
C03681,57936.99,36653.09,57743.09,39509.58,61,513.25,177101.86,2,0,26,0.2693,0.4236,0.2228,0,0,0,0,0
C03682,47856.69,18176.49,41608.48,17796.63,54,247.08,98692.96,1,0,34,0.0785,0.4133,0.2332,1,0,0,0,0
C03683,36779.19,22181.4,37899.69,23342.71,61,462.26,79145.46,0,1,22,0.4698,0.3159,0.1801,0,0,1,0,0
C03684,28052.7,14000.78,35686.7,13239.65,73,165.99,31575.07,0,0,5,0.5888,0.3527,0.1809,0,0,0,0,0
C03685,50762.65,39537.48,55347.78,36025.55,74,414.47,37769.96,1,0,19,0.4351,0.217,0.2041,0,1,0,0,0
C03686,26074.01,17990.07,30204.34,17919.37,63,200.55,54431.15,0,0,51,0.2155,0.1195,0.1244,0,1,0,0,0
C03687,54545.16,31535.64,51316.45,31667.92,70,371.19,162511.89,4,1,55,0.2435,0.2257,0.1979,0,0,0,1,0
C03688,146728.02,79731.98,150484.11,76024.38,53,1040.56,395268.7,0,2,5,0.111,0.3482,0.1252,0,1,0,0,0
C03689,82618.95,65941.57,88771.44,79138.69,68,1298.31,234554.78,0,1,9,0.4575,0.3032,0.1849,0,1,0,0,0
C03690,62172.89,40432.45,59870.2,38738.61,83,345.96,81662.76,3,2,38,0.3675,0.2956,0.1871,0,0,0,1,0
C03691,43299.42,25168.58,47542.8,23611.47,77,352.94,98504.37,2,0,59,0.2102,0.3885,0.0597,1,1,0,0,0
C03692,18806.9,9950.26,21136.16,9031.98,83,120.97,38848.31,2,1,40,0.5015,0.1956,0.108,0,1,0,0,0
C03693,24819.6,12312.07,27677.37,11033.61,64,124.12,12237.85,0,3,8,0.6369,0.1602,0.0241,0,0,0,1,0
C03694,80151.55,53496.25,82705.99,62766.84,83,979.67,158597.06,3,1,40,0.2658,0.345,0.2128,0,0,0,0,0
C03695,31540.49,19383.16,37246.46,20952.81,69,390.97,6475.3,0,0,48,0.1197,0.2543,0.0872,0,1,0,0,0
C03696,32851.55,24036.93,33478.56,27229.98,65,531.37,86305.13,0,0,37,0.4083,0.425,0.0851,0,0,1,0,0
C03697,41767.55,25023.04,42107.6,29332.22,71,350.13,130880.17,0,2,5,0.4468,0.2531,0.1801,0,2,0,0,0
C03698,27903.21,17078.13,34125.2,17248.98,73,260.14,87320.97,0,0,54,0.4066,0.2103,0.1938,0,2,0,0,0
C03699,25909.68,14634.06,23763.42,17951.14,77,225.89,32874.04,0,1,21,0.3021,0.3726,0.1066,0,0,0,0,0
C03700,43989.42,30492.56,37199.38,29723.33,68,393.5,97434.05,2,1,37,0.4856,0.1953,0.0457,0,2,0,0,0
C03701,30128.58,16171.41,28497.48,14853.65,78,181.82,80208.57,0,1,29,0.2351,0.3367,0.136,0,0,0,0,0
C03702,32239.88,23643.85,35350.03,25886.09,75,385.71,74583.0,0,0,4,0.2728,0.2869,0.1623,0,0,0,0,0
C03703,31662.29,15741.55,38122.38,16801.67,73,176.08,7767.05,0,1,7,0.6219,0.3567,0.2461,0,0,0,0,0
C03704,56924.43,37665.83,55258.69,40195.28,78,498.16,109954.65,1,2,28,0.4756,0.411,0.0594,1,0,0,0,0
C03705,40536.63,30476.93,51391.54,35714.04,68,662.76,76988.1,0,1,10,0.0527,0.1917,0.2322,0,2,0,0,0
C03706,41525.39,28905.13,43737.19,30718.79,61,537.15,119230.89,1,1,14,0.2706,0.36,0.1339,0,0,0,0,0
C03707,58867.44,29679.41,60994.7,32278.33,69,584.97,167967.15,0,0,39,0.5275,0.3784,0.1753,0,2,0,0,0
C03708,42213.69,28192.52,40018.9,34201.82,70,349.57,100218.72,3,2,26,0.5864,0.3714,0.1031,0,1,0,1,0
C03709,39703.86,17594.49,50986.21,19037.27,61,324.81,28256.77,0,0,9,0.1636,0.251,0.1119,0,0,0,0,0
C03710,55610.12,20919.1,57387.71,23205.79,54,480.59,113805.09,0,1,60,0.5353,0.1664,0.1828,0,1,0,0,0
C03711,60785.51,42921.98,54108.92,37765.94,83,410.88,189891.72,0,0,56,0.2362,0.4163,0.173,1,0,0,0,0
C03712,42118.18,30055.7,56645.59,44972.3,66,527.48,31067.31,3,0,45,0.3207,0.3096,0.0813,1,1,0,0,0
C03713,46662.27,16813.3,51199.73,14444.29,61,178.52,141363.47,1,0,12,0.3022,0.1594,0.171,0,1,0,0,0
C03714,31653.76,24579.39,36270.76,24217.59,52,476.94,14984.08,1,1,37,0.3287,0.3392,0.2408,0,0,0,0,0
C03715,30549.71,16822.35,38241.73,16513.69,61,220.77,103219.86,0,2,45,0.1731,0.3,0.0618,0,0,0,0,0
C03716,63610.52,48176.86,71481.4,62772.61,81,565.74,215295.69,2,0,23,0.0622,0.3681,0.133,1,2,0,0,0
C03717,54975.43,38740.01,64155.6,37884.94,68,667.43,189511.18,0,1,49,0.1775,0.3969,0.0661,0,0,0,0,0
C03718,55232.24,41716.58,58353.91,46014.46,66,824.71,73139.37,1,1,47,0.4514,0.2816,0.0762,0,0,0,1,0
C03719,51062.33,37021.16,58111.37,36372.11,69,605.28,154039.39,1,0,24,0.3035,0.1445,0.0702,0,1,0,0,0
C03720,45945.41,36218.67,48054.35,33509.09,75,459.56,61247.42,1,0,12,0.1506,0.3442,0.1475,1,0,0,0,0
C03721,61562.19,38974.74,64491.0,43591.01,66,666.88,32818.69,1,2,57,0.5344,0.2338,0.0694,0,1,0,0,0
C03722,68543.01,30999.71,72954.85,29875.16,73,421.39,111236.21,0,1,25,0.2303,0.2262,0.1209,0,1,0,0,0
C03723,67810.37,35621.02,67971.9,38289.42,71,627.52,193053.76,3,1,27,0.3749,0.1287,0.2095,0,0,0,0,0
C03724,43004.83,29602.19,47757.95,33308.47,74,493.5,12068.9,0,4,49,0.1237,0.384,0.2301,1,0,0,0,0
C03725,83999.36,35333.17,93257.89,45184.43,63,564.1,139052.79,2,3,20,0.2103,0.1465,0.1565,0,2,0,0,0
C03726,49872.5,38323.48,57267.1,34435.14,81,386.35,109193.65,0,0,52,0.236,0.3191,0.099,0,0,0,0,0
C03727,59813.52,26460.04,67395.05,27297.82,84,360.72,172948.11,1,1,44,0.394,0.1413,0.1199,0,0,0,0,0
C03728,51090.68,38021.1,65907.24,39413.57,67,606.28,52267.07,3,0,40,0.2298,0.1332,0.0663,0,1,0,0,0
C03729,50290.47,28548.68,59157.46,29979.29,87,433.81,28269.15,1,0,23,0.333,0.1156,0.0638,0,0,0,0,0
C03730,32316.38,23535.34,33128.48,31967.02,80,346.48,28080.79,0,0,60,0.2756,0.3304,0.0402,0,2,1,0,0
C03731,61699.16,48201.43,68138.62,49608.91,81,694.12,136997.25,0,0,45,0.5366,0.4386,0.0521,0,1,0,0,0
C03732,161910.7,87426.33,197453.95,65353.74,76,968.74,362610.44,1,3,23,0.6115,0.245,0.0782,0,1,0,1,0
C03733,38015.91,25222.49,35583.01,25883.03,67,445.57,52760.29,1,0,16,0.6417,0.386,0.1421,0,0,0,0,0
C03734,46460.85,21001.37,60013.9,21753.11,72,327.89,88615.24,0,1,30,0.3971,0.3751,0.0842,0,1,0,0,0
C03735,36813.7,26150.74,35232.31,26701.87,66,498.77,52676.85,1,0,16,0.4377,0.2393,0.2113,0,0,0,0,0
C03736,36127.47,25974.44,41836.8,25033.2,68,430.23,18043.55,0,0,21,0.0917,0.2151,0.0629,0,1,0,0,0
C03737,90167.11,43538.14,94746.89,38811.81,56,824.34,44808.25,1,0,23,0.0629,0.3766,0.2389,1,0,0,0,0
C03738,33242.38,11995.96,34701.32,15704.37,65,233.76,62402.93,0,1,13,0.3526,0.4465,0.0898,0,1,0,0,0
C03739,36354.8,19778.55,32488.48,21522.93,74,215.77,118802.46,0,0,41,0.5941,0.3593,0.1765,0,1,0,0,0
C03740,22027.48,9394.73,25527.65,9647.74,68,145.87,36211.47,1,0,9,0.1696,0.4162,0.2238,1,0,0,0,0
C03741,32000.04,22987.17,28652.74,30005.49,74,400.49,61502.5,1,0,56,0.2585,0.2777,0.0478,0,1,0,0,0
C03742,20861.02,9752.4,18292.36,9223.44,71,163.31,59839.43,1,0,35,0.43,0.3602,0.0389,0,1,0,0,0
C03743,59798.14,46323.33,71109.82,51988.17,63,913.18,119518.56,0,0,47,0.4825,0.445,0.1263,1,1,0,0,0
C03744,158622.35,124885.6,200618.04,112411.11,69,1914.01,60250.7,1,2,60,0.269,0.2935,0.0311,1,2,0,0,0
C03745,38155.01,28958.74,37007.71,33015.6,69,535.48,54985.54,0,0,23,0.2159,0.2003,0.1237,1,1,0,0,0
C03746,21255.62,13174.8,24877.01,12039.93,67,194.4,5812.61,0,0,60,0.0591,0.3543,0.1972,0,0,0,0,0
C03747,67468.6,31733.36,77290.89,35111.55,69,635.16,218245.73,0,1,27,0.063,0.296,0.2116,0,1,1,0,0
C03748,32445.0,23141.92,33710.93,29723.21,64,343.83,111391.86,1,2,48,0.2873,0.1548,0.1293,0,0,0,1,0
C03749,80750.86,53757.29,97732.61,57047.99,74,943.8,75707.14,1,1,32,0.1924,0.419,0.1403,0,0,0,0,0
C03750,39636.46,31301.93,40840.04,24631.19,69,422.07,79184.84,3,1,42,0.389,0.2604,0.0293,0,2,0,1,0
C03751,33863.76,17601.14,37660.03,18556.75,82,293.26,15282.99,0,0,7,0.1544,0.1248,0.1075,1,1,0,0,0
C03752,41536.88,15636.37,37364.4,17319.7,70,193.35,38603.57,1,2,17,0.2176,0.2896,0.0298,0,2,0,0,0
C03753,63285.87,50582.74,57253.23,58580.78,84,840.78,30953.53,0,0,31,0.3478,0.2552,0.1867,0,0,1,0,0
C03754,40622.54,29541.47,48352.42,36242.39,69,444.65,8653.33,0,2,49,0.5749,0.3813,0.1653,0,0,0,0,0
C03755,35986.23,16181.94,40165.84,19951.5,75,196.08,84769.5,0,0,30,0.6259,0.2644,0.2202,0,0,0,0,0
C03756,41148.53,27838.32,42502.53,28792.82,64,382.76,67472.7,0,1,60,0.5835,0.1193,0.1073,0,1,0,0,0
C03757,25389.3,8894.14,32471.42,8635.03,68,100.24,63332.84,2,0,37,0.087,0.2758,0.2471,0,0,0,0,0
C03758,53802.86,32336.28,68742.73,29612.88,83,311.12,182927.86,1,2,3,0.2549,0.1616,0.1756,0,3,0,1,0
C03759,20138.54,10336.65,22206.77,10183.73,61,208.51,63560.24,1,0,51,0.2364,0.2494,0.1096,0,2,0,0,0
C03760,36848.24,19220.04,32254.05,21280.11,68,342.2,11755.6,1,1,24,0.0509,0.3845,0.1693,0,2,0,0,0
C03761,63331.69,29134.73,65650.14,25876.36,73,369.57,98126.89,0,2,56,0.2953,0.1568,0.2228,0,0,0,0,0
C03762,51574.85,24429.99,49000.76,22934.31,64,438.34,169535.72,1,0,44,0.2523,0.1554,0.1281,1,0,0,0,0
C03763,58692.19,32550.74,62257.25,36374.67,58,777.21,198134.59,0,1,54,0.2259,0.3233,0.0226,0,0,0,0,0
C03764,43701.92,20175.66,40976.85,19619.24,66,379.94,113094.94,0,0,24,0.5143,0.2548,0.0383,0,1,0,0,0
C03765,76176.14,42650.87,69050.08,46677.04,73,784.03,78853.08,1,3,34,0.307,0.1018,0.1991,0,0,0,1,0
C03766,68222.68,41602.63,53110.43,39617.47,61,773.44,110608.85,1,0,23,0.5368,0.2536,0.1242,0,0,0,0,0
C03767,55005.1,36853.43,58859.36,39968.86,70,410.7,62221.17,0,1,57,0.0566,0.4312,0.2361,0,0,0,0,0
C03768,68310.13,44723.7,52882.18,42817.35,84,527.24,70888.06,2,0,10,0.3924,0.2666,0.1556,0,0,0,0,0
C03769,63076.8,28945.64,63806.67,23786.45,79,281.63,66460.03,0,0,59,0.4077,0.1391,0.2105,0,0,0,0,0
C03770,36925.56,13575.14,41848.75,15811.17,77,151.46,91354.99,0,2,33,0.6035,0.343,0.2166,0,1,0,0,0
C03771,24579.38,17812.85,23678.51,17215.99,76,170.91,62033.39,0,2,9,0.5439,0.2637,0.1257,0,0,0,0,0
C03772,54370.7,40372.46,50011.29,41186.55,70,563.19,113082.4,2,0,34,0.6288,0.3693,0.0307,0,2,0,0,0
C03773,57535.53,45481.85,59943.87,43983.81,60,929.04,190092.56,0,0,10,0.4782,0.1687,0.0429,0,0,0,0,0
C03774,73506.58,57472.6,69872.95,64101.34,77,809.72,199291.05,0,1,21,0.5877,0.4353,0.1459,0,0,1,0,0
C03775,29527.38,18756.27,31661.59,20443.97,72,330.45,46869.4,0,1,38,0.5311,0.1007,0.0391,0,0,0,0,0
C03776,29927.22,22517.91,27714.42,25108.62,66,314.76,87286.4,1,3,18,0.0529,0.4083,0.203,0,1,0,0,0
C03777,55346.73,30529.47,57420.06,30042.67,66,383.11,55329.26,2,1,49,0.0774,0.1217,0.0315,1,0,0,0,0
C03778,43581.7,30694.64,43949.07,32046.2,72,536.65,68471.11,0,0,30,0.3933,0.2078,0.133,1,2,0,0,0
C03779,19260.76,15021.48,20197.17,16524.28,74,195.2,7204.7,0,0,38,0.6142,0.2224,0.1937,0,2,0,0,0
C03780,53274.68,37735.81,66391.87,46619.74,74,686.37,171518.02,1,1,33,0.0769,0.4004,0.2365,0,0,0,0,0
C03781,19551.89,10501.21,20998.29,11412.55,68,117.73,21716.61,1,1,31,0.4795,0.3339,0.1904,0,0,0,0,0
C03782,29408.89,15292.38,32659.55,14215.76,87,117.12,15862.17,0,1,31,0.3529,0.1325,0.2015,0,0,0,0,0
C03783,82675.15,39782.81,80610.33,43050.86,68,623.54,227364.41,2,2,39,0.3332,0.1062,0.156,0,0,0,1,0
C03784,102294.72,52700.05,110150.01,54291.6,64,893.95,339415.07,2,0,50,0.6113,0.1442,0.1503,1,0,0,0,0
C03785,26039.57,18729.2,26482.85,15173.5,66,171.79,77304.04,2,2,20,0.1414,0.3087,0.2134,0,0,0,0,0
C03786,38800.62,25828.61,40878.73,21401.1,82,306.04,49156.46,0,0,7,0.5748,0.211,0.1636,0,1,0,0,0
C03787,45871.44,21213.05,51737.18,22104.44,78,209.49,160208.96,0,2,43,0.2367,0.4456,0.1726,0,0,0,0,0
C03788,100304.91,67223.43,99299.04,70728.18,74,1046.95,111370.91,0,1,24,0.1488,0.3784,0.1973,1,0,0,0,0
C03789,36048.72,18771.58,36129.28,19046.21,68,309.36,34610.33,3,0,56,0.367,0.1453,0.2114,0,0,0,0,0
C03790,36308.96,21821.6,36005.07,25227.99,67,362.8,31308.9,1,1,33,0.2886,0.107,0.0214,1,2,0,0,0
C03791,90340.78,46676.03,89375.37,43771.96,76,562.93,22517.91,0,0,56,0.2127,0.2305,0.1906,1,3,0,0,0
C03792,38016.01,22229.22,40707.1,19643.0,72,191.35,80485.73,0,0,58,0.6298,0.3436,0.0495,0,0,1,0,0
C03793,62280.8,42252.03,62674.55,40178.17,66,621.23,163563.98,3,2,50,0.1337,0.2584,0.0451,0,0,0,0,0
C03794,23148.92,15718.32,28467.5,15354.08,77,175.74,51112.4,3,0,50,0.1578,0.1087,0.1033,0,0,0,0,0
C03795,41662.76,28702.82,57140.46,29937.66,72,347.66,81564.89,0,2,37,0.5713,0.1736,0.1624,0,0,1,0,0
C03796,21324.23,11215.85,20937.13,10703.1,70,116.93,49403.71,3,1,52,0.1297,0.199,0.1872,0,0,0,0,0
C03797,27986.36,18491.23,30373.05,14663.41,72,217.52,86056.51,0,2,25,0.3503,0.3646,0.2447,0,0,0,0,0
C03798,65647.74,30028.6,77107.26,22271.71,71,380.67,79990.15,0,0,35,0.3776,0.1545,0.1955,0,1,0,0,0
C03799,44000.68,24853.47,44797.54,26463.45,71,288.84,77918.34,2,0,32,0.1401,0.2067,0.0927,0,1,0,0,0
C03800,38980.63,23871.67,36278.22,21831.05,76,326.72,123914.66,1,0,44,0.4588,0.2922,0.1974,0,0,0,0,0
C03801,32127.91,21169.63,40435.57,17133.79,76,222.75,35198.69,1,0,18,0.6176,0.3029,0.1766,0,1,0,0,0
C03802,40746.39,30983.48,46138.72,34856.2,73,337.09,14503.15,2,0,21,0.2564,0.136,0.217,0,0,0,0,0
C03803,51529.96,25102.61,56077.11,31012.31,73,422.12,66916.57,1,0,35,0.3836,0.1129,0.151,0,0,0,0,0
C03804,70033.58,51151.03,85725.49,53128.78,60,1069.2,167442.78,3,4,44,0.5269,0.3512,0.0834,1,0,0,1,0
C03805,13809.36,6766.67,15776.2,7322.97,74,126.14,5642.11,0,0,56,0.1614,0.2377,0.0229,0,0,0,0,0
C03806,30949.91,18519.16,32319.37,20060.51,60,327.68,26250.97,1,2,57,0.2667,0.101,0.1547,0,1,1,0,0
C03807,48339.83,34932.53,45091.6,26982.65,71,368.59,78432.34,0,2,37,0.2754,0.4027,0.1151,1,0,0,0,0
C03808,43041.9,29071.25,42645.92,33624.92,78,390.65,61889.6,1,0,60,0.1466,0.1088,0.1697,0,0,0,0,0
C03809,53956.7,39835.76,64455.52,47754.55,67,660.83,175031.79,1,1,32,0.4495,0.2249,0.0519,1,0,0,0,0
C03810,50757.31,36377.59,57449.67,46214.67,83,548.81,98879.62,0,2,31,0.4896,0.4251,0.0677,0,0,0,1,0
C03811,39231.18,18609.56,40313.97,18562.77,72,192.78,122853.93,1,0,32,0.3434,0.2192,0.0735,0,0,0,0,0
C03812,35501.63,28288.46,44802.61,25849.59,59,477.03,53980.01,0,0,50,0.3196,0.325,0.0559,0,0,0,0,0
C03813,40293.37,31092.35,41547.84,37715.85,72,478.82,85562.58,0,2,5,0.2497,0.4477,0.1943,0,0,0,1,0
C03814,75459.53,41018.19,88174.63,45524.82,77,648.21,155709.81,1,1,40,0.2693,0.1381,0.1113,0,1,0,0,0
C03815,32370.87,12017.5,34844.16,13879.73,62,241.68,23649.27,0,1,39,0.4485,0.2379,0.0467,0,0,0,0,0
C03816,43745.97,21285.63,56080.34,20697.1,71,359.05,10891.4,1,0,41,0.4494,0.2299,0.0324,0,0,0,0,0
C03817,48870.14,35492.85,55729.81,38424.11,61,547.22,53132.18,0,0,32,0.4707,0.1333,0.1762,0,0,0,0,0
C03818,90814.63,70643.95,95858.4,65246.18,71,1159.13,33604.49,2,0,7,0.4149,0.2186,0.0967,0,3,0,0,0
C03819,39311.76,28471.64,40433.87,29877.32,78,419.64,104598.54,1,2,45,0.3933,0.2299,0.1846,0,1,0,1,0
C03820,69277.87,36615.74,72613.96,36917.95,75,528.19,207141.48,3,0,7,0.6449,0.4372,0.109,0,0,1,1,0
C03821,78339.6,29411.93,75437.3,39153.94,69,586.17,103751.7,0,1,17,0.2872,0.1306,0.1486,0,0,0,0,0
C03822,43727.32,25489.19,38742.21,28441.75,76,307.82,34059.77,0,3,9,0.2005,0.4005,0.2241,0,1,0,0,0
C03823,40929.0,21257.38,44491.8,16830.73,62,191.2,28378.9,0,0,27,0.1504,0.2485,0.1785,0,0,0,0,0
C03824,38806.52,15729.74,38262.37,16513.29,74,230.89,72989.12,0,1,40,0.3049,0.1021,0.0936,0,2,0,0,0
C03825,40106.65,15947.77,39531.48,17449.74,81,269.05,66603.57,0,0,49,0.3075,0.2214,0.2127,0,0,0,0,0
C03826,66093.5,27684.36,68693.56,27494.02,70,474.63,219063.16,2,2,41,0.1205,0.1617,0.076,0,0,1,0,0
C03827,49929.75,22099.94,52739.14,20280.43,54,280.31,159521.84,1,0,29,0.5135,0.2277,0.1321,1,1,0,0,0
C03828,50026.0,34478.11,52571.58,38934.82,78,442.51,166679.54,1,0,52,0.155,0.3719,0.1957,0,0,0,0,0
C03829,27121.1,14150.88,34134.49,13225.89,86,151.75,63853.54,0,0,57,0.1018,0.4109,0.2225,0,0,0,0,0
C03830,29116.12,15915.52,32886.24,17810.31,73,242.27,87377.06,0,0,55,0.3118,0.1522,0.1534,0,0,0,0,0
C03831,118062.43,73112.71,153828.01,67592.32,67,818.24,338111.0,0,0,33,0.4953,0.3922,0.0294,1,0,1,0,1
C03832,41539.34,32486.26,41428.06,32029.24,79,449.8,49161.2,1,0,57,0.1437,0.3292,0.0646,0,0,1,0,0
C03833,31753.89,21923.23,36327.92,25534.82,58,436.17,70865.87,1,0,41,0.2083,0.1028,0.1356,0,1,0,0,0
C03834,85683.23,54886.16,86025.15,60852.34,76,973.43,160300.0,0,2,39,0.4593,0.2628,0.1108,0,0,0,0,0
C03835,51084.26,34978.64,50198.67,36859.46,74,423.65,106214.9,1,0,9,0.3034,0.3785,0.1203,0,0,0,0,0
C03836,58371.76,39323.98,76319.04,41149.07,81,632.82,96312.99,1,1,49,0.617,0.3249,0.0944,1,0,0,0,0
C03837,42289.6,27937.03,40505.92,29637.45,77,459.99,43263.88,2,1,27,0.6153,0.129,0.0499,0,0,0,1,0
C03838,38988.22,22355.19,30496.27,21349.54,78,259.66,110146.16,1,4,12,0.0867,0.3447,0.0322,0,1,0,1,0
C03839,41693.64,25228.04,40236.28,21897.84,62,418.8,29553.38,1,0,19,0.1281,0.1817,0.1108,0,0,0,0,0
C03840,24153.52,13469.72,19540.23,15063.2,81,201.0,26354.25,1,0,31,0.2008,0.4148,0.0532,0,0,0,0,0
C03841,43254.24,22826.61,40479.09,28159.19,74,369.89,125071.21,1,0,9,0.3177,0.3892,0.1482,0,0,0,0,0
C03842,51412.3,24258.67,48685.39,27230.55,71,386.13,162580.97,1,1,57,0.1975,0.1756,0.0925,0,0,0,0,0
C03843,103479.23,52758.47,109091.31,57005.56,74,792.83,340104.79,1,2,48,0.2241,0.4342,0.2405,0,0,1,0,0
C03844,46775.62,25391.6,37609.86,22978.81,71,270.74,156632.43,0,0,13,0.4747,0.363,0.2391,0,0,0,0,0
C03845,15741.22,9613.49,18787.37,11106.09,62,141.86,10672.63,0,1,52,0.194,0.3178,0.0821,0,0,0,0,0
C03846,43136.48,24801.05,35583.61,27473.79,73,441.1,85429.64,0,0,27,0.4399,0.3858,0.1419,1,0,0,0,0
C03847,154383.44,61533.69,159735.89,70223.33,76,694.92,122156.16,2,1,51,0.572,0.1155,0.0413,0,2,0,0,0
C03848,66455.15,33426.15,67192.9,39244.54,70,624.18,119969.43,2,1,32,0.0577,0.127,0.0777,0,2,1,0,0
C03849,31241.97,16223.55,35898.34,20122.41,66,374.24,82381.04,0,0,21,0.5339,0.3518,0.0256,0,0,0,0,0
C03850,58712.96,39227.11,64125.42,35941.18,78,443.21,200698.21,1,0,17,0.1548,0.1425,0.0512,0,0,0,0,0
C03851,32225.45,16106.33,38426.42,14420.36,71,236.6,109483.07,1,2,7,0.5751,0.3401,0.0381,1,0,0,0,0
C03852,24470.03,8652.12,24632.16,9238.54,65,173.19,51540.72,0,0,50,0.3473,0.2687,0.0704,0,1,0,0,0
C03853,38470.68,14924.76,38248.71,14018.79,50,243.89,57478.63,0,0,35,0.5176,0.1571,0.2091,0,0,0,0,0
C03854,46892.11,26899.62,51559.51,24707.72,66,318.31,64989.67,2,2,9,0.2233,0.1036,0.2231,0,0,0,0,0
C03855,19379.05,8426.46,22741.4,10081.51,61,168.39,38838.77,0,1,56,0.3286,0.2059,0.2126,0,0,0,0,0
C03856,26830.54,15362.63,30828.51,14270.54,69,257.45,15760.15,0,2,50,0.506,0.1277,0.1518,0,1,1,0,0
C03857,45209.78,27505.29,49216.17,28844.02,77,418.35,65356.26,2,0,31,0.2596,0.2537,0.0229,0,0,0,0,0
C03858,37449.17,28837.62,40367.19,24633.93,79,252.62,23999.06,1,0,19,0.2473,0.2936,0.0304,1,1,0,0,0
C03859,53749.13,34668.78,56202.53,36664.48,73,472.15,21701.31,2,0,44,0.1569,0.4169,0.1385,0,0,0,0,0
C03860,26051.15,9481.79,28635.2,11301.71,70,169.16,87808.22,3,1,37,0.2469,0.4414,0.0233,0,1,0,0,0
C03861,62054.54,32350.81,80310.5,38677.7,59,605.13,77441.08,0,0,45,0.5259,0.1519,0.0441,0,4,0,0,0
C03862,26416.03,18677.6,26967.89,21953.63,65,275.42,46513.71,0,0,32,0.6398,0.1086,0.0377,0,1,0,0,0
C03863,94244.54,44036.06,94834.63,45823.72,81,671.47,235323.11,0,0,31,0.051,0.1446,0.1346,0,0,0,0,0
C03864,20792.06,15931.67,20731.21,18853.22,62,338.63,39141.31,0,1,55,0.1469,0.4381,0.2223,0,0,0,0,0
C03865,27522.75,16184.89,30184.88,17829.43,70,298.38,87198.52,0,0,41,0.4365,0.1876,0.2231,1,0,0,0,0
C03866,54297.56,21263.01,43187.77,21206.16,80,211.34,173841.18,1,0,52,0.3682,0.2364,0.1955,0,2,0,0,0
C03867,95160.74,43655.15,98376.47,47837.5,69,549.02,106302.76,2,0,50,0.6192,0.1722,0.1248,0,0,0,0,0
C03868,51853.99,39296.75,59926.49,45438.08,63,546.27,83685.36,0,0,16,0.1991,0.286,0.1429,0,0,0,0,0
C03869,57971.33,46154.27,57209.14,41108.4,81,554.81,49894.6,2,0,10,0.1073,0.1978,0.1572,0,0,0,0,0
C03870,45356.53,33489.32,48640.55,30902.26,77,498.31,148437.78,0,0,47,0.0703,0.3881,0.2002,0,1,0,0,0
C03871,28354.43,14015.72,36949.23,14474.97,68,258.03,11301.68,1,0,19,0.3105,0.268,0.2357,1,0,0,0,0
C03872,36093.05,25119.63,39333.91,22692.79,64,303.34,103269.89,0,0,31,0.2138,0.2613,0.1656,0,2,0,0,0
C03873,26083.5,11737.64,20378.85,10583.55,67,142.47,76749.47,0,1,37,0.2423,0.1476,0.0673,0,1,0,0,0
C03874,25311.1,13238.59,22294.37,13232.36,70,186.76,78454.21,1,0,13,0.4404,0.3685,0.1217,0,1,0,0,0
C03875,53917.2,35786.23,54989.05,41835.48,74,402.32,126432.43,1,0,34,0.4025,0.4134,0.0327,0,1,0,0,0
C03876,27146.07,21336.97,25884.89,24895.5,72,381.58,51637.34,1,1,31,0.2512,0.1471,0.2373,0,0,0,0,0
C03877,51959.36,28454.98,55201.93,30974.09,62,414.91,113881.43,1,0,28,0.315,0.3806,0.1859,0,2,0,0,0
C03878,25049.21,14356.36,25416.2,15384.76,67,272.92,20823.38,2,0,15,0.2483,0.1609,0.2047,0,0,0,0,0
C03879,51420.39,23091.66,61186.6,30030.64,60,505.32,40064.27,1,0,24,0.3298,0.2845,0.2208,0,0,1,0,0
C03880,36116.7,19194.23,33192.7,18911.65,68,220.56,101663.18,0,1,52,0.0694,0.3207,0.105,0,1,0,0,0
C03881,84744.38,32063.75,86871.47,34594.5,72,552.43,169373.24,0,1,47,0.3402,0.3172,0.1206,0,1,0,0,0
C03882,52056.83,38332.76,56016.85,37540.09,69,644.74,170543.21,0,1,20,0.183,0.1539,0.1215,0,0,0,0,0
C03883,78473.8,28289.85,85609.9,25333.83,75,409.77,84996.1,1,2,44,0.2547,0.3179,0.0889,0,0,0,0,0
C03884,32028.35,21061.4,34194.0,25109.1,53,361.71,36264.85,0,1,4,0.4618,0.3541,0.2365,0,0,0,0,0
C03885,46151.39,21827.29,35104.92,22119.23,63,344.81,86959.42,0,1,16,0.403,0.3828,0.1318,0,1,0,0,0
C03886,28938.51,16328.53,30674.68,18506.41,59,229.31,13323.03,2,0,47,0.4609,0.337,0.1699,0,0,0,0,0
C03887,37357.74,17808.48,38549.81,18172.93,72,321.82,99014.87,1,1,54,0.601,0.1447,0.2062,0,0,0,0,0
C03888,39993.45,21197.8,46140.17,25428.8,67,372.03,30020.03,0,0,51,0.6067,0.1625,0.1364,0,3,0,0,0
C03889,32460.58,19348.13,36899.77,18000.17,79,263.83,66728.33,0,0,59,0.3051,0.1586,0.1176,0,0,0,0,0
C03890,26041.36,16624.86,28096.06,19778.09,68,247.23,13691.62,2,2,54,0.5977,0.4452,0.12,0,1,0,1,0
C03891,23821.29,18416.92,25907.55,21313.99,72,244.54,36926.65,1,1,32,0.4716,0.2319,0.0413,0,0,0,0,0
C03892,15701.81,7842.9,19035.08,6546.03,76,100.0,32088.8,0,0,49,0.345,0.3691,0.2033,0,0,0,0,0
C03893,27974.87,17153.79,33235.14,16947.56,73,247.2,54544.72,2,1,46,0.2451,0.2957,0.237,0,3,0,0,0
C03894,59682.26,45106.35,64638.26,52887.18,76,600.95,204004.17,1,0,8,0.0601,0.2091,0.047,0,0,1,0,0
C03895,21918.66,10534.2,28657.55,13130.66,62,192.52,52864.97,1,0,43,0.3878,0.1027,0.1515,0,2,1,0,0
C03896,24312.9,17973.86,23695.76,20415.78,80,242.23,47638.05,1,2,18,0.538,0.4177,0.0957,0,1,0,1,0
C03897,100742.41,78669.73,91448.6,78859.56,63,883.76,237385.79,0,0,8,0.3187,0.3754,0.2137,0,0,0,0,0
C03898,33792.51,24714.9,35438.19,23078.76,75,259.76,89228.14,0,2,7,0.5251,0.4262,0.1472,0,1,0,1,0
C03899,51994.25,31531.25,52261.65,35251.89,61,672.65,174206.67,1,0,49,0.382,0.262,0.1885,0,0,0,0,0
C03900,60081.69,40552.26,45311.15,40506.74,77,624.85,41222.17,0,0,17,0.608,0.3152,0.2128,0,2,0,0,0
C03901,60630.57,34345.98,58915.59,34482.43,70,562.47,155011.79,0,1,16,0.0652,0.373,0.1077,0,0,0,0,0
C03902,22683.12,14035.52,24752.51,14359.76,71,158.5,5497.08,0,1,45,0.4888,0.3795,0.0989,0,1,0,0,0
C03903,40556.08,31979.01,42301.48,36961.68,62,468.05,8960.37,2,2,13,0.2002,0.2823,0.1732,0,2,0,0,0
C03904,21724.92,10058.73,20786.94,12742.13,66,171.13,55513.09,1,1,53,0.5587,0.1251,0.0927,0,1,0,0,0
C03905,135301.49,95610.28,142753.77,112172.42,69,1346.8,274533.85,1,1,3,0.2313,0.1572,0.1717,0,0,0,0,0
C03906,21954.42,12685.37,23376.38,13334.18,70,135.93,62321.43,0,1,59,0.2179,0.4198,0.1667,0,0,0,0,0
C03907,28082.16,12063.9,31895.96,11365.36,77,122.93,40613.78,0,2,18,0.2632,0.1274,0.2496,0,0,0,0,0
C03908,28173.79,18019.7,27413.66,20364.3,73,276.51,19829.45,0,1,48,0.3161,0.1034,0.111,0,0,0,0,0
C03909,22946.5,16213.81,26500.06,20264.89,61,353.73,53312.12,0,1,23,0.1472,0.3623,0.1711,0,1,0,0,0
C03910,82709.11,50116.77,76019.83,58657.9,73,605.66,158678.46,1,3,22,0.5556,0.1005,0.1422,0,0,0,1,0
C03911,133855.93,97292.48,132463.12,104582.38,72,1344.15,158583.72,2,1,25,0.0583,0.1657,0.0975,0,0,0,0,0
C03912,36327.51,18695.62,45550.31,18533.31,74,231.92,63090.39,0,1,12,0.0992,0.1743,0.1901,0,0,0,0,0
C03913,24840.42,18908.42,23030.41,20637.04,67,240.2,49920.81,3,1,32,0.1795,0.3447,0.1804,0,2,0,0,0
C03914,16445.4,10553.74,15967.63,12543.64,58,274.38,14477.84,2,0,40,0.4981,0.1178,0.0882,0,0,0,0,0
C03915,40318.63,28683.55,36271.71,30917.34,65,616.55,105693.5,0,1,31,0.1935,0.1446,0.234,0,1,0,0,0
C03916,39028.73,18454.47,37105.71,19148.14,77,190.96,86040.9,1,1,46,0.1737,0.1652,0.1394,0,1,0,0,0
C03917,33568.2,18487.95,35803.96,17887.66,66,234.14,14016.02,0,1,25,0.085,0.323,0.1334,0,0,0,0,0
C03918,49713.74,37749.03,56414.41,51366.28,59,615.51,92055.55,3,1,27,0.0634,0.1783,0.1925,0,2,0,0,0
C03919,53757.89,20046.48,56325.55,18905.6,66,336.19,58619.72,1,0,38,0.3299,0.3973,0.2187,0,3,1,0,0
C03920,52041.94,27675.48,52616.34,25793.46,65,377.55,163041.48,1,0,25,0.3615,0.2354,0.1451,1,1,0,0,0
C03921,39032.96,27367.7,35163.51,29275.0,60,628.91,65847.13,0,1,52,0.1504,0.2684,0.0973,0,0,0,0,0
C03922,27410.68,18768.55,26389.48,19252.19,79,243.02,18475.17,1,1,16,0.1171,0.2316,0.2092,0,0,0,0,0
C03923,60720.87,44522.38,52491.71,52215.64,74,522.86,145565.41,1,0,6,0.5562,0.2406,0.0703,0,0,0,1,0
C03924,45254.12,30896.15,51516.71,36360.24,58,747.48,48506.83,2,0,37,0.0732,0.2588,0.087,1,0,0,0,0
C03925,67116.06,52094.91,76963.92,47108.62,59,934.35,225903.82,0,1,31,0.1275,0.1986,0.0563,0,1,0,0,0
C03926,64212.41,36871.84,67111.36,35372.35,73,397.72,20312.42,1,2,37,0.1451,0.2741,0.157,0,2,1,0,0
C03927,23733.07,14973.92,26176.97,14149.61,51,224.45,15025.8,1,2,4,0.1545,0.2371,0.1346,0,2,0,0,0
C03928,23600.37,17262.91,27261.92,19751.24,68,365.99,82047.27,2,0,58,0.4444,0.1758,0.066,0,0,0,0,0
C03929,32029.88,21324.24,34020.38,23486.54,86,354.29,106625.7,1,0,31,0.4417,0.4083,0.1059,1,0,0,0,0
C03930,27975.89,11076.37,34053.18,11136.41,71,177.21,11230.1,1,0,22,0.3084,0.1407,0.1688,0,0,0,0,0
C03931,63214.0,32564.59,58608.54,35038.46,67,419.71,91702.97,0,0,6,0.6402,0.1221,0.1177,0,0,0,1,0
C03932,52707.19,31553.99,53137.26,28867.13,82,288.2,174147.53,1,0,10,0.5857,0.1618,0.1854,0,0,0,1,0
C03933,73795.32,50890.94,73343.02,48900.78,80,672.24,80696.82,2,0,18,0.5073,0.2697,0.2143,0,1,0,0,0
C03934,53789.68,31983.63,60656.93,28593.29,56,383.66,163313.0,0,1,35,0.0946,0.2025,0.0857,0,0,0,0,0
C03935,49429.87,34595.82,43394.63,36929.61,77,393.06,94899.07,0,1,20,0.2753,0.4423,0.0876,0,2,0,0,0
C03936,77210.92,56126.49,94487.4,59887.15,81,521.38,221231.62,1,1,39,0.1754,0.4499,0.11,1,0,0,0,0
C03937,55592.03,26089.77,62119.25,24312.43,62,401.78,132850.04,0,0,26,0.3566,0.3329,0.1912,0,0,0,0,0
C03938,46400.39,29104.38,58466.13,32030.68,79,433.75,132454.93,2,4,52,0.2011,0.3342,0.1282,0,0,0,0,0
C03939,87607.48,52625.78,91561.33,61932.85,76,1044.21,117084.94,0,0,60,0.2113,0.4009,0.0946,0,0,0,0,0
C03940,47393.92,21435.93,46633.8,19857.0,64,235.01,163471.14,0,2,52,0.1844,0.1352,0.1328,0,0,0,0,0
C03941,39240.49,22384.55,44296.74,22627.23,64,441.88,59067.83,2,1,46,0.3766,0.4432,0.0723,0,0,0,0,0
C03942,30865.59,18422.31,36225.95,20478.87,67,269.91,10061.46,1,2,54,0.3626,0.3326,0.0474,0,0,0,0,0
C03943,61745.68,44321.23,59539.47,46503.42,68,840.38,168838.07,2,0,52,0.4018,0.3201,0.0955,0,2,0,0,0
C03944,78518.58,43769.8,63622.69,38751.84,78,549.84,72100.4,0,1,13,0.1656,0.3675,0.0437,0,0,0,0,0
C03945,43987.18,16997.18,36546.66,16947.98,68,223.83,22254.54,0,1,55,0.5905,0.1511,0.1016,1,0,0,0,0
C03946,81062.83,46147.71,87658.6,45830.32,60,940.01,199482.94,0,0,42,0.5282,0.1406,0.1015,0,0,0,0,0
C03947,18544.18,13483.06,22898.77,13881.48,68,215.91,51424.02,0,0,19,0.2313,0.3688,0.2285,0,0,0,0,0
C03948,43890.96,26644.67,39234.1,27568.17,62,485.69,100491.33,2,0,55,0.4553,0.1456,0.2391,1,0,0,0,0
C03949,44195.36,21809.94,44960.65,26998.98,56,595.41,44612.92,0,0,7,0.6423,0.3517,0.0601,0,0,0,0,0
C03950,32443.98,24801.38,32709.57,25420.9,87,284.19,28943.68,0,0,11,0.2882,0.3987,0.1263,0,1,0,0,0
C03951,131551.7,55257.39,168447.2,46627.85,68,526.32,162260.66,3,2,17,0.3273,0.1921,0.094,0,0,0,0,0
C03952,43679.37,21712.79,57702.34,23035.88,68,253.56,107907.96,0,0,16,0.0607,0.3087,0.0833,0,0,0,0,0
C03953,37456.63,20477.94,41237.29,25796.67,66,349.4,14817.26,2,0,57,0.5816,0.2665,0.0846,0,0,0,0,0
C03954,45528.82,31054.75,52711.44,31984.72,70,554.94,138485.38,0,0,24,0.3987,0.3737,0.2382,0,1,0,0,0
C03955,18272.48,13267.4,21094.19,13233.29,62,271.07,61720.74,2,0,45,0.5666,0.3201,0.1694,0,0,0,0,0
C03956,31967.57,12031.07,28654.5,12192.1,69,183.45,99752.67,2,2,7,0.2005,0.3714,0.2222,0,0,0,0,0
C03957,70043.78,49480.06,79417.23,55422.48,68,849.46,111891.25,2,1,37,0.1135,0.36,0.108,0,2,0,0,0
C03958,33907.53,22861.74,31454.23,23156.08,70,280.63,65767.54,1,3,20,0.5185,0.3224,0.0858,0,0,0,1,0
C03959,30990.13,23322.97,31901.72,20247.3,64,389.06,58771.69,1,2,59,0.156,0.2253,0.1905,0,1,1,0,0
C03960,81121.58,61262.96,96272.53,59387.51,76,730.13,176081.16,0,1,58,0.6252,0.2925,0.0887,0,0,0,0,0
C03961,82251.12,57566.45,87162.5,59997.88,66,899.43,248474.29,0,0,28,0.3459,0.401,0.103,0,0,0,0,0
C03962,56787.04,24735.94,67139.3,27562.64,85,413.77,173553.52,0,0,45,0.1324,0.3952,0.232,1,2,0,0,1
C03963,36666.36,18012.06,44216.39,17653.2,62,335.41,44952.34,0,0,49,0.6427,0.2921,0.2183,1,1,0,0,0
C03964,40402.86,31164.5,33904.78,31614.96,69,530.73,22875.93,1,1,9,0.0637,0.1361,0.0591,0,1,0,0,0
C03965,31336.86,19403.09,24714.64,20477.85,72,276.1,63749.35,2,1,33,0.2213,0.1244,0.1087,0,0,0,0,0
C03966,28760.84,17039.14,34209.61,16301.5,72,178.11,9411.83,0,0,52,0.6002,0.1918,0.1229,0,0,0,0,0
C03967,28125.46,21433.55,33589.92,22269.25,65,311.52,68508.92,0,0,51,0.3683,0.4417,0.1687,0,1,0,0,0
C03968,34074.12,25330.33,36827.01,28017.01,79,340.38,86980.93,1,2,35,0.5974,0.1055,0.033,0,1,0,1,0
C03969,28248.43,19134.73,30990.39,17367.08,68,300.99,68235.14,0,0,52,0.5642,0.4047,0.1062,1,0,0,0,0
C03970,22264.54,16631.91,25763.76,18075.14,66,318.11,23446.27,1,0,8,0.6484,0.4403,0.0376,0,0,0,1,0
C03971,49669.63,19928.73,57364.9,18317.76,76,301.79,131634.04,3,0,9,0.3559,0.1626,0.1674,0,0,0,0,0
C03972,50010.38,34551.91,50685.41,31841.83,53,446.46,58320.1,0,0,53,0.2928,0.22,0.203,1,1,0,0,0
C03973,96739.25,75895.63,112672.4,73654.01,61,1164.99,154833.16,1,1,27,0.2243,0.4263,0.1536,0,3,0,0,0
C03974,33311.75,12393.29,33592.34,15043.6,70,257.51,83516.53,1,0,31,0.1071,0.1499,0.1324,0,0,0,0,0
C03975,51413.86,23155.29,55487.18,19547.2,71,269.95,62936.6,0,1,23,0.5188,0.3827,0.0953,0,0,0,0,0
C03976,51799.64,36637.15,55632.95,36429.28,66,463.07,162003.66,0,0,60,0.6239,0.3214,0.1506,0,0,0,0,0
C03977,40142.5,23444.07,38009.62,24541.86,85,340.32,51218.68,1,0,40,0.3829,0.4017,0.1314,0,1,0,0,0
C03978,62904.18,24468.36,60440.95,29118.85,68,312.74,191110.16,1,1,36,0.4058,0.2256,0.1686,1,2,0,0,0
C03979,63784.85,30015.94,84074.36,38533.06,54,654.46,210662.15,0,0,26,0.3262,0.1391,0.0754,0,0,0,0,0
C03980,52143.39,25854.09,49169.85,25837.47,74,388.22,74873.73,1,1,5,0.4041,0.3139,0.1172,0,1,0,1,0
C03981,40109.96,19833.5,43896.14,22108.86,64,275.04,14841.61,0,0,47,0.1098,0.3549,0.1431,0,0,0,0,0
C03982,38312.41,28540.94,42893.65,29644.15,70,509.59,39759.46,2,0,6,0.0768,0.1492,0.2035,0,0,0,0,0
C03983,24316.94,15755.34,25374.58,16352.21,62,247.49,66671.65,1,1,25,0.1119,0.1834,0.2496,0,0,0,0,0
C03984,31311.94,21314.44,35400.62,23079.11,66,324.72,16100.49,0,2,24,0.0849,0.2551,0.1147,0,2,0,0,0
C03985,34013.55,12112.45,37057.02,10413.61,71,186.19,105068.67,0,0,24,0.1709,0.2968,0.1709,0,1,0,0,0
C03986,27136.38,14718.24,25659.34,15369.58,56,216.29,59028.41,0,0,9,0.4694,0.2381,0.0879,1,1,0,0,0
C03987,54851.43,27042.81,61127.43,29857.73,72,398.86,155235.72,1,0,18,0.5727,0.3075,0.1707,0,0,0,0,0
C03988,77103.22,56544.91,75918.55,53538.31,76,709.19,208569.41,0,0,23,0.1817,0.298,0.053,0,0,0,0,0
C03989,29905.26,23303.42,37647.14,25747.69,71,274.92,80293.89,0,1,30,0.0636,0.1264,0.0783,0,0,1,0,0
C03990,51121.81,27631.51,56310.42,23281.91,74,279.82,14347.32,2,1,35,0.6299,0.2067,0.1292,0,0,0,1,0
C03991,28256.19,22262.41,27294.96,23625.49,70,344.08,74553.18,0,1,39,0.1482,0.2359,0.0904,1,0,0,0,0
C03992,39230.23,13984.07,42803.11,16935.57,63,336.91,95579.49,0,0,44,0.5182,0.2919,0.0643,0,0,0,0,0
C03993,32983.72,16378.85,30972.29,16768.16,81,203.28,72092.37,2,0,39,0.6035,0.3923,0.1902,0,0,0,0,0
C03994,58998.71,41223.52,63773.68,38445.83,56,710.69,178651.45,0,2,27,0.4956,0.3768,0.1496,0,0,0,0,0
C03995,33155.47,16977.09,33915.27,14922.58,90,183.24,64508.93,1,0,30,0.1037,0.3818,0.23,0,0,0,0,0
C03996,70945.34,54232.96,67453.09,59486.12,83,564.36,147732.82,0,2,57,0.5618,0.3049,0.0218,1,1,0,0,0
C03997,40289.39,18062.1,38245.39,20976.64,67,246.8,76899.55,0,1,53,0.4286,0.3019,0.0643,0,2,0,0,0
C03998,33593.78,23786.07,45089.3,24815.27,65,376.81,89247.84,2,0,52,0.2658,0.3854,0.1458,1,4,0,0,0
C03999,25602.12,11284.54,27163.01,11220.87,60,200.95,83743.26,1,2,16,0.3935,0.1691,0.1188,0,0,0,0,0
C04000,50430.92,22123.9,50339.71,18103.79,86,187.45,109801.28,2,1,18,0.5728,0.1528,0.2492,1,0,0,0,0
C04001,67323.6,37067.51,65802.74,39472.58,87,339.73,91989.88,0,0,21,0.4522,0.1329,0.1517,0,0,0,0,0
C04002,50889.52,39450.74,56311.29,38160.23,72,611.23,96090.9,2,1,23,0.5144,0.4367,0.041,0,1,0,0,0
C04003,123240.38,75602.39,119959.78,73650.94,74,1114.36,409269.23,1,0,30,0.567,0.4031,0.1209,0,0,0,0,0
C04004,85632.67,54442.24,78666.09,67724.5,64,1317.45,68958.64,2,0,56,0.1924,0.327,0.0603,0,1,0,0,0
C04005,39184.25,13886.1,40991.05,11578.33,68,200.07,125033.03,1,0,29,0.4911,0.159,0.0662,0,0,1,0,0
C04006,38999.55,14643.43,40762.48,12445.0,68,209.44,114836.67,0,1,28,0.4859,0.1028,0.0898,0,0,0,0,0
C04007,55591.26,21131.37,55588.8,22774.52,75,307.83,78723.45,1,1,38,0.5267,0.3238,0.198,0,1,0,0,0
C04008,30862.87,22185.43,29105.07,22268.91,80,351.5,95559.57,0,0,35,0.2601,0.3488,0.1499,0,1,0,0,0
C04009,76057.7,34726.69,76292.21,34301.07,80,477.18,203216.04,2,0,15,0.5587,0.3486,0.1687,0,0,0,0,0
C04010,52951.83,26368.81,52615.25,28549.98,84,260.68,176318.02,0,0,49,0.1255,0.2946,0.1031,0,2,0,0,0
C04011,50504.83,31539.19,49343.03,34084.69,73,544.67,94855.43,2,0,16,0.5117,0.1117,0.1848,0,0,0,0,0
C04012,61300.72,37563.82,66399.72,35053.19,70,418.13,157249.76,3,1,6,0.1408,0.2586,0.1979,0,1,0,0,0
C04013,97703.36,52245.73,128689.72,51148.37,76,797.2,133439.81,1,1,40,0.111,0.1602,0.1177,0,0,0,0,0
C04014,48598.49,17103.51,58795.02,18060.4,75,311.63,71097.73,2,1,24,0.5368,0.2134,0.0551,0,2,0,0,0
C04015,42768.18,23621.77,54872.87,25276.45,85,231.38,33985.18,3,0,58,0.2899,0.4233,0.2285,0,0,0,0,0
C04016,88728.96,60557.26,87120.93,67096.87,61,823.05,186240.18,1,0,54,0.4391,0.2334,0.1433,0,1,0,0,0
C04017,69550.99,31705.35,87005.69,31071.89,86,422.16,14778.85,2,1,45,0.419,0.42,0.0973,0,1,0,0,0
C04018,38947.77,26046.75,41957.39,28433.83,71,472.19,125860.53,1,1,30,0.4104,0.1983,0.1354,0,0,0,0,0
C04019,45105.15,16094.36,52699.21,18734.51,44,470.24,58362.72,1,0,44,0.3317,0.1928,0.1843,0,1,0,0,0
C04020,49135.6,37274.44,54291.13,39347.76,62,621.52,110741.86,1,0,45,0.5056,0.3773,0.1949,0,1,0,0,0
C04021,52956.9,41174.92,53423.34,42725.59,69,752.19,180832.73,0,1,28,0.2263,0.2029,0.0417,0,0,0,0,0
C04022,24439.3,8580.83,27771.35,8767.33,82,117.35,38644.16,0,0,23,0.4757,0.1864,0.2269,0,1,0,0,0
C04023,22478.17,12498.27,24910.12,12197.23,70,212.32,9797.26,0,0,15,0.2445,0.334,0.2061,0,0,0,0,0
C04024,30184.75,16185.67,25289.32,15173.13,84,162.7,43424.37,0,1,9,0.1266,0.1747,0.2143,0,0,0,0,0
C04025,29152.19,21247.5,30175.58,21549.72,60,324.94,100151.7,1,0,41,0.1553,0.3907,0.1731,0,0,0,0,0
C04026,33681.26,19983.93,38891.37,22064.17,58,405.58,113198.5,0,0,56,0.2878,0.3431,0.1534,0,0,0,0,0
C04027,59876.39,37429.6,64863.53,35307.39,61,643.94,146788.85,0,2,48,0.2752,0.2154,0.0361,0,0,0,0,0
C04028,41705.97,18397.66,46140.84,19151.08,61,244.96,101901.83,1,2,60,0.5154,0.2642,0.1777,1,0,0,0,0
C04029,49158.02,18910.06,47183.3,19421.16,67,230.53,88215.07,0,1,19,0.2672,0.3248,0.1009,0,0,0,0,0
C04030,25938.44,17159.55,28032.84,21678.29,68,382.47,48400.1,0,0,60,0.5179,0.3478,0.1983,0,1,0,0,0
C04031,36558.86,23006.64,37964.14,26152.42,66,413.91,74040.06,0,0,7,0.0943,0.144,0.2113,0,2,0,0,0
C04032,58611.35,42466.74,60110.96,48190.73,83,486.21,88400.88,1,0,46,0.2048,0.1803,0.1674,0,0,0,0,0
C04033,58814.66,42941.03,56961.36,49829.0,59,760.11,170330.07,0,1,58,0.6397,0.4433,0.1664,0,2,0,0,0
C04034,32479.34,20590.79,37669.0,20271.98,65,371.3,103855.1,0,1,33,0.2461,0.1808,0.2238,0,3,0,0,0
C04035,48395.68,28662.95,52821.77,34831.54,77,374.15,147456.73,2,0,55,0.2948,0.1577,0.2243,0,1,0,0,0
C04036,121042.78,92150.32,130647.01,98517.96,78,1342.62,137157.24,2,4,22,0.312,0.2362,0.0549,0,0,0,1,0
C04037,44645.05,31723.38,57864.19,33139.52,61,546.05,38565.41,1,1,54,0.5422,0.3636,0.0757,0,0,0,0,0
C04038,32941.34,24610.19,36461.32,22253.33,68,416.67,112651.2,0,0,19,0.4759,0.1355,0.1109,0,1,0,0,0
C04039,41615.36,33214.4,49691.22,33274.4,74,520.38,29882.55,1,0,24,0.1385,0.22,0.231,0,2,0,0,0
C04040,46905.84,24934.09,50787.39,20896.95,85,277.79,67164.58,0,1,36,0.5682,0.1236,0.2132,0,1,0,0,0
C04041,42040.64,28277.4,42361.0,28849.11,74,449.02,15386.39,0,0,30,0.2457,0.164,0.0643,1,0,1,0,1
C04042,44369.53,29267.49,40948.79,28706.84,72,505.7,39614.41,3,0,24,0.5904,0.4383,0.0711,0,0,0,0,0
C04043,23502.61,10067.68,25358.54,10089.8,72,119.64,37839.43,0,2,16,0.57,0.282,0.065,0,1,0,1,0
C04044,29179.86,18571.43,21312.42,16411.3,81,146.03,11729.14,1,0,51,0.0973,0.4346,0.2078,1,0,0,0,0
C04045,42075.33,22831.77,45554.8,25901.1,71,318.82,88127.94,0,0,43,0.3257,0.3928,0.0943,0,1,0,0,0
C04046,41774.74,23092.49,45444.56,25889.08,65,496.8,67698.83,0,2,51,0.5431,0.4449,0.1993,0,2,0,0,0
C04047,34878.73,15034.9,35712.05,18835.32,59,357.37,56568.91,0,0,58,0.4981,0.1997,0.0357,0,0,0,0,0
C04048,41554.52,28470.36,43171.66,35570.19,74,381.43,112896.28,2,1,59,0.4121,0.2827,0.2328,0,1,0,0,0
C04049,46252.67,30715.17,41620.91,32826.67,61,486.39,69592.13,2,2,10,0.6252,0.2813,0.0632,0,1,0,1,0
C04050,67147.96,39585.77,81670.21,46426.53,63,781.6,28589.68,1,1,25,0.0971,0.2822,0.0594,0,2,0,0,0
C04051,43035.15,18097.3,43445.27,19569.63,75,208.16,105657.76,0,0,38,0.5569,0.1138,0.125,0,0,0,0,0
C04052,53853.04,32343.55,50263.68,32302.08,65,526.41,134668.94,0,1,15,0.5723,0.3131,0.2163,0,2,0,0,0
C04053,35266.81,13932.51,39335.17,14164.14,71,148.51,66852.39,0,0,31,0.2378,0.3467,0.1486,0,0,1,0,0
C04054,58212.82,29264.6,61897.15,32971.56,72,520.27,12697.55,0,1,11,0.061,0.4123,0.1171,0,1,0,0,0
C04055,53289.6,27580.62,53662.61,41370.93,83,438.77,177509.88,0,0,4,0.5847,0.3788,0.1161,0,1,0,0,0
C04056,66438.73,49665.7,66061.09,59103.42,61,926.68,79948.59,1,0,52,0.4149,0.2297,0.0945,0,1,1,0,0
C04057,62036.3,33313.68,65096.14,35964.41,79,322.5,75066.35,0,1,23,0.187,0.1959,0.0968,0,1,0,0,0
C04058,58650.35,36322.83,71054.78,40247.7,81,540.02,47508.49,1,1,47,0.6209,0.303,0.1727,0,1,0,1,0
C04059,43050.53,32014.55,47628.77,35439.61,75,525.25,99078.24,1,0,52,0.262,0.4285,0.1354,0,0,0,1,0
C04060,50243.7,27211.57,52548.43,28277.32,71,487.59,108753.4,0,2,26,0.2542,0.1289,0.2333,0,0,0,0,0
C04061,72620.08,54295.61,83679.55,61939.15,75,938.62,227445.82,0,0,18,0.4955,0.23,0.1085,0,0,0,0,0
C04062,33556.44,13805.38,35345.13,14238.1,73,215.69,75963.15,0,0,23,0.363,0.3102,0.0418,0,2,0,0,0
C04063,33915.73,17438.77,37245.79,16193.97,78,197.76,37180.93,1,0,60,0.5513,0.1448,0.0995,0,0,0,0,0
C04064,48828.13,19171.26,52155.05,21237.91,95,166.23,136227.11,3,0,35,0.4529,0.3573,0.1065,1,0,0,0,0
C04065,54246.49,32679.08,60798.04,36726.07,77,518.34,62727.22,0,3,49,0.1993,0.3635,0.1194,1,1,0,0,0
C04066,31056.7,24248.35,30954.3,25036.51,86,207.63,98053.74,1,0,59,0.0531,0.2991,0.1955,0,0,0,0,0
C04067,43511.24,28092.09,39737.9,30541.24,81,412.81,23958.24,1,0,18,0.4115,0.144,0.113,0,1,0,0,0
C04068,43136.22,27250.62,49987.19,31755.33,78,303.26,69033.23,1,0,47,0.5562,0.3933,0.1054,0,1,0,0,0
C04069,16606.37,7890.87,20435.66,8236.36,69,100.0,57019.66,1,0,11,0.3871,0.1233,0.1529,0,0,0,0,0
C04070,40765.87,31348.87,37462.78,31234.75,75,433.25,109814.17,0,1,4,0.5054,0.4462,0.1979,0,1,0,0,0
C04071,41924.46,23569.54,44922.69,22741.83,59,482.63,56041.82,2,1,15,0.1617,0.2869,0.1933,0,0,0,0,0
C04072,41868.37,19684.45,41706.57,20069.2,59,385.72,111341.3,0,0,54,0.3713,0.276,0.1857,0,1,0,0,0
C04073,85099.73,67608.76,98375.76,83441.85,87,1074.45,21264.66,1,2,49,0.5535,0.2194,0.2132,0,0,0,0,0
C04074,26037.9,14071.03,28110.45,14439.65,65,261.41,6738.55,1,1,52,0.4817,0.2916,0.067,0,1,0,0,0
C04075,31049.49,16058.0,44999.92,17553.55,78,219.73,47699.51,0,0,17,0.2006,0.407,0.061,0,0,0,0,0
C04076,13890.07,5080.05,14082.14,5136.25,61,100.0,46707.88,1,0,8,0.1629,0.2367,0.0983,0,1,0,0,0
C04077,36243.14,15592.98,44741.25,15605.03,75,205.35,75058.87,1,1,21,0.4221,0.2301,0.2254,0,0,0,0,0
C04078,37660.92,26895.02,46931.37,25401.91,66,488.73,20074.81,0,0,44,0.0787,0.4112,0.0417,0,0,0,0,0
C04079,35772.26,20290.48,39851.43,21549.16,71,342.18,75341.17,0,0,10,0.1034,0.1965,0.0429,0,0,0,0,0
C04080,74077.9,57758.07,78111.45,57062.06,80,628.49,235379.97,0,0,10,0.3762,0.228,0.169,0,1,0,0,0
C04081,66283.46,25701.32,70351.97,30914.57,79,359.67,138862.94,1,0,43,0.071,0.1234,0.1758,0,0,0,0,0
C04082,46604.54,29229.18,48991.84,30313.58,61,538.51,52864.61,2,1,9,0.0715,0.1718,0.1635,0,1,0,0,0
C04083,38087.52,25670.72,45171.64,26817.07,69,382.82,129933.61,2,2,30,0.1208,0.1708,0.0883,0,0,0,0,0
C04084,71410.71,44955.36,67503.38,46231.11,68,539.44,236062.58,2,2,4,0.1503,0.3872,0.1827,0,3,0,1,0
C04085,44601.68,26245.63,45970.14,28726.57,68,456.27,78296.72,0,1,45,0.2961,0.4417,0.2199,0,0,0,0,0
C04086,31138.37,19001.7,31640.88,23351.37,61,410.07,92281.04,1,0,8,0.4457,0.1333,0.1497,0,0,0,0,0
C04087,20787.47,13725.91,17520.86,12699.58,59,152.83,25214.49,0,0,22,0.0667,0.2071,0.0457,0,1,0,0,0
C04088,36894.81,27245.66,42542.29,29516.24,63,435.3,34239.03,0,2,34,0.1869,0.1494,0.1851,0,1,0,0,0
C04089,63196.7,31683.99,74417.3,27303.56,67,464.38,106818.15,2,0,54,0.4659,0.353,0.1729,0,1,0,0,0
C04090,125349.38,69800.09,122076.99,83535.7,86,785.29,393175.29,1,0,40,0.3247,0.257,0.0912,0,2,0,0,0
C04091,46265.07,29431.95,54297.42,30521.63,66,560.19,126124.1,1,1,28,0.0525,0.2346,0.0969,0,0,0,0,0
C04092,31888.73,15670.03,27423.06,13642.49,73,194.46,111170.91,1,0,28,0.2449,0.3815,0.2474,0,2,0,0,0
C04093,26401.69,11364.67,27797.67,10193.05,58,165.93,73938.83,1,3,37,0.5798,0.3215,0.1117,0,1,0,1,0
C04094,57687.6,45271.84,59697.95,51956.99,74,907.23,161153.35,1,1,9,0.0797,0.2736,0.0449,0,0,0,0,0
C04095,20339.92,8901.32,21571.09,7568.29,74,110.73,60857.38,0,2,30,0.337,0.1435,0.0839,0,0,0,0,0
C04096,57645.82,26213.28,61099.12,28399.33,61,584.5,19918.37,0,1,44,0.0542,0.2298,0.1159,0,0,1,0,0
C04097,65015.96,40856.6,67665.68,40798.35,77,688.52,166105.63,0,0,5,0.3281,0.1122,0.1427,0,0,0,0,0
C04098,54761.55,21073.11,54951.42,21634.26,56,376.85,25115.32,0,0,47,0.2344,0.1934,0.1243,0,2,0,0,0
C04099,40764.63,14892.19,42271.1,14432.6,80,165.44,75253.2,0,0,10,0.2079,0.4205,0.201,0,3,0,0,0
C04100,58025.69,21980.49,70419.19,20566.22,67,374.77,103108.42,1,0,15,0.4063,0.2054,0.2156,1,0,0,0,0
C04101,48598.12,19705.01,47653.06,19537.67,68,202.9,130596.36,0,2,26,0.1743,0.3165,0.1876,0,1,0,0,0
C04102,31706.03,17220.77,41872.27,19263.78,74,254.46,104722.45,0,0,17,0.6039,0.3714,0.1075,0,1,1,0,0
C04103,103476.86,74831.08,100763.73,75945.31,68,1213.37,79533.09,0,3,4,0.4604,0.2185,0.0847,1,0,0,1,0
C04104,38413.42,19356.03,41440.67,21302.24,59,428.3,125886.58,2,1,45,0.2199,0.151,0.2268,0,1,0,0,0
C04105,63799.86,34604.35,71363.0,35328.66,74,530.44,162192.86,1,0,60,0.3737,0.1714,0.1396,0,0,0,0,0
C04106,15154.33,9397.39,15381.48,10556.56,69,108.94,33651.68,0,0,11,0.3195,0.2922,0.074,1,0,0,0,0
C04107,79923.86,38840.2,97178.11,42716.18,56,842.86,210957.04,0,0,44,0.0729,0.1208,0.0377,0,0,1,0,0
C04108,87147.86,47464.39,97206.93,46757.81,77,662.95,80419.32,1,0,9,0.1412,0.1417,0.0786,0,1,0,0,0
C04109,45608.21,23891.42,46767.19,22351.82,70,225.29,18412.75,0,0,44,0.4424,0.4368,0.2306,1,0,0,0,0
C04110,57864.81,29155.05,70279.81,33956.25,60,497.71,52499.22,0,1,47,0.2286,0.2966,0.2271,0,1,0,0,0
C04111,57858.15,30362.62,53700.52,28917.16,73,388.95,79004.01,0,0,6,0.3187,0.184,0.2001,0,1,0,0,0
C04112,33697.04,11962.55,33095.27,13279.55,70,204.81,54462.13,1,1,56,0.2282,0.1946,0.1649,0,1,0,0,0
C04113,57562.28,43103.63,64326.34,45419.64,69,729.52,34413.33,0,0,46,0.1884,0.4486,0.1281,1,1,0,0,0
C04114,31273.74,24700.19,35845.21,24562.67,64,393.83,84283.99,0,2,28,0.059,0.2844,0.2399,0,0,0,0,0
C04115,34216.98,25256.35,37252.52,27820.78,83,434.36,69158.17,0,0,23,0.467,0.1413,0.1286,0,1,0,0,0
C04116,74722.92,26346.11,77318.57,31988.01,67,530.69,177956.89,1,0,51,0.6008,0.1725,0.2089,0,0,0,0,0
C04117,69773.79,47997.29,71157.18,53999.89,76,567.82,33567.96,1,0,40,0.1916,0.3666,0.1204,1,0,0,0,0
C04118,32746.42,19906.38,38829.66,21210.55,75,321.58,60621.57,1,1,17,0.1621,0.335,0.2381,0,3,0,0,0
C04119,32348.03,12692.68,34898.59,15797.02,61,214.64,99843.67,0,0,33,0.6039,0.2643,0.1242,0,0,0,0,0
C04120,33654.41,25906.71,31814.57,21997.08,80,220.21,102282.23,1,0,55,0.5,0.2096,0.025,0,1,0,0,0
C04121,62574.03,43757.87,58720.2,40105.64,60,720.81,157308.85,0,1,25,0.2101,0.3532,0.1171,0,0,0,0,0
C04122,28693.46,11918.79,35339.31,11850.44,74,161.54,63113.74,1,0,54,0.5281,0.1829,0.189,0,2,0,0,0
C04123,52835.49,41413.44,50920.13,50537.6,61,1050.47,171765.65,1,1,59,0.1389,0.2295,0.1102,0,3,0,0,0
C04124,62975.36,25617.71,68185.17,29797.0,67,466.89,34851.54,2,0,8,0.1845,0.4137,0.1425,0,2,0,0,0
C04125,43248.05,23985.62,52421.34,20244.96,77,266.36,14442.79,0,0,49,0.5378,0.2009,0.0727,0,0,0,0,0
C04126,70894.38,29884.75,79050.98,29814.07,63,369.98,184284.01,1,0,7,0.1883,0.2747,0.066,1,0,0,0,0
C04127,39241.03,16386.5,37635.4,14602.68,68,261.33,53671.34,0,0,27,0.0721,0.1584,0.1986,0,0,0,0,0
C04128,40871.27,32104.9,37933.31,33554.31,74,403.65,26096.82,1,1,3,0.0592,0.1041,0.2087,0,2,0,0,0
C04129,28988.57,17609.26,36942.65,20395.4,63,307.57,95388.97,1,1,54,0.2178,0.2461,0.0607,0,0,0,0,0
C04130,71121.69,33187.42,65791.84,38732.32,74,524.29,18948.89,2,1,6,0.4232,0.1544,0.1585,0,0,0,0,0
C04131,31872.01,22290.64,31349.56,24122.06,56,548.73,89430.66,2,1,24,0.6276,0.3738,0.1279,0,0,0,0,0
C04132,52670.73,39179.64,57658.67,39140.37,65,514.93,80559.5,0,1,21,0.5275,0.1395,0.0281,0,1,0,0,0
C04133,43578.78,33247.2,44613.1,34528.94,78,491.76,63405.92,3,0,11,0.54,0.4146,0.0505,0,1,0,0,0
C04134,28019.76,21570.83,31350.1,24418.04,76,360.92,43756.41,1,1,14,0.3952,0.3389,0.0935,1,1,0,0,0
C04135,34211.64,25915.73,29896.44,34511.36,66,373.86,46311.92,0,0,13,0.15,0.1201,0.1557,0,1,0,0,0
C04136,83843.75,53452.03,85919.06,48523.12,71,639.3,46718.11,1,0,28,0.3876,0.2054,0.184,0,2,1,0,0
C04137,49274.58,24839.81,55745.45,30817.81,71,314.46,125234.02,1,2,31,0.168,0.177,0.1302,0,0,0,0,0
C04138,28575.36,21903.17,32339.56,23639.8,78,238.53,54475.3,1,0,29,0.446,0.4485,0.0255,0,1,0,0,0
C04139,51627.8,20915.63,50662.65,24020.15,65,275.88,77974.48,2,1,16,0.3938,0.2322,0.1738,0,2,1,0,0
C04140,42136.37,17948.4,39077.05,19244.64,79,207.48,82577.55,1,0,25,0.3063,0.1363,0.2388,1,0,0,0,0
C04141,212934.24,116096.51,229041.77,141463.98,69,2288.27,379379.98,0,0,20,0.4465,0.3728,0.1325,0,0,0,0,0
C04142,51160.52,24436.78,45661.0,26625.39,72,291.74,51702.51,2,0,35,0.4892,0.1918,0.1785,0,0,0,0,0
C04143,37916.31,23776.55,45655.5,23114.34,68,318.5,27015.04,2,1,30,0.0722,0.1784,0.0962,0,1,0,0,0
C04144,85257.41,64572.76,91130.71,71289.21,66,1127.37,242056.68,0,2,14,0.6181,0.1402,0.1603,1,0,0,0,0
C04145,19652.34,11220.78,18991.68,13299.01,68,160.89,50274.85,2,2,7,0.1833,0.3963,0.2006,0,1,0,0,0
C04146,46951.1,28135.06,43357.45,29542.53,62,407.44,39194.07,0,1,32,0.2164,0.2398,0.1187,0,1,0,0,0
C04147,110404.99,59663.98,107538.12,47797.43,75,658.61,66531.34,0,2,34,0.501,0.4445,0.1854,0,1,0,0,0
C04148,42707.43,28545.9,36838.07,29579.49,66,501.88,86034.1,2,2,47,0.3043,0.2101,0.1806,0,2,0,0,0
C04149,20628.57,8154.68,22884.79,8658.36,69,123.66,48542.09,1,1,26,0.4614,0.1393,0.1263,0,0,0,0,0
C04150,37656.27,14003.06,35911.22,14627.72,63,213.12,80276.63,1,0,8,0.4503,0.1904,0.2268,1,1,0,0,0
C04151,86590.98,55297.2,95073.48,54774.23,64,1035.44,95680.42,0,1,23,0.4101,0.1535,0.0208,0,1,0,0,0
C04152,53297.73,31482.72,59400.62,38055.12,82,556.89,139384.37,0,0,29,0.4163,0.2144,0.2041,0,0,0,0,0
C04153,30851.25,16453.31,35970.08,12590.8,64,169.76,27732.94,0,0,13,0.0515,0.3693,0.1909,1,0,0,0,0
C04154,33059.31,16539.46,35711.38,17552.96,75,264.44,62526.81,1,0,57,0.6304,0.3866,0.0523,0,1,0,0,0
C04155,34980.73,13058.77,41453.15,13880.93,68,219.26,28948.09,0,1,57,0.1477,0.3385,0.0967,0,1,0,0,0
C04156,52942.24,34743.36,64395.41,45214.4,64,524.37,71776.67,0,2,44,0.3431,0.3761,0.0925,0,0,0,0,0
C04157,82174.97,44346.58,88829.98,46487.09,56,612.5,151707.72,1,0,6,0.4478,0.2566,0.2363,0,0,0,0,0
C04158,72258.71,39769.07,78633.6,43884.19,73,420.91,150954.01,2,0,5,0.1279,0.171,0.1566,0,1,0,0,0
C04159,55249.98,41550.76,54316.43,44251.62,77,452.67,30779.58,0,0,48,0.3365,0.2196,0.0296,0,0,0,0,0
C04160,24715.3,16853.28,23021.93,17886.91,64,215.51,34038.74,0,3,31,0.0553,0.3183,0.214,0,0,0,0,0
C04161,24756.62,11109.52,29803.23,14015.27,72,148.19,48879.92,1,0,47,0.1008,0.4238,0.1676,0,0,1,0,0
C04162,57204.12,36938.13,64222.45,33857.54,77,414.24,162017.38,0,0,59,0.2951,0.1693,0.0343,0,0,0,0,0
C04163,24562.0,10058.5,27814.49,9756.1,71,155.71,25861.89,1,1,47,0.5685,0.3302,0.174,0,0,0,0,0
C04164,40656.44,17780.23,39807.33,20278.36,59,335.01,114169.61,0,0,22,0.5263,0.4301,0.0817,0,0,0,0,0
C04165,51600.44,34642.84,64235.87,37442.7,79,488.68,174585.8,0,0,24,0.1292,0.1643,0.167,0,0,0,0,0
C04166,26970.54,10967.59,27579.17,11143.21,78,128.81,62993.14,1,0,17,0.5144,0.1181,0.1897,0,2,1,0,0
C04167,28381.7,13512.16,27069.87,14073.37,61,252.54,74836.04,1,2,49,0.0503,0.2488,0.1799,0,0,0,0,0
C04168,43133.85,32528.4,42321.17,37722.25,75,452.11,122762.03,2,1,26,0.1123,0.1274,0.2462,0,1,0,0,0
C04169,56447.17,38510.63,69912.24,42677.89,67,564.4,172662.88,1,2,37,0.5048,0.2978,0.169,0,0,0,0,0
C04170,72555.08,55740.93,66509.37,53759.03,75,908.13,37903.8,0,1,30,0.5817,0.3098,0.0311,0,0,0,0,0
C04171,59135.8,44164.1,56762.4,47632.44,75,611.92,73407.62,0,1,13,0.3014,0.4092,0.0714,0,2,0,0,0
C04172,46516.54,22823.84,65021.8,23828.63,83,277.93,87026.5,4,0,36,0.1737,0.1651,0.0414,0,1,0,0,0
C04173,32164.87,20410.86,37405.32,22583.6,57,294.61,41987.36,0,0,36,0.1465,0.3862,0.198,0,0,0,0,0
C04174,27792.17,14463.41,26736.99,14629.31,74,247.67,25807.29,1,1,29,0.2209,0.1916,0.1712,0,0,0,0,0
C04175,35757.78,23732.33,32905.25,21477.83,77,256.93,115070.52,0,2,27,0.2065,0.372,0.1062,0,2,0,0,0
C04176,54116.2,27426.39,45959.6,31010.6,63,545.45,148291.74,1,2,44,0.6386,0.2161,0.0303,0,2,0,1,0
C04177,52360.01,18357.04,55588.2,20483.42,62,364.3,49051.22,1,0,39,0.3651,0.4472,0.1342,0,1,0,0,0
C04178,17491.35,6861.37,19894.01,8369.75,63,163.61,17412.44,0,1,29,0.2773,0.3417,0.2241,0,0,0,0,0
C04179,31598.44,22022.71,38937.36,19645.41,61,395.25,72268.06,1,1,40,0.5019,0.4433,0.1236,0,0,0,0,0
C04180,77377.1,30007.02,63659.84,31253.94,61,405.92,134571.34,2,0,12,0.5155,0.388,0.2275,0,2,0,0,0
C04181,46633.04,28900.37,41547.9,29546.35,56,403.79,56684.21,0,0,37,0.1545,0.3428,0.2219,0,0,0,0,0
C04182,23783.89,17504.95,24631.88,17547.91,68,318.31,70288.69,2,0,36,0.3005,0.3985,0.2349,1,1,1,0,1
C04183,129902.22,88787.59,179852.28,76808.16,51,1301.73,426254.67,1,1,41,0.2823,0.2931,0.082,0,0,0,0,0
C04184,44417.73,23810.01,51360.59,21953.92,79,334.0,62019.48,1,0,23,0.1239,0.1996,0.0907,0,1,0,0,0
C04185,53496.31,23745.51,58564.34,25703.63,54,449.56,124713.28,1,1,14,0.128,0.3198,0.1712,0,2,0,0,0
C04186,53863.26,41213.04,48639.02,40802.14,82,452.38,70383.16,0,0,32,0.6285,0.1438,0.1582,0,1,0,0,0
C04187,38139.27,23069.68,30343.67,21935.36,68,260.25,127787.82,0,2,39,0.1473,0.2291,0.1767,0,0,0,0,0
C04188,32435.53,17269.94,34208.52,21097.78,74,365.96,49813.29,2,3,48,0.4309,0.4044,0.1806,0,0,0,1,0
C04189,116911.38,90480.75,121362.86,120777.92,69,1292.49,103421.54,0,0,44,0.4485,0.307,0.1256,0,2,0,0,0
C04190,70675.93,31575.04,71938.43,32939.98,72,463.97,107137.55,1,0,5,0.3284,0.3915,0.1526,0,0,0,0,0
C04191,65139.7,35763.45,65422.93,31104.85,72,488.73,81466.72,0,2,53,0.2227,0.419,0.1072,0,1,0,0,0
C04192,58322.77,23264.4,56001.38,25534.28,66,367.84,109671.46,0,1,15,0.5823,0.1351,0.1286,0,2,0,0,0
C04193,28650.46,11637.71,26721.8,9307.32,68,120.08,14552.52,1,1,55,0.2538,0.2416,0.0667,0,1,0,0,0
C04194,79961.96,42329.33,97293.0,37587.59,73,409.02,179083.91,0,1,16,0.1569,0.2137,0.0619,0,1,0,0,0
C04195,30791.93,20471.93,29055.78,22511.71,51,360.64,84793.47,0,1,60,0.5244,0.339,0.0834,0,0,0,0,0
C04196,51118.25,25687.04,51980.22,22706.1,65,442.57,54599.35,0,0,4,0.4311,0.2186,0.1238,0,0,1,0,0
C04197,21519.02,14209.42,22494.06,14415.11,67,203.9,22101.37,0,2,33,0.1619,0.2983,0.0709,0,1,0,0,0
C04198,17962.32,12795.2,20382.8,11156.96,69,116.36,23402.91,1,0,58,0.4917,0.383,0.1059,0,0,0,0,0
C04199,51929.84,38683.06,49218.08,40878.37,75,509.44,98337.57,0,0,46,0.1543,0.2974,0.0669,0,0,0,0,0
C04200,31267.14,11572.71,36500.27,13711.22,77,189.91,16882.71,0,1,8,0.2837,0.2583,0.0805,0,1,0,0,0
C04201,18385.04,12836.05,18025.43,12533.87,76,176.62,37201.08,1,0,55,0.6271,0.1637,0.1577,1,1,0,0,0
C04202,57393.83,23888.11,59148.49,25026.86,62,305.37,136583.73,0,1,13,0.1139,0.3412,0.0709,1,0,0,0,0
C04203,116827.54,77598.96,145704.02,73881.85,66,959.01,400825.31,2,1,59,0.5178,0.195,0.1007,0,0,0,1,0
C04204,84096.47,43498.74,78520.26,41780.77,70,681.04,284662.68,0,1,18,0.2683,0.3173,0.2456,0,0,0,0,0
C04205,40079.68,26793.55,45550.9,25460.18,75,438.52,50053.37,2,1,34,0.6249,0.2748,0.1583,0,0,0,0,0
C04206,45179.47,20160.03,52884.98,23069.35,77,301.85,108410.07,0,0,32,0.463,0.4333,0.1689,0,1,0,0,0
C04207,67096.39,42958.19,72946.38,37819.52,65,437.31,175667.24,3,2,26,0.2083,0.1344,0.2024,0,0,0,0,0
C04208,74561.19,30307.73,77237.66,30616.19,71,528.18,219684.42,1,2,9,0.4669,0.2013,0.1841,0,0,0,0,0
C04209,38554.45,16439.06,50316.81,18069.45,56,310.53,18621.26,1,1,18,0.525,0.2574,0.0333,0,0,0,0,0
C04210,45697.45,28629.81,47906.4,33186.98,75,504.58,28681.57,1,0,58,0.2893,0.2849,0.0458,0,0,0,0,0
C04211,51518.41,25838.91,55355.98,28497.03,61,395.67,61025.45,1,1,42,0.086,0.164,0.1184,0,1,0,0,0
C04212,57737.5,38493.6,58292.75,40082.77,63,778.34,62521.35,3,1,41,0.4542,0.2524,0.0411,1,0,0,1,0
C04213,42384.3,27902.51,45271.94,27392.82,57,413.34,117904.7,0,0,21,0.2682,0.4231,0.0532,0,0,0,0,0
C04214,42632.81,26847.38,49696.82,31170.83,76,457.85,123211.71,0,0,48,0.5482,0.3952,0.2226,0,0,0,0,0
C04215,83729.14,56830.59,85149.47,53757.93,66,765.99,145963.44,1,2,42,0.6065,0.172,0.2462,0,0,0,1,0
C04216,77551.85,54850.17,61806.99,51983.46,60,796.7,137231.65,0,1,21,0.2104,0.1964,0.1932,0,0,0,0,0
C04217,55784.57,42404.11,62011.71,51406.49,74,565.82,106648.31,1,0,47,0.2255,0.1312,0.0351,1,0,1,0,1
C04218,97539.9,37673.04,89795.22,41185.36,62,799.52,29787.73,1,0,14,0.2112,0.1276,0.0445,0,0,0,0,0
C04219,37817.12,22962.44,43074.65,25200.66,64,379.78,57163.32,0,1,48,0.3822,0.1846,0.1924,0,2,1,0,0
C04220,93410.2,64168.1,98065.86,71985.43,62,1102.86,46888.93,3,1,9,0.446,0.1635,0.2288,0,0,0,0,0
C04221,57443.07,25712.88,66816.24,26705.84,48,426.46,36736.99,2,4,41,0.2606,0.3613,0.1907,0,1,0,0,0
C04222,196099.9,91898.2,183588.48,80638.54,66,960.06,482556.14,0,2,7,0.1226,0.3976,0.1643,0,1,0,0,0
C04223,26312.54,12370.42,25938.2,13361.78,73,168.74,52527.39,0,1,20,0.3436,0.3557,0.0565,0,0,0,0,0
C04224,32998.34,20048.13,33301.78,21006.67,60,254.14,54005.41,4,1,19,0.2412,0.2551,0.1717,0,1,0,1,0
C04225,54332.44,27969.08,47384.74,26484.24,58,483.72,146949.94,1,0,4,0.4728,0.3092,0.2324,1,1,0,0,0
C04226,53807.77,34961.2,63674.52,32140.31,62,421.08,113942.87,0,0,37,0.4382,0.4406,0.0848,0,2,0,0,0
C04227,108226.37,67599.04,92528.05,70601.49,76,1055.67,115454.49,0,0,5,0.4029,0.2542,0.1908,0,0,0,0,0
C04228,33311.21,21509.06,39363.11,19079.91,78,266.22,79566.76,2,2,40,0.6352,0.185,0.0355,0,2,0,1,0
C04229,67618.11,31343.9,74442.66,32371.69,49,649.37,77615.96,1,0,19,0.0546,0.1094,0.1566,0,1,1,0,0
C04230,75926.89,52793.26,77911.3,53760.18,64,689.98,42983.35,1,2,28,0.1737,0.2277,0.2049,0,1,0,0,0
C04231,61790.77,40090.84,67439.31,41522.17,58,833.71,207166.52,1,0,9,0.0696,0.1258,0.0687,0,2,0,0,0
C04232,29201.33,11937.28,31774.78,13110.94,72,235.88,86160.23,1,1,9,0.6422,0.197,0.2211,0,1,0,0,0
C04233,84787.99,37313.31,84953.22,41963.84,66,716.35,170113.92,0,1,14,0.1023,0.4281,0.0917,0,0,0,0,0
C04234,78246.08,37983.33,84957.87,36639.49,58,717.36,40374.87,1,1,49,0.1621,0.3468,0.0565,0,0,0,0,0
C04235,58937.38,45453.61,67055.53,52470.51,62,692.02,94528.53,0,0,10,0.0745,0.2334,0.0558,0,0,0,0,0
C04236,49334.27,24512.1,46208.35,25092.44,55,429.65,103607.27,0,2,3,0.2272,0.166,0.1001,0,0,0,0,0
C04237,49819.73,17882.57,54380.4,22539.13,61,277.04,64614.12,0,0,5,0.4989,0.2273,0.1797,0,0,0,0,0
C04238,43433.52,17969.82,31916.73,17605.92,75,175.91,36320.82,1,1,8,0.0887,0.4443,0.0505,0,0,0,0,0
C04239,60040.29,21883.32,49139.85,18746.14,61,297.51,112520.15,0,1,59,0.6305,0.4403,0.0798,0,1,0,0,0
C04240,45634.92,24244.81,51008.12,27882.43,69,343.56,142681.31,0,0,35,0.3304,0.2493,0.2395,0,2,0,0,0
C04241,30717.31,21769.94,30713.02,23970.33,70,372.35,38332.1,0,1,21,0.3645,0.3728,0.0889,0,1,0,0,0
C04242,28072.66,15515.65,26601.3,18528.78,58,402.27,86412.69,0,0,44,0.1866,0.1486,0.2045,0,1,0,0,0
C04243,32080.43,23340.03,33480.32,25374.29,73,332.82,46629.87,0,0,32,0.1075,0.3014,0.0756,0,0,0,0,0
C04244,49730.68,18469.39,49854.3,24579.08,68,280.42,56098.3,0,1,60,0.2758,0.1762,0.0776,0,2,0,0,0
C04245,44457.44,24957.31,41406.2,25639.48,70,301.77,135712.32,1,0,21,0.0519,0.1142,0.2345,1,0,0,0,0
C04246,49578.99,34912.73,42306.45,41041.88,64,624.94,25265.93,0,0,15,0.1942,0.3168,0.1008,0,0,0,0,0
C04247,56375.15,36848.21,45879.28,36367.16,68,522.95,153476.13,0,0,26,0.5671,0.2455,0.142,0,0,0,0,0
C04248,33932.32,24898.57,38637.21,27612.84,87,326.13,60059.07,2,0,35,0.4454,0.3793,0.1372,0,0,0,0,0
C04249,87026.23,41183.04,86965.32,46592.96,64,903.59,40191.68,3,0,4,0.5709,0.2453,0.21,0,0,0,1,0
C04250,39892.67,22953.56,46528.65,26394.47,61,539.49,96729.16,1,0,48,0.3314,0.1008,0.217,0,0,0,0,0
C04251,37026.0,24237.05,36954.98,27706.8,85,353.47,52627.07,0,2,54,0.1201,0.2063,0.0939,0,0,0,0,0
C04252,55909.61,23807.46,61086.64,16665.22,69,191.46,150833.59,1,0,37,0.58,0.392,0.0827,0,0,0,0,0
C04253,19692.4,14121.68,20380.68,14711.38,61,193.03,37368.14,1,0,24,0.6314,0.3141,0.1202,0,1,0,1,0
C04254,31529.45,15454.52,33274.09,15160.69,66,202.07,90063.87,0,0,21,0.4248,0.2219,0.022,0,0,0,0,0
C04255,69975.5,27429.58,74255.52,27557.23,68,459.88,19470.23,2,1,42,0.4315,0.1928,0.238,0,2,1,0,0
C04256,20590.35,14301.35,20518.6,14530.04,84,208.32,37081.46,2,2,42,0.6366,0.3216,0.0655,0,0,0,1,0
C04257,74408.55,49649.71,67149.66,57955.95,69,917.72,137664.89,0,1,27,0.5591,0.1804,0.0527,0,0,0,0,0
C04258,88825.52,66410.92,101433.04,71345.88,72,1195.88,268452.39,0,1,39,0.3069,0.3612,0.1998,1,0,0,0,0
C04259,38107.37,28635.16,47299.84,28322.95,67,356.69,115552.81,1,0,29,0.4043,0.1129,0.2267,1,0,0,0,0
C04260,51314.75,24391.78,64097.55,21313.74,72,328.09,91519.34,1,1,58,0.0635,0.4153,0.0954,0,2,0,0,0
C04261,74459.23,47550.65,73238.66,58675.93,86,589.33,82651.33,1,4,30,0.2093,0.1014,0.2123,0,0,0,1,0
C04262,36474.28,29165.03,35088.97,28357.8,77,402.57,60283.48,1,2,37,0.1183,0.2641,0.2366,0,0,0,0,0
C04263,66497.31,30569.67,65399.18,31618.68,54,419.81,172435.56,1,1,9,0.2084,0.3504,0.0881,0,0,0,0,0
C04264,33269.65,18723.98,34231.13,24465.95,79,330.1,15107.14,0,0,29,0.3992,0.3419,0.1153,0,1,0,0,0
C04265,36297.23,27570.46,37883.59,26897.39,58,572.38,124327.97,3,0,39,0.2337,0.2212,0.1157,0,2,0,0,0
C04266,31404.81,12448.42,29214.28,12659.03,73,148.64,72374.92,0,0,53,0.3316,0.2921,0.2339,0,0,0,0,0
C04267,52502.13,40306.54,45804.52,43444.87,70,756.36,84414.8,0,1,30,0.5084,0.273,0.1026,0,1,0,0,0
C04268,75773.5,43165.89,80016.29,37005.53,74,366.42,163713.57,3,0,10,0.4388,0.402,0.024,0,1,0,0,0
C04269,41421.98,31143.88,28995.39,26266.25,79,363.5,130417.38,1,0,25,0.2045,0.1152,0.0541,0,1,0,0,0
C04270,25396.22,15989.9,26359.28,15865.28,65,232.3,38796.74,0,0,42,0.3368,0.3658,0.058,0,0,0,0,0
C04271,27644.99,18028.57,25893.13,17962.94,73,176.36,26185.37,1,0,49,0.0702,0.2338,0.141,0,1,0,0,0
C04272,53744.01,37504.91,61462.65,39984.26,69,628.71,129219.62,1,0,30,0.5146,0.343,0.0541,0,0,0,0,0
C04273,103184.11,39231.76,121315.23,36589.13,66,441.27,39347.78,1,1,16,0.492,0.4131,0.0234,1,2,0,0,1
C04274,53722.87,33979.49,63315.06,37448.03,86,434.55,77361.43,0,0,54,0.352,0.4385,0.2065,0,1,0,0,0
C04275,37809.45,28953.41,38128.05,22907.76,68,285.62,33566.32,0,2,16,0.3099,0.1898,0.1081,0,2,0,0,0
C04276,63525.75,49566.32,58048.73,51626.55,65,615.1,170344.03,2,1,34,0.5355,0.1048,0.2444,0,2,1,1,1
C04277,40402.36,31745.94,38473.1,34705.33,76,350.21,122599.15,1,1,56,0.6263,0.1094,0.1536,0,0,0,0,0
C04278,37956.25,24315.71,41164.06,26489.86,63,453.18,108450.98,3,1,51,0.1462,0.3074,0.0943,0,0,0,0,0
C04279,29234.69,18563.41,24922.46,19128.98,61,256.75,15727.33,1,0,8,0.3974,0.2543,0.0948,0,1,0,1,0
C04280,84814.33,50770.64,103238.2,49286.08,63,692.68,56802.43,1,1,23,0.3097,0.3732,0.2494,0,0,0,0,0
C04281,14353.86,8948.18,14502.06,9189.56,71,106.28,46927.04,0,0,58,0.0578,0.4031,0.2167,1,0,0,0,0
C04282,64437.72,40302.77,71527.21,48285.74,70,535.19,144877.84,0,1,41,0.2592,0.1614,0.073,0,1,0,0,0
C04283,36524.28,13480.52,30542.66,13184.81,80,115.64,40341.11,2,1,42,0.5442,0.1344,0.2052,0,0,0,0,0
C04284,37412.66,14590.64,35126.08,17032.72,79,213.2,81375.4,0,0,6,0.6402,0.3804,0.1863,0,0,0,0,0
C04285,96370.9,60592.0,79151.2,71890.55,78,1070.5,251260.44,0,0,46,0.1314,0.3872,0.16,0,0,1,0,0
C04286,32632.33,16035.44,38262.8,13496.92,72,139.04,79028.08,1,0,53,0.1383,0.22,0.1252,0,0,0,0,0
C04287,33136.37,16092.39,34156.15,16649.54,71,188.38,46776.34,1,1,6,0.3894,0.184,0.0907,0,2,0,0,0
C04288,42435.49,18546.36,47466.5,17297.65,70,304.8,95077.57,2,0,19,0.1578,0.109,0.099,1,0,0,0,0
C04289,54211.54,38516.3,57334.65,33500.7,67,623.93,26588.76,0,1,60,0.6007,0.2859,0.0461,0,1,0,0,0
C04290,36885.83,28916.56,40803.73,33110.73,66,640.48,118659.6,2,0,6,0.1412,0.321,0.2018,0,1,0,0,0
C04291,22163.04,14017.92,22373.74,15515.02,67,249.36,63001.63,1,0,28,0.5977,0.3077,0.1306,0,0,0,0,0
C04292,30480.84,23636.03,31260.37,25565.09,96,188.92,94736.61,1,0,8,0.1006,0.2581,0.1215,0,0,0,0,0
C04293,80098.95,59893.82,83222.18,55086.76,63,679.13,84867.29,1,1,6,0.143,0.1326,0.047,0,0,0,0,0
C04294,46539.99,20853.04,51132.37,22422.35,75,248.71,45777.66,0,0,5,0.4771,0.2866,0.1984,0,0,0,0,0
C04295,55127.67,23103.27,60742.66,20625.32,57,329.81,113093.52,1,0,36,0.4834,0.2268,0.1581,1,0,0,0,0
C04296,40005.74,17811.12,55502.86,18866.81,77,223.0,57538.2,0,1,25,0.6207,0.3481,0.2299,0,0,0,1,0
C04297,33444.54,13153.54,41865.62,12767.01,79,130.36,28543.57,1,1,24,0.561,0.4451,0.1087,0,2,0,0,0
C04298,95733.54,58617.23,80085.79,68939.42,70,793.94,271076.52,3,1,35,0.6011,0.3108,0.2214,0,1,0,1,0
C04299,41346.02,19730.01,42703.3,19856.73,71,355.97,19965.53,1,0,43,0.1518,0.2762,0.0509,0,0,0,0,0
C04300,36860.7,28044.08,36908.35,30224.49,60,379.99,10593.06,0,2,24,0.4369,0.2067,0.1268,1,0,0,0,0
C04301,73694.38,46135.15,88699.71,49733.88,65,544.39,216277.53,0,0,14,0.1479,0.154,0.026,0,1,0,0,0
C04302,32511.71,16640.3,32905.43,17320.95,63,196.53,29900.91,0,2,4,0.207,0.1622,0.183,0,1,0,0,0
C04303,34433.68,27308.95,38073.83,29019.58,71,422.95,106496.51,0,0,3,0.5622,0.1432,0.1035,0,3,0,0,0
C04304,45207.97,35214.19,34789.91,38258.58,88,362.23,92250.88,3,0,42,0.1171,0.3241,0.148,0,1,1,1,0
C04305,45005.47,31520.79,39081.31,29706.22,73,402.12,98581.76,1,0,6,0.2064,0.4108,0.1015,0,0,0,1,0
C04306,50576.53,35720.06,65803.87,39233.23,69,556.69,13575.48,1,3,11,0.6407,0.1851,0.1302,0,0,0,1,0
C04307,115343.38,91094.92,121805.99,105092.9,70,1864.98,191133.29,1,0,26,0.6223,0.211,0.0697,0,1,1,1,0
C04308,52351.17,32468.47,48696.26,35640.05,74,383.85,168360.38,2,3,37,0.4298,0.3822,0.0989,0,2,0,1,0
C04309,15433.47,11513.5,16654.94,11599.84,67,153.58,41035.4,2,0,14,0.1319,0.4052,0.1764,0,1,0,0,0
C04310,52117.3,19761.45,48137.26,21163.09,64,366.3,54691.41,1,0,32,0.0609,0.2798,0.0854,0,0,0,0,0
C04311,45773.64,27433.43,46505.8,27607.6,73,384.72,15302.92,0,1,51,0.2628,0.2686,0.2307,0,0,0,0,0
C04312,45888.52,26437.86,40183.93,27383.05,58,495.87,30688.07,1,1,36,0.6358,0.1446,0.1809,0,0,0,0,0
C04313,50266.5,18446.58,48022.27,16739.86,62,264.5,141801.27,0,1,13,0.0682,0.3866,0.0683,0,0,1,0,0
C04314,44423.0,17286.25,44424.75,21013.3,67,373.94,81307.82,1,1,10,0.4152,0.1938,0.244,0,0,0,0,0
C04315,43947.12,15813.38,52054.65,20276.84,73,214.56,79392.76,0,1,10,0.3833,0.2982,0.2422,1,0,0,0,0
C04316,59295.44,28598.59,65562.11,27612.75,72,487.72,179830.98,2,1,49,0.2305,0.3626,0.1149,0,2,1,0,0
C04317,35259.19,13189.76,39723.81,15093.58,80,152.64,60049.11,1,1,18,0.3753,0.3774,0.0773,1,0,0,0,0
C04318,29376.75,15875.84,30754.73,19447.02,69,228.9,49117.17,1,1,18,0.4083,0.269,0.171,0,0,0,0,0
C04319,175451.76,125577.12,201548.79,117425.25,67,1470.01,72044.62,0,1,54,0.5575,0.1751,0.1596,0,0,0,0,0
C04320,32606.99,20419.26,30819.4,16151.39,61,303.09,91399.08,2,1,11,0.1794,0.187,0.236,0,1,0,0,0
C04321,47074.28,30749.18,45289.0,37883.48,54,742.99,78530.38,0,0,42,0.4942,0.1694,0.1141,0,1,0,0,0
C04322,22956.83,8360.37,25227.51,8768.03,61,109.51,75876.22,1,1,43,0.4523,0.2811,0.1886,0,0,0,0,0
C04323,47421.38,34512.66,48203.95,34086.81,61,683.97,44737.46,0,0,16,0.1429,0.2732,0.2157,0,0,0,0,0
C04324,29568.54,12294.18,30997.84,12978.72,71,236.43,24402.8,0,1,9,0.4283,0.3673,0.1791,0,1,0,0,0
C04325,36875.58,17928.65,37993.05,18031.03,74,243.31,7768.34,1,1,27,0.1529,0.232,0.1158,0,1,0,0,0
C04326,72019.84,41955.68,86453.62,58953.39,71,592.46,178310.27,2,1,39,0.3675,0.307,0.1934,0,3,0,1,0
C04327,55649.15,42766.21,67149.96,42180.96,80,531.09,110018.03,1,1,13,0.2869,0.2156,0.2461,0,1,0,0,0
C04328,58116.33,46444.66,56655.3,50591.2,77,688.28,65923.46,0,1,12,0.2833,0.2367,0.0857,0,0,0,0,0
C04329,20279.7,14240.35,17010.93,17160.61,69,203.35,26196.74,0,1,5,0.2858,0.3034,0.1877,0,0,1,1,0
C04330,102849.35,69751.55,99210.58,84015.13,65,931.31,123409.58,0,0,25,0.0712,0.3512,0.1824,0,0,0,0,0
C04331,26319.65,15461.67,24802.71,18268.24,78,232.41,38569.89,0,1,7,0.5666,0.3209,0.1045,0,0,0,1,0
C04332,89524.73,58149.2,102936.41,58086.34,79,899.68,108469.1,1,0,34,0.5249,0.3185,0.0582,0,0,0,0,0
C04333,71261.57,29572.9,82696.18,30511.79,76,340.79,116854.11,0,0,26,0.4616,0.4113,0.1288,0,0,1,0,0
C04334,58350.17,27491.0,54048.07,21692.16,90,222.11,174570.49,2,2,45,0.3072,0.1175,0.1574,0,0,0,1,0
C04335,30628.14,24290.85,29386.46,25288.25,64,490.99,59782.63,0,1,6,0.4625,0.1058,0.092,0,0,0,1,0
C04336,48176.82,38099.52,42035.17,40154.48,79,541.81,133108.67,1,0,27,0.432,0.3421,0.134,0,1,0,0,0
C04337,36406.52,18033.52,38813.92,20540.3,60,356.57,76055.14,1,1,20,0.3759,0.1768,0.145,0,0,0,0,0
C04338,45591.91,20902.61,47625.77,26451.38,76,312.19,50748.76,5,0,50,0.2668,0.38,0.1624,0,0,0,0,0
C04339,40214.19,18228.42,46032.97,20695.76,62,426.43,136667.85,2,1,38,0.1309,0.3401,0.1706,0,0,0,0,0
C04340,17980.5,10216.32,19952.16,12039.7,74,182.07,14510.19,0,0,29,0.4755,0.2717,0.2174,0,1,0,0,0
C04341,74549.65,33599.15,83735.98,35208.69,65,412.41,248569.08,2,0,39,0.4377,0.2455,0.0279,0,1,0,0,0
C04342,43387.19,27846.92,37528.17,33530.91,68,359.03,142707.17,0,0,22,0.6465,0.1767,0.1506,0,1,0,0,0
C04343,36179.85,13881.08,35269.6,14593.68,72,216.87,29248.26,1,0,13,0.4973,0.2337,0.103,1,1,0,0,0
C04344,34970.86,13871.36,40701.46,16463.54,61,232.5,25695.59,2,2,48,0.5384,0.1728,0.0231,0,0,0,1,0
C04345,52877.04,25096.53,52103.5,28774.17,72,305.68,61630.82,0,1,53,0.5067,0.2268,0.1355,1,0,0,0,0
C04346,30098.4,21064.35,25724.87,23110.27,61,431.49,66338.51,2,0,27,0.2575,0.1956,0.093,0,0,0,0,0
C04347,16310.9,8081.73,18707.93,6991.6,58,146.99,26390.16,1,0,10,0.5809,0.44,0.2311,0,1,0,0,0
C04348,54047.91,30367.77,53006.31,35870.46,61,570.15,162640.24,0,1,14,0.0661,0.3202,0.0329,0,1,0,0,0
C04349,56841.05,36689.76,66931.28,40189.09,66,536.8,195290.81,1,1,47,0.084,0.3376,0.0434,0,3,0,0,0
C04350,41133.72,28992.81,43099.51,32886.81,70,367.21,68402.9,0,1,23,0.4448,0.127,0.2492,0,0,0,0,0
C04351,26845.71,13106.05,27294.94,14254.47,71,222.17,6641.7,1,1,49,0.4085,0.3151,0.074,0,0,0,0,0
C04352,46837.47,31799.65,56841.15,35243.93,60,416.08,160385.03,1,1,19,0.6379,0.3151,0.0386,1,3,0,1,0
C04353,23280.66,11145.16,20805.49,13441.93,71,209.98,36994.31,3,1,12,0.0591,0.2251,0.0405,0,0,0,0,0
C04354,28343.81,18140.32,34639.16,18015.68,63,364.23,52644.22,2,0,41,0.0904,0.3351,0.0754,0,2,0,0,0
C04355,32099.76,17747.83,31241.96,19631.17,58,316.06,72813.52,0,0,39,0.5246,0.1136,0.2491,0,0,0,0,0
C04356,65787.84,50458.13,70359.07,48273.68,79,694.43,178809.69,2,0,26,0.6316,0.3902,0.0382,0,3,0,0,0
C04357,38224.92,30271.92,40924.3,33880.38,82,303.2,68313.69,0,1,53,0.4721,0.214,0.196,0,2,0,0,0
C04358,36786.19,25689.84,36740.05,27748.99,70,358.63,12064.09,2,1,31,0.2182,0.2267,0.0591,0,1,0,0,0
C04359,108448.36,82633.2,103952.79,80508.18,57,1375.88,244393.12,0,1,14,0.3165,0.3301,0.0674,0,3,0,0,0
C04360,52734.54,21696.41,53030.98,23025.09,71,352.51,88713.33,1,2,42,0.5001,0.2197,0.0804,0,0,0,0,0
C04361,52415.9,33782.51,48655.19,33166.14,78,374.15,104175.61,0,0,8,0.0738,0.2689,0.1336,0,0,0,0,0
C04362,38103.16,16737.41,48979.14,16815.07,68,269.18,42132.6,1,1,36,0.5342,0.4406,0.0219,0,3,0,0,0
C04363,34408.21,16331.37,34142.04,17843.28,61,331.74,7400.7,0,1,15,0.1538,0.2222,0.1069,0,1,0,0,0
C04364,16823.55,9846.33,20004.44,10655.77,70,120.72,10656.54,0,0,31,0.4732,0.2489,0.0993,0,1,0,0,0
C04365,69588.25,47591.01,81645.16,39002.86,62,758.51,147369.34,1,0,50,0.6392,0.1484,0.1006,0,1,0,0,0
C04366,55058.81,37146.65,60209.65,40655.48,70,645.38,128322.14,0,2,45,0.2101,0.4329,0.1605,0,0,0,0,0
C04367,41514.29,30772.75,42914.09,31191.26,78,517.48,25340.33,1,0,20,0.1205,0.3435,0.0922,0,0,0,0,0
C04368,42305.22,25453.94,45404.24,25461.14,68,436.64,69483.22,1,2,5,0.1338,0.2548,0.0932,0,0,0,0,0
C04369,62672.79,48060.89,70109.57,43963.29,77,660.47,142597.49,2,0,47,0.16,0.2939,0.0882,0,0,0,0,0
C04370,22354.84,16756.07,23742.1,17502.6,69,180.42,35905.52,1,0,22,0.1366,0.3542,0.0714,0,1,0,0,0
C04371,34508.85,25263.1,29746.29,24940.69,61,389.82,86465.73,1,2,23,0.5347,0.2285,0.0713,1,0,0,0,0
C04372,26986.22,12232.42,22447.21,14713.43,64,203.44,88587.43,0,1,8,0.2826,0.4219,0.0686,0,1,0,0,0
C04373,99867.24,58836.94,122944.42,49427.05,59,975.27,127502.75,1,2,52,0.1612,0.1341,0.0703,0,1,0,0,0
C04374,66733.53,45465.98,48971.35,42480.19,77,604.03,187994.2,1,1,49,0.1886,0.3804,0.1796,0,1,0,0,0
C04375,16700.7,13180.97,17927.91,12208.26,72,170.66,16418.51,0,1,25,0.496,0.1988,0.0717,0,0,1,0,0
C04376,22770.59,8089.05,23267.05,8744.58,58,138.37,47976.52,1,0,31,0.134,0.1031,0.2384,0,2,0,0,0
C04377,42398.24,21080.47,45336.28,25102.11,84,227.13,130826.91,2,0,44,0.214,0.3757,0.1635,0,0,0,0,0
C04378,36381.65,18338.45,33223.86,20362.54,72,251.08,112681.75,1,1,17,0.4896,0.1312,0.2395,0,0,0,0,0
C04379,24796.2,11898.22,27079.47,10930.21,58,200.12,39068.91,1,0,43,0.3468,0.2402,0.0866,0,1,0,0,0
C04380,107964.83,77501.57,116032.17,77384.72,62,1094.0,315722.65,2,0,36,0.5951,0.4184,0.1402,0,1,0,1,0
C04381,51795.61,19178.99,71546.39,18275.64,80,175.8,90971.98,0,0,4,0.3385,0.3689,0.2445,1,0,0,0,0
C04382,55719.48,28514.2,59374.55,31677.22,87,258.29,130138.86,2,0,16,0.3564,0.2685,0.2153,0,0,0,0,0
C04383,32958.72,22090.85,39938.98,22003.62,68,402.82,64436.19,1,0,14,0.1498,0.2252,0.0511,1,1,0,0,0
C04384,62282.83,33198.8,54195.89,29230.35,68,358.47,127612.89,2,0,26,0.6375,0.1844,0.1178,0,2,0,0,0
C04385,37919.59,15730.13,44457.36,17620.34,75,295.91,16052.63,2,0,3,0.3467,0.1156,0.0678,0,0,0,0,0
C04386,39613.03,24753.53,42669.28,29743.62,79,268.64,118817.3,0,0,58,0.1665,0.236,0.2054,0,4,0,0,0
C04387,59240.97,34666.31,64120.57,35656.36,63,541.07,72093.51,2,0,53,0.4173,0.2708,0.1215,0,0,0,0,0
C04388,21619.89,17119.22,23436.57,18222.52,69,263.23,12001.66,0,0,9,0.4415,0.1787,0.2196,0,1,0,0,0
C04389,92325.93,63412.85,115846.94,55121.23,80,645.4,128535.71,2,0,55,0.2498,0.208,0.1886,1,0,0,0,0
C04390,48849.18,38775.46,52787.04,31132.49,73,323.6,22794.86,0,1,26,0.1507,0.3119,0.1159,0,0,0,0,0
C04391,80084.9,34745.53,76553.59,28773.12,60,587.76,23169.02,0,0,20,0.182,0.2575,0.0986,0,0,1,0,0
C04392,27735.79,19213.07,27072.56,20070.62,80,313.92,39803.83,2,0,23,0.1629,0.4374,0.2375,0,1,0,0,0
C04393,29702.71,17769.26,34100.35,18001.1,71,292.21,54708.94,0,1,18,0.053,0.1337,0.165,0,1,1,0,0
C04394,26677.15,17890.48,29443.43,19957.69,63,242.28,84653.31,2,1,23,0.5023,0.286,0.166,0,0,0,0,0
C04395,50365.0,28224.45,43633.37,28966.24,78,316.06,74479.96,3,1,20,0.0898,0.2655,0.0804,0,0,0,0,0
C04396,46356.2,20655.2,51536.83,24136.25,51,414.83,132863.97,0,0,29,0.4145,0.3765,0.1602,0,2,0,0,0
C04397,36513.32,13531.16,33596.6,15624.05,78,253.67,82416.34,1,2,4,0.093,0.4217,0.1502,0,0,0,0,0
C04398,28512.18,20734.9,31437.27,20969.31,61,405.57,49419.68,1,1,53,0.1075,0.2177,0.0537,0,2,0,0,0
C04399,25449.45,18238.7,24261.81,16954.46,69,236.29,9078.3,1,0,22,0.0561,0.3831,0.0512,0,0,0,0,0
C04400,44028.83,18630.49,44743.08,15278.13,71,215.72,132624.93,0,0,17,0.061,0.4072,0.1491,0,0,0,0,0
C04401,36494.02,23368.27,35932.85,28556.68,70,480.83,81662.97,2,3,28,0.5875,0.2937,0.2098,0,0,0,1,0
C04402,33053.89,22542.1,40731.31,21119.62,68,229.0,30292.75,1,1,10,0.1075,0.3711,0.0959,0,0,0,0,0
C04403,90274.3,54248.64,99141.19,47219.54,68,649.58,100614.27,0,2,7,0.4186,0.1345,0.1416,0,0,0,0,0
C04404,43363.41,21367.45,52093.92,22768.79,80,208.05,115198.15,0,0,27,0.2557,0.4059,0.1022,0,1,0,0,0
C04405,79693.0,59484.9,111365.04,51840.8,63,1026.68,230940.53,1,0,9,0.5048,0.4363,0.1395,0,0,0,0,0
C04406,35399.55,22623.79,37368.35,24104.79,73,318.63,91932.59,1,3,38,0.1078,0.3909,0.229,1,2,0,0,1
C04407,50240.01,33866.69,61807.22,34193.25,72,383.58,44536.9,0,0,22,0.0528,0.141,0.21,0,1,0,0,0
C04408,43890.52,28241.42,42401.11,32783.81,65,649.38,19410.32,0,1,59,0.5559,0.1009,0.227,0,1,0,1,0
C04409,20962.44,14140.84,25167.2,16267.68,77,259.15,34446.06,0,1,26,0.4373,0.2209,0.0768,1,1,0,0,0
C04410,85576.84,35538.37,81563.2,42020.52,65,649.64,169454.17,1,2,15,0.4479,0.1972,0.1444,0,0,0,0,0
C04411,42344.7,32400.79,44368.37,34822.8,62,704.72,83971.68,0,1,50,0.6432,0.3008,0.0325,0,1,0,0,0
C04412,62963.22,30135.13,70167.8,28537.94,64,360.98,127108.39,0,0,17,0.5523,0.1011,0.031,1,1,0,0,0
C04413,32080.54,23304.84,36357.12,21570.35,67,373.06,81519.62,1,0,51,0.208,0.2864,0.0699,0,0,0,0,0
C04414,41782.71,31421.55,37491.36,30991.59,82,439.92,86657.01,0,1,9,0.5592,0.4181,0.0295,0,0,0,0,0
C04415,30465.01,19590.55,28818.6,25258.35,78,341.78,29908.01,1,1,50,0.4464,0.2808,0.0832,0,0,0,0,0
C04416,78481.41,48598.46,88163.98,49575.17,84,553.58,25949.21,0,0,34,0.5908,0.1152,0.1562,0,0,0,0,0
C04417,51769.27,20659.65,52073.36,22091.81,61,314.56,92356.92,2,0,39,0.5656,0.2711,0.2042,0,0,0,0,0
C04418,53081.93,28998.63,46835.15,35733.03,73,531.64,43795.13,0,1,42,0.2203,0.3342,0.0222,0,2,0,0,0
C04419,82917.44,51843.29,86357.08,56019.46,58,863.16,128503.33,1,0,58,0.5374,0.2083,0.0391,0,0,1,0,0
C04420,75718.01,29290.84,78422.92,28123.95,67,326.61,72277.02,1,1,25,0.3415,0.4218,0.0544,0,0,0,0,0
C04421,63501.7,25410.71,68024.91,28907.7,86,407.27,113937.05,0,2,27,0.1378,0.4329,0.2277,0,0,0,0,0
C04422,23733.44,18917.13,26427.4,18890.33,61,365.29,23048.73,0,2,58,0.5253,0.3477,0.0629,0,0,0,1,0
C04423,32904.42,16435.93,36388.28,17827.97,72,217.55,39248.97,0,0,44,0.3317,0.2929,0.2261,0,0,0,0,0
C04424,28643.11,14532.93,27434.92,16152.75,62,183.61,23713.67,0,1,40,0.3432,0.235,0.2076,0,3,0,0,0
C04425,62430.42,28917.03,62474.16,28647.62,72,335.35,135110.21,1,1,43,0.455,0.2717,0.0889,0,1,0,0,0
C04426,48591.85,31133.23,56431.4,33386.18,65,534.07,119414.12,1,4,40,0.0536,0.2309,0.181,0,0,0,0,0
C04427,24069.17,13548.16,23703.75,16826.88,78,240.01,47600.0,1,1,7,0.6192,0.3043,0.1829,0,2,0,1,0
C04428,41335.74,29170.38,41442.76,28435.75,67,399.95,144348.86,1,1,49,0.2093,0.1769,0.207,0,1,0,0,0
C04429,22972.82,13338.54,19974.59,16113.32,66,296.5,36891.79,2,0,47,0.4575,0.1412,0.0607,0,0,0,0,0
C04430,43936.35,15682.52,45981.96,15355.39,66,199.4,35462.49,1,2,48,0.1219,0.442,0.0694,0,0,1,0,0
C04431,21364.8,12118.32,23318.24,15344.8,57,340.84,62435.21,0,2,32,0.5435,0.1925,0.1048,0,0,0,0,0
C04432,57090.34,21399.42,46411.06,20272.56,72,306.46,96946.9,1,0,11,0.1236,0.3066,0.1622,0,0,0,0,0
C04433,53343.16,38516.63,49159.45,38622.06,61,727.87,77564.35,1,0,45,0.0994,0.3451,0.1717,0,1,0,0,0
C04434,106190.99,42598.11,93383.58,52437.87,64,838.95,209862.94,2,0,6,0.5031,0.3036,0.076,0,1,0,0,0
C04435,65904.42,29500.75,75434.35,36470.83,67,707.63,42593.08,2,0,39,0.119,0.3495,0.106,1,1,1,0,1
C04436,37201.57,20720.69,30524.56,23791.73,67,283.64,119468.05,0,1,8,0.2561,0.1901,0.2019,0,1,0,0,0
C04437,65026.44,28470.71,67663.78,26198.12,67,380.26,189492.64,2,1,38,0.1182,0.4112,0.1238,0,0,0,0,0
C04438,23991.84,14218.74,27258.17,15070.29,73,177.2,78290.91,0,0,17,0.1572,0.2399,0.1585,0,0,0,0,0
C04439,29181.93,16263.51,31298.75,17079.12,58,253.89,51591.55,0,1,56,0.2202,0.2979,0.2067,0,1,0,0,0
C04440,52278.05,40705.53,52131.93,38560.45,72,635.87,67662.77,2,0,56,0.2079,0.1603,0.0672,0,1,0,0,0
C04441,17038.07,6640.9,18598.35,7528.26,70,112.26,11296.78,1,1,34,0.6274,0.2421,0.0632,0,0,0,0,0
C04442,44253.75,26973.96,51973.23,25808.6,78,252.2,105955.22,0,0,25,0.3658,0.3355,0.1232,0,3,0,0,0
C04443,28432.82,19168.83,29487.29,17158.58,61,353.75,27763.8,0,3,16,0.262,0.3095,0.037,0,2,0,0,0
C04444,47098.95,19189.63,36799.7,16416.65,60,215.16,56610.28,0,2,44,0.5308,0.2555,0.1416,0,0,0,0,0
C04445,27706.89,17632.89,32908.25,22137.65,77,323.88,6877.71,0,1,4,0.1582,0.1475,0.1708,0,0,0,0,0
C04446,54465.86,40245.24,59805.25,39792.16,76,579.59,183781.72,1,1,42,0.4215,0.1702,0.1469,0,0,0,0,0
C04447,45393.09,31974.89,47482.57,31695.41,69,549.29,135400.26,0,0,24,0.5189,0.4294,0.2156,0,1,0,0,0
C04448,84506.39,65139.79,68649.22,60340.27,69,946.85,216520.57,1,2,26,0.4394,0.3778,0.0807,0,0,0,1,0
C04449,45136.58,30433.95,45777.65,36951.41,71,483.32,121749.99,0,1,22,0.5209,0.2495,0.0887,0,0,0,0,0
C04450,31841.59,16789.88,30088.48,14848.47,67,182.08,93743.77,1,1,52,0.5456,0.4153,0.0397,0,1,0,1,0
C04451,40268.27,30773.14,36404.39,27865.2,82,347.92,37425.3,0,1,54,0.4332,0.1663,0.0366,0,0,1,0,0
C04452,24575.65,11093.71,25402.03,11219.96,78,103.53,42835.59,0,1,20,0.1404,0.1275,0.1427,0,1,0,0,0
C04453,54023.78,33098.53,53250.37,34667.8,75,468.75,88907.44,1,2,9,0.5046,0.4496,0.0407,0,2,0,0,0
C04454,58679.77,40755.81,58303.53,46014.78,60,616.37,20132.44,0,0,35,0.6184,0.2853,0.1227,0,0,0,0,0
C04455,136701.64,101504.59,155669.69,98350.7,65,1644.67,304064.24,1,0,7,0.533,0.4321,0.0704,0,1,0,0,0
C04456,34016.18,25935.43,36760.22,32038.56,79,384.1,21386.49,1,0,49,0.3782,0.2894,0.1763,1,0,1,0,0
C04457,39891.17,15487.31,39513.73,15018.75,80,216.93,83185.73,2,0,12,0.2283,0.2692,0.1276,0,0,0,0,0
C04458,34728.86,23501.95,33871.56,21832.61,84,273.98,92751.89,1,2,19,0.0605,0.3536,0.1291,0,1,0,0,0
C04459,49506.98,21874.51,49280.09,20070.89,76,263.9,26422.89,0,1,27,0.3146,0.2674,0.23,0,0,0,0,0
C04460,53432.72,37435.16,54517.76,35830.43,78,502.85,41324.15,0,1,43,0.5158,0.2615,0.165,1,1,0,0,0
C04461,43932.04,29228.44,49207.66,26591.3,56,395.58,135028.89,1,1,24,0.3309,0.2911,0.103,0,1,0,0,0
C04462,73369.56,31666.93,67858.98,36103.74,72,628.76,190501.52,0,0,13,0.2103,0.1762,0.1931,0,2,0,0,0
C04463,34090.6,24707.97,41761.42,22975.91,68,250.86,94927.66,1,0,48,0.5438,0.2485,0.1764,0,1,0,0,0
C04464,70136.32,39122.39,78564.79,40454.92,78,469.97,49905.24,2,0,45,0.5005,0.3514,0.2078,1,1,0,0,0
C04465,57339.32,34101.71,41367.37,31593.67,66,351.55,141123.85,0,0,57,0.5087,0.2664,0.187,0,1,0,0,0
C04466,44757.05,35229.69,47453.3,32026.07,68,495.29,29261.58,0,0,19,0.6462,0.3281,0.0759,0,2,0,0,0
C04467,39053.83,25208.53,45883.89,29816.25,58,477.27,61516.78,0,0,7,0.5429,0.4412,0.2338,0,0,0,0,0
C04468,134110.35,82458.21,147071.41,102440.56,59,1274.71,45125.38,1,2,8,0.499,0.3342,0.0879,0,0,0,0,0
C04469,31156.05,11139.64,31172.23,13392.96,69,213.54,39888.09,0,0,16,0.0898,0.2744,0.2096,0,1,0,0,0
C04470,51456.28,22622.58,53651.86,19759.46,64,393.61,174621.55,0,1,57,0.6136,0.4195,0.248,0,1,0,0,0
C04471,32106.67,11621.15,34399.04,10343.87,75,105.39,80131.99,0,0,38,0.358,0.3825,0.1383,0,0,0,0,0
C04472,100503.43,50250.77,114810.15,64693.11,68,791.82,32494.65,0,1,58,0.5673,0.2422,0.182,0,0,0,0,0
C04473,67069.83,33872.19,59034.1,34532.03,68,438.55,183242.39,0,0,42,0.5688,0.3459,0.2379,0,1,0,0,0
C04474,33162.01,19520.77,32412.48,17276.36,68,281.51,49198.83,0,0,4,0.1648,0.2782,0.1706,0,2,1,0,0
C04475,56674.83,37427.82,70652.51,44159.91,84,489.89,65785.15,1,1,7,0.1268,0.3151,0.1094,0,0,0,0,0
C04476,50532.95,21764.81,53259.39,23029.05,61,435.21,42094.56,0,0,47,0.4609,0.3216,0.0649,0,0,0,0,0
C04477,35665.41,22139.11,43987.87,24759.04,67,361.31,56687.13,0,2,57,0.2755,0.2832,0.0991,0,2,0,0,0
C04478,63296.9,48272.71,89139.2,37722.86,86,313.22,66691.7,2,0,18,0.552,0.2508,0.1179,0,1,0,0,0
C04479,53616.13,23229.38,53131.21,23481.35,66,286.17,173379.48,0,1,15,0.2638,0.2055,0.0704,0,1,0,0,0
C04480,49586.91,32062.38,44941.92,37316.01,68,489.51,124641.15,0,1,35,0.3066,0.2042,0.1671,0,0,0,0,0
C04481,44159.08,16361.61,44959.97,15922.41,64,268.83,141823.43,2,0,45,0.4802,0.4199,0.1012,0,0,1,0,0
C04482,54632.94,32179.7,64569.53,38557.72,73,585.49,17244.08,3,0,7,0.4988,0.2198,0.1084,1,1,0,0,0
C04483,49893.31,34111.69,59805.49,30427.27,79,417.52,16994.75,2,1,9,0.2531,0.2878,0.1835,0,1,0,0,0
C04484,46212.69,16882.37,61122.63,17498.41,77,167.49,104995.21,2,1,21,0.4138,0.1039,0.1528,0,1,1,0,0
C04485,33723.85,16866.96,35261.1,21039.69,75,258.5,75258.49,2,1,50,0.4178,0.3887,0.1218,0,0,0,0,0
C04486,96433.85,71851.0,106903.36,65520.7,73,970.35,247852.94,0,0,26,0.2333,0.4416,0.0749,0,0,0,0,0
C04487,28049.58,12663.43,27056.27,13709.14,74,200.77,58031.05,2,0,28,0.0844,0.2086,0.1775,0,0,0,0,0
C04488,54548.97,36836.57,40866.0,41264.76,64,675.53,17246.43,2,3,12,0.3214,0.3624,0.1584,0,1,0,1,0
C04489,38960.73,24370.22,40723.38,25856.03,69,358.1,96281.46,0,1,50,0.2263,0.3879,0.2333,0,0,0,0,0
C04490,99331.1,42082.56,90545.22,42923.97,87,348.03,291737.43,1,0,15,0.1689,0.38,0.1244,0,2,0,0,0
C04491,29966.96,20490.46,33778.84,19360.24,70,286.4,75387.39,0,0,9,0.1594,0.3768,0.0706,0,1,0,0,0
C04492,32323.48,19052.64,26642.08,20454.64,67,261.63,94019.82,1,1,53,0.2462,0.2349,0.028,0,1,0,0,0
C04493,29085.63,11646.23,27959.44,12085.07,83,132.71,48370.37,0,0,60,0.2362,0.177,0.1865,0,0,0,0,0
C04494,52050.88,40454.84,56325.38,35504.97,73,514.8,28301.98,0,0,46,0.2807,0.2877,0.0523,1,0,0,0,0
C04495,24259.05,13861.21,26555.98,16383.69,64,252.69,76713.34,0,0,49,0.5626,0.403,0.0719,1,0,0,0,0
C04496,36282.11,24863.63,37889.67,23391.55,78,287.72,98787.76,2,0,8,0.445,0.2804,0.226,0,0,0,0,0
C04497,17083.24,7652.7,21765.44,6740.2,71,100.0,33705.08,1,1,54,0.4501,0.4279,0.1633,0,0,0,0,0
C04498,50141.65,20644.95,62092.2,20201.46,61,383.79,33460.62,2,0,5,0.4971,0.1437,0.1417,0,0,0,0,0
C04499,35929.76,24561.15,34775.72,23158.06,83,278.15,27344.48,0,0,19,0.4203,0.2034,0.1824,0,0,0,0,0
C04500,23035.51,15047.28,28636.11,15333.34,54,304.33,19297.11,0,2,47,0.1917,0.4039,0.1473,1,0,1,0,0
C04501,73345.91,34718.17,92523.24,31277.81,76,311.27,51913.45,1,1,6,0.3835,0.4399,0.0415,0,0,0,0,0
C04502,24983.42,17134.32,25861.13,18912.12,69,292.21,72639.16,1,2,19,0.5334,0.32,0.1335,0,0,0,1,0
C04503,64411.18,37181.13,67982.67,45202.07,70,474.13,107680.44,1,0,24,0.5295,0.2916,0.1576,0,1,1,0,0
C04504,32825.12,16638.03,34266.58,17681.3,80,257.04,38091.72,0,0,3,0.5042,0.2735,0.1079,0,1,0,0,0
C04505,92514.89,65139.86,89979.99,57107.18,81,497.96,120988.45,1,1,16,0.3989,0.1326,0.0678,0,0,0,0,0
C04506,63052.03,39568.44,62075.98,37210.7,68,627.53,68435.2,3,0,57,0.2478,0.3601,0.1631,0,2,1,0,0
C04507,28589.54,16532.5,34545.28,17798.12,76,238.3,55753.89,1,0,12,0.5891,0.1273,0.0583,0,1,0,0,0
C04508,29784.12,20786.28,32836.55,16919.32,78,243.87,49866.52,0,1,15,0.6243,0.2032,0.2163,1,0,0,0,1
C04509,59095.15,35171.82,58119.92,31727.31,80,335.82,187154.22,1,2,58,0.6378,0.1134,0.0717,0,0,0,0,0
C04510,39988.52,30884.75,37544.44,26323.06,76,351.67,30925.73,0,0,28,0.0635,0.439,0.1828,0,0,0,0,0
C04511,41698.22,29944.53,39989.71,31856.54,59,651.45,126204.58,4,0,39,0.4665,0.2831,0.2162,0,3,0,1,0
C04512,79771.79,40778.1,82191.86,53397.35,63,701.44,98331.2,0,0,17,0.2722,0.3528,0.2119,0,1,0,0,0
C04513,32128.79,17966.86,37255.91,16146.48,67,172.43,110004.25,4,0,28,0.337,0.2337,0.1663,1,1,0,0,0
C04514,46887.2,36609.52,44392.34,42026.25,63,768.35,116228.2,0,3,5,0.0765,0.2704,0.044,0,1,0,1,0
C04515,69147.71,52057.3,80087.18,51137.7,72,797.01,225371.8,0,1,58,0.4432,0.438,0.0338,0,1,0,1,0
C04516,64765.0,28239.71,69533.96,25177.94,73,272.51,205643.56,0,0,4,0.612,0.388,0.2042,1,0,0,0,0
C04517,41881.19,19828.09,44693.14,24541.14,74,300.19,75797.69,0,1,29,0.0736,0.1544,0.097,0,0,0,0,0
C04518,39513.99,20309.77,46353.69,26589.17,70,360.98,63799.06,0,2,12,0.297,0.1634,0.0608,0,0,0,0,0
C04519,20577.44,15349.38,23688.82,16875.46,67,182.19,15957.75,1,0,47,0.0818,0.3624,0.0245,0,0,0,0,0
C04520,27976.15,21467.15,24659.79,23474.36,73,298.62,37575.01,0,0,3,0.5837,0.1093,0.1754,0,1,0,0,0
C04521,51931.43,36926.0,47772.67,39048.23,70,421.92,62249.51,0,1,35,0.5017,0.231,0.2307,0,2,0,0,0
C04522,42292.74,20049.67,43242.55,20695.48,51,525.92,57159.33,2,0,8,0.258,0.3699,0.1991,0,0,0,0,0
C04523,46543.14,34869.15,50858.47,38035.6,80,612.85,36670.34,0,1,8,0.3889,0.1246,0.2209,0,0,0,1,0
C04524,71831.75,26203.97,87185.72,29640.21,92,335.04,64409.41,1,1,41,0.2921,0.2255,0.0294,0,0,0,0,0
C04525,26373.69,14248.69,27898.31,17805.18,68,258.6,75701.59,0,0,54,0.6254,0.4279,0.1647,0,0,0,0,0
C04526,40462.73,21037.9,50758.21,20770.13,63,421.87,114087.29,1,0,18,0.1503,0.1419,0.0872,0,1,0,0,0
C04527,48988.35,28945.15,47283.5,30834.87,74,458.55,149068.63,0,1,14,0.335,0.1816,0.107,0,1,0,0,0
C04528,32779.08,19742.45,32303.47,20520.03,90,177.7,26008.14,1,1,49,0.4035,0.1449,0.0249,0,0,0,0,0
C04529,85697.8,38686.73,86839.14,45375.18,66,568.82,286474.33,2,1,16,0.1171,0.1485,0.2036,0,0,0,0,0
C04530,67729.82,29939.97,64474.23,40059.97,68,644.07,69430.47,0,0,33,0.5285,0.1648,0.0517,0,0,0,0,0
C04531,51275.98,36488.24,60973.74,42947.68,78,698.55,43104.39,0,2,27,0.0832,0.4278,0.1041,0,1,0,0,0
C04532,100893.63,38772.27,72403.32,44424.85,75,532.77,64226.68,0,4,21,0.0959,0.3447,0.0385,0,1,0,0,0
C04533,22923.43,13111.72,22684.38,15195.76,70,167.2,14904.89,1,0,31,0.3579,0.3946,0.0215,0,0,0,0,0
C04534,44843.81,19562.71,53264.8,23516.15,68,399.58,49232.91,2,0,3,0.219,0.1066,0.1893,1,1,0,0,0
C04535,53064.82,26203.69,53729.28,35105.96,78,370.54,182343.79,0,1,24,0.0896,0.1518,0.0715,0,0,0,0,0
C04536,29818.01,14157.07,35147.88,12001.71,69,131.81,76851.08,0,0,43,0.1373,0.3982,0.0331,0,1,0,0,0
C04537,51520.72,34458.86,67683.91,38661.17,64,672.88,101065.29,0,1,19,0.5657,0.1718,0.0988,0,1,0,0,0
C04538,27349.56,15184.73,28980.85,11240.57,78,148.11,36822.89,0,1,56,0.561,0.1295,0.1028,0,0,0,0,0
C04539,61400.21,29763.68,73082.96,34649.76,69,483.93,131918.03,0,0,43,0.4467,0.2143,0.2448,0,0,0,0,0
C04540,72434.89,52450.71,97084.23,58541.53,70,612.2,126833.11,1,0,18,0.4036,0.2246,0.2356,0,0,0,0,0
C04541,50866.91,19767.28,55864.62,19458.53,59,233.45,160284.46,1,1,25,0.0616,0.3103,0.2161,0,0,0,0,0
C04542,19548.6,13583.58,20413.28,9910.53,74,127.23,21314.71,1,0,58,0.3189,0.2512,0.0397,0,1,0,0,0
C04543,29125.25,13448.31,33735.65,14097.5,62,241.37,24041.94,0,0,6,0.6111,0.1905,0.1213,1,0,0,0,0
C04544,58019.66,44275.31,69165.59,47673.04,91,642.31,64343.0,0,1,14,0.5694,0.2677,0.1988,0,0,0,0,0
C04545,45431.33,16014.61,47491.28,16694.07,74,238.69,121304.46,1,1,45,0.5004,0.2634,0.0427,1,0,0,0,0
C04546,13388.03,8039.49,13280.11,7841.95,66,117.92,27182.98,1,0,21,0.3399,0.22,0.244,0,1,0,0,0
C04547,78723.06,49597.04,98883.05,46739.53,71,530.28,203556.37,0,0,55,0.3968,0.354,0.1813,0,0,0,0,0
C04548,47854.15,29180.75,48692.86,30458.45,64,378.09,87291.29,1,0,56,0.4294,0.2222,0.2223,0,1,0,0,0
C04549,31127.1,22310.56,37142.34,21279.25,71,319.73,47999.62,0,1,17,0.58,0.2506,0.2027,0,0,0,0,0
C04550,70414.03,28198.97,76155.87,32347.5,69,427.98,73206.56,2,1,41,0.4679,0.1933,0.1777,0,2,0,0,0
C04551,33174.1,17814.5,42105.76,18536.98,71,207.17,94888.16,0,0,19,0.4129,0.263,0.0498,0,0,0,0,0
C04552,33011.6,24385.06,31298.78,20557.58,64,301.63,45175.92,0,1,33,0.6204,0.2167,0.2141,0,3,0,0,0
C04553,52874.5,39652.22,50118.81,42475.61,78,621.63,17768.12,0,1,14,0.2673,0.2463,0.2006,1,1,0,0,0
C04554,100296.4,57595.71,115595.45,63338.17,80,591.2,118806.22,0,0,59,0.263,0.2315,0.0642,0,0,0,0,0
C04555,93436.0,56162.99,85434.07,69875.66,57,955.97,66962.47,0,0,53,0.5744,0.2978,0.2158,0,0,0,0,0
C04556,52906.84,36704.59,56292.64,42627.85,67,668.81,108090.48,0,0,24,0.5255,0.4076,0.033,0,2,0,0,0
C04557,55408.67,38831.76,68474.54,36585.62,67,562.57,102451.85,1,0,6,0.1935,0.3745,0.0515,0,0,0,0,0
C04558,64253.55,48166.81,53704.41,58816.46,74,630.11,114523.33,0,0,49,0.4205,0.3342,0.0673,0,0,0,0,0
C04559,25559.78,18651.88,28071.19,16482.22,82,213.25,26309.11,0,0,16,0.5783,0.3333,0.1466,0,1,0,0,0
C04560,60131.22,32259.83,71881.43,33981.86,71,516.59,32279.75,1,1,47,0.429,0.2389,0.1803,0,0,0,0,0
C04561,32340.79,20775.37,33857.29,23694.06,68,261.26,19325.97,0,2,37,0.3287,0.4473,0.0201,1,2,0,0,0
C04562,51934.2,29470.37,48753.18,36102.48,75,546.54,71294.97,1,0,34,0.2667,0.2145,0.0747,0,0,0,0,0
C04563,40621.69,16373.9,41372.66,20904.03,82,195.67,92236.73,1,0,31,0.4401,0.1304,0.1212,0,0,0,0,0
C04564,56385.17,40583.59,53530.82,48820.71,83,679.4,14462.27,0,1,4,0.5625,0.387,0.0809,0,2,0,0,0
C04565,47456.29,29460.56,50222.94,30450.62,72,357.38,10651.82,1,1,44,0.3421,0.3612,0.0941,0,0,0,0,0
C04566,12000.0,5000.0,12201.54,5597.8,85,100.0,7580.14,0,0,23,0.2478,0.1258,0.1163,0,0,0,0,0
C04567,48772.36,31925.93,48207.03,34381.95,85,445.76,91363.82,0,1,7,0.14,0.2902,0.2479,0,1,0,0,0
C04568,60077.26,28680.61,66441.7,27673.0,65,467.18,78024.78,1,0,16,0.1454,0.109,0.1667,0,0,0,0,0
C04569,54999.84,20964.25,68171.96,21721.59,80,234.06,91463.88,0,0,17,0.2745,0.3887,0.0252,1,2,0,0,0
C04570,42969.85,26768.72,46808.72,33882.19,63,688.05,52028.8,0,2,9,0.4772,0.1509,0.0538,0,0,0,1,0
C04571,94220.26,64022.09,114123.34,72187.43,75,898.0,232339.58,0,1,11,0.5027,0.1798,0.204,0,2,0,0,0
C04572,51768.42,30169.5,64164.84,39133.58,83,444.6,62185.47,2,2,30,0.2583,0.3418,0.027,0,2,0,1,0
C04573,54795.91,19317.84,53678.24,17774.35,69,211.33,48157.84,1,0,10,0.1966,0.3516,0.0925,0,1,0,0,0
C04574,72001.28,43891.78,77976.16,44076.7,66,490.77,195805.72,0,0,8,0.5066,0.2123,0.0574,0,0,0,0,0
C04575,52975.49,18698.97,52922.85,20565.71,74,331.15,179314.66,0,0,47,0.6235,0.3179,0.231,0,0,0,0,0
C04576,30040.74,23037.76,26199.74,26241.91,69,342.57,61682.22,1,0,45,0.3396,0.1104,0.1582,0,0,0,1,0
C04577,15020.42,7063.91,16412.68,7318.11,68,106.99,5854.61,1,0,58,0.2527,0.4483,0.2285,0,0,0,0,0
C04578,36305.09,26936.67,33536.54,30871.05,73,494.97,103287.48,0,1,49,0.3021,0.1927,0.1378,0,0,0,0,0
C04579,63376.17,22527.01,70228.18,25796.92,72,273.86,102337.2,0,2,4,0.5632,0.3849,0.1893,0,0,0,0,0
C04580,38388.93,15115.54,33140.96,13353.81,57,250.88,95432.0,2,1,4,0.063,0.1961,0.1406,0,0,0,0,0
C04581,64534.03,35695.95,69084.92,40708.13,74,504.98,137115.79,0,0,22,0.1182,0.1601,0.1327,0,1,0,0,0
C04582,48114.82,33265.3,41451.49,39212.86,59,798.33,89116.86,2,0,18,0.151,0.1538,0.088,0,1,0,0,0
C04583,80341.98,62196.96,90855.83,67517.2,61,1033.18,113635.06,1,0,52,0.6126,0.4446,0.1145,0,2,0,0,0
C04584,39401.94,23030.14,39512.04,19096.7,58,418.89,34867.57,1,0,56,0.3832,0.158,0.0537,0,1,0,0,0
C04585,55539.2,28322.62,55051.84,28797.87,81,328.55,81725.33,1,0,30,0.1783,0.2836,0.1438,0,0,0,0,0
C04586,56503.96,20909.27,66967.4,23053.57,62,267.32,41367.93,0,1,57,0.3862,0.2895,0.1423,0,0,0,0,0
C04587,88445.22,54187.67,89454.52,51267.79,69,764.08,213819.47,0,0,12,0.3499,0.2993,0.1492,1,0,0,0,0
C04588,20877.58,10877.63,22199.18,12620.19,72,136.3,10245.68,1,1,18,0.3295,0.2987,0.1227,0,0,0,0,0
C04589,36612.1,27792.61,37570.09,31615.51,87,284.72,93761.94,0,1,4,0.3638,0.3715,0.097,0,0,0,0,0
C04590,65923.48,37314.45,73233.55,39782.37,65,605.39,186868.64,1,1,40,0.6243,0.1223,0.0848,0,1,0,0,0
C04591,90225.84,62657.44,106029.21,65921.44,65,884.78,200999.33,1,1,15,0.103,0.2898,0.0709,0,1,0,0,0
C04592,50133.76,36682.61,57667.68,39365.81,60,673.1,146332.64,1,0,16,0.3124,0.2575,0.1841,0,1,0,0,0
C04593,39446.51,15550.8,39209.82,16320.76,80,223.51,52674.41,0,1,23,0.2669,0.1495,0.2411,0,1,1,0,0
C04594,63267.12,34694.48,75609.63,31077.28,74,520.77,117003.02,2,0,21,0.3058,0.4294,0.2322,0,0,0,0,0
C04595,66525.06,50038.34,62536.07,49957.64,74,589.0,123665.84,1,1,3,0.375,0.1637,0.1669,0,0,0,0,0
C04596,38275.68,20707.33,36779.18,21922.79,72,306.42,88141.07,1,2,24,0.3498,0.3171,0.1147,0,0,0,0,0
C04597,52211.4,31552.36,54021.25,38501.21,62,718.32,91453.84,0,0,29,0.4858,0.2359,0.1898,1,1,1,0,0
C04598,76546.6,56866.23,89989.42,64432.01,69,980.16,30369.57,0,2,45,0.5199,0.3625,0.1912,0,1,0,0,0
C04599,105358.52,47903.06,95832.2,58761.63,66,816.11,200116.08,2,0,54,0.5191,0.4163,0.2341,1,0,0,0,0
C04600,62855.27,47302.47,72722.17,41692.65,69,454.19,18267.71,1,1,47,0.3394,0.1414,0.0357,0,1,0,0,0
C04601,45902.75,24267.08,47896.32,24443.22,83,239.72,75288.62,1,2,9,0.092,0.3922,0.1418,0,0,0,0,0
C04602,43918.19,27091.6,43828.25,35188.27,75,338.79,13468.63,1,1,41,0.5957,0.2207,0.0621,0,0,0,0,0
C04603,57829.03,28776.75,68338.69,27649.97,78,378.88,103461.0,4,1,12,0.6382,0.1472,0.0241,0,1,0,1,0
C04604,42717.54,25083.89,40738.85,24041.63,82,294.23,60917.18,0,0,3,0.2876,0.3066,0.2145,0,1,0,0,0
C04605,49008.84,18240.04,64901.48,18557.23,65,251.14,92204.04,0,1,11,0.4204,0.4106,0.1971,0,0,0,0,0
C04606,27955.62,10605.44,28760.82,13704.07,88,197.74,54521.17,0,0,35,0.4941,0.296,0.2388,0,2,0,0,0
C04607,80667.7,43288.32,86151.57,41964.44,69,608.58,227429.07,2,2,59,0.1453,0.3309,0.2317,0,0,0,0,0
C04608,26939.12,13489.18,33273.81,15066.04,64,304.59,89164.26,1,0,25,0.3396,0.2175,0.1113,0,0,0,0,0
C04609,37047.92,23232.98,39682.45,25487.61,66,355.53,37635.32,3,1,54,0.5951,0.1005,0.1065,0,0,0,0,0
C04610,47020.3,17259.25,56079.43,14128.1,67,226.35,150959.0,1,1,41,0.1358,0.1209,0.1132,1,0,0,0,0
C04611,110234.13,46899.21,89909.27,49155.94,69,631.2,158773.11,0,0,10,0.3896,0.3133,0.2474,0,0,0,0,0
C04612,37205.45,16530.99,37089.68,16260.69,80,255.96,27584.21,2,3,53,0.2079,0.3829,0.0372,0,0,0,0,0
C04613,33346.59,18281.31,36601.48,20682.68,73,241.96,72901.59,0,0,29,0.4454,0.4334,0.0309,0,0,0,0,0
C04614,35120.85,16193.37,41434.53,20382.4,76,219.32,52439.18,1,0,11,0.2709,0.2917,0.1675,0,2,0,0,0
C04615,94932.51,39107.28,108447.44,39445.72,63,677.51,119382.36,2,2,39,0.1548,0.124,0.1055,0,0,0,0,0
C04616,12693.71,7856.24,14358.15,7924.19,82,100.0,28665.09,0,1,32,0.2858,0.1252,0.143,0,0,0,0,0
C04617,28657.94,19623.3,33739.76,26533.44,69,470.37,71524.26,1,0,59,0.4082,0.2431,0.142,0,0,0,0,0
C04618,153813.74,101266.45,170272.18,97683.14,63,1198.41,257661.48,1,3,17,0.1633,0.2982,0.0369,0,1,0,0,0
C04619,58707.03,27843.63,46543.98,24748.53,58,314.38,65504.22,0,1,11,0.182,0.1884,0.0984,0,1,0,0,0
C04620,27356.91,20093.66,33459.27,24420.0,56,312.42,76449.18,0,1,22,0.1942,0.2539,0.1002,0,0,1,0,0
C04621,44159.12,27613.58,41928.21,28826.48,61,416.81,103135.57,1,0,49,0.4444,0.4135,0.1362,0,0,0,0,0
C04622,46386.9,29066.03,50452.01,31507.53,69,540.49,105695.37,1,1,39,0.2323,0.3767,0.2467,0,0,0,0,0
C04623,65852.6,29355.89,70575.58,38684.62,51,950.66,212904.97,1,4,49,0.4291,0.4316,0.0497,0,0,0,0,0
C04624,102970.07,47262.83,108703.38,41668.92,65,796.18,359255.57,0,0,27,0.2924,0.3582,0.2252,0,0,0,0,0
C04625,53597.95,30209.82,49164.06,31011.72,80,487.96,18926.65,0,0,42,0.3285,0.1104,0.1149,0,0,0,0,0
C04626,35295.58,16130.77,28849.08,14544.27,61,209.63,36702.79,0,1,4,0.4815,0.2359,0.2079,0,0,0,0,0
C04627,64126.04,42299.78,59618.91,46116.15,74,642.74,184368.81,1,1,27,0.3323,0.2521,0.0639,1,2,0,0,0
C04628,32866.33,16066.69,37768.3,15803.83,63,228.36,17485.62,0,0,30,0.0978,0.2491,0.0789,0,1,0,0,0
C04629,28266.03,11825.44,24772.5,10752.25,74,163.24,8286.69,0,0,60,0.5646,0.1768,0.1827,1,0,1,0,0
C04630,20383.05,8524.72,19249.06,9700.06,74,163.23,26265.6,2,2,4,0.1408,0.2987,0.1819,0,0,0,0,0
C04631,22250.28,9061.48,24479.0,9525.79,66,115.31,62285.89,0,0,55,0.3857,0.1364,0.1448,0,0,0,0,0
C04632,30062.01,16470.6,27858.73,14820.31,74,198.08,46747.04,2,0,3,0.5336,0.3719,0.0743,0,0,0,0,0
C04633,26487.08,9306.71,26085.38,8442.64,66,123.99,23994.19,0,1,25,0.2158,0.1829,0.0755,0,0,0,0,0
C04634,51811.85,30779.74,54911.16,33086.28,82,502.21,39475.95,0,0,17,0.626,0.1555,0.0444,0,0,0,0,0
C04635,26230.73,12701.87,28431.94,10790.33,71,187.16,52924.86,0,0,33,0.2483,0.2509,0.2092,0,1,0,0,0
C04636,12000.0,7183.39,11091.99,7738.65,56,168.14,16324.14,1,0,18,0.4379,0.1277,0.09,0,1,1,0,0
C04637,28131.84,21688.0,30014.23,26258.68,68,443.15,64055.26,0,1,5,0.5479,0.315,0.2275,0,3,0,0,0
C04638,36391.15,26968.44,39952.48,30475.61,68,560.31,102480.49,0,1,51,0.1061,0.3334,0.0305,1,1,0,0,0
C04639,34267.94,20882.66,30745.74,20364.79,72,367.18,7303.63,0,2,5,0.4014,0.1933,0.1928,0,0,0,1,0
C04640,89161.43,47980.59,95918.19,51959.18,64,631.72,113286.53,0,0,20,0.3732,0.1118,0.1805,1,1,0,0,0
C04641,34143.37,22680.18,32914.55,20407.87,60,424.18,68379.99,3,0,48,0.5712,0.1852,0.1947,1,0,0,0,0
C04642,66891.91,51199.92,71231.18,54597.24,77,731.3,162594.81,0,1,44,0.1246,0.3404,0.1396,1,0,0,0,0
C04643,44617.24,25445.04,50719.52,25719.29,69,321.02,53698.33,0,1,23,0.3388,0.1665,0.0497,1,0,1,0,0
C04644,44151.43,17426.06,45425.15,16123.95,85,197.58,77863.62,0,0,34,0.0882,0.1154,0.0548,0,3,0,0,0
C04645,30899.54,21467.14,35831.41,24147.22,78,308.88,16931.15,1,2,41,0.5279,0.3757,0.1739,0,1,0,0,0
C04646,43825.26,15545.5,50175.44,12633.88,64,202.25,22833.4,2,1,38,0.5946,0.2388,0.2095,0,2,0,0,0
C04647,31892.45,22136.14,36961.42,20093.03,71,261.31,96995.04,1,0,36,0.0606,0.3358,0.2457,0,0,0,0,0
C04648,48578.13,18858.64,53356.92,17390.12,66,286.57,96132.89,0,3,33,0.1848,0.4094,0.2118,0,0,0,0,0
C04649,40461.47,16102.75,47829.18,15932.44,67,263.08,69900.48,2,0,53,0.4578,0.2391,0.1915,0,2,0,0,0
C04650,29417.21,20644.06,32247.48,24895.1,75,244.68,48340.78,0,0,52,0.3463,0.2401,0.0703,0,0,0,0,0
C04651,70317.1,46429.31,59764.52,52953.14,78,788.99,235260.0,1,2,36,0.2998,0.4177,0.1185,0,0,0,1,0
C04652,54529.44,32873.42,52072.97,34932.53,64,560.57,86925.55,2,3,55,0.2199,0.3153,0.1637,0,1,0,0,0
C04653,36782.94,26456.62,37689.61,27964.11,66,518.79,38981.54,2,0,31,0.2087,0.1357,0.221,0,0,0,0,0
C04654,48044.82,35222.42,49944.19,36933.85,71,567.27,24781.94,1,0,49,0.3176,0.3333,0.0355,0,0,0,0,0
C04655,43334.21,24088.64,47361.2,29258.52,85,446.16,123583.74,1,2,40,0.0664,0.1486,0.1056,0,1,0,0,0
C04656,30454.89,24313.19,29028.56,20231.43,72,321.85,101045.02,0,1,20,0.1102,0.2118,0.1627,0,0,0,0,0
C04657,46450.43,23732.04,59969.6,27115.92,62,422.28,151729.7,1,2,8,0.1457,0.1744,0.1861,0,1,0,1,0
C04658,34028.8,14536.37,35311.86,14376.71,59,205.48,25831.68,2,1,21,0.5384,0.387,0.0782,0,2,0,0,0
C04659,29413.16,21491.89,30856.69,23863.71,77,334.66,68399.65,2,0,12,0.5502,0.3363,0.1438,0,0,0,0,0
C04660,21680.59,11642.62,21019.55,12934.17,66,195.66,42396.48,0,0,43,0.1836,0.3491,0.0373,1,1,0,0,0
C04661,38293.85,28472.43,35597.76,32401.32,56,555.07,59218.3,1,2,42,0.199,0.1363,0.2394,0,0,0,0,0
C04662,58078.72,21926.16,60102.39,27189.26,70,464.95,167646.86,0,1,26,0.063,0.336,0.2006,0,1,0,0,0
C04663,32919.52,13166.93,34674.33,11659.0,48,303.71,104243.48,2,1,36,0.2065,0.209,0.0859,1,0,0,0,0
C04664,139907.49,51503.12,145443.84,60292.3,73,804.61,90751.57,1,2,53,0.4,0.3812,0.1571,0,0,0,0,0
C04665,67035.41,41622.62,83701.67,43384.81,70,445.35,14560.68,0,0,26,0.3832,0.19,0.0882,0,1,0,0,0
C04666,80932.14,58622.3,83752.05,58311.44,86,832.3,68355.3,0,0,35,0.6108,0.4451,0.195,0,1,0,0,0
C04667,64361.9,34188.87,66916.33,44242.16,80,401.57,184817.32,0,1,7,0.5447,0.225,0.1948,0,0,0,0,0
C04668,103591.13,40484.76,118905.57,45919.0,74,601.64,333927.41,2,2,6,0.3192,0.1817,0.1213,0,1,0,1,0
C04669,31579.61,16360.16,32510.33,16359.11,72,204.28,77226.75,1,0,10,0.4125,0.2115,0.0668,0,0,1,0,0
C04670,14215.47,7201.85,15846.28,8389.27,59,130.33,3667.97,0,1,54,0.1045,0.4196,0.0991,0,0,0,0,0
C04671,36815.02,23545.5,33005.21,24592.64,54,493.54,77635.19,2,0,11,0.6302,0.4434,0.2094,1,0,0,0,0
C04672,57850.43,37224.91,51918.6,37152.47,73,617.56,91776.41,0,1,11,0.5776,0.359,0.157,0,0,0,0,0
C04673,48175.24,19094.77,51289.62,18660.74,60,352.07,133835.55,0,0,8,0.2995,0.4001,0.2405,0,0,0,0,0
C04674,50938.81,27460.07,52069.95,29836.68,64,448.2,136703.58,2,1,32,0.4994,0.1,0.029,1,1,0,0,0
C04675,81538.23,52113.65,77699.17,50880.4,88,672.26,69788.87,1,2,50,0.5596,0.3667,0.2365,0,0,0,1,0
C04676,53441.54,24929.81,56895.05,26641.28,64,452.79,66518.97,1,0,29,0.5331,0.2042,0.0214,0,2,0,0,0
C04677,64468.28,34373.59,69309.33,39751.06,64,617.79,58850.65,2,1,52,0.1292,0.1648,0.1221,0,0,0,0,0
C04678,29484.34,18461.99,28446.86,19629.92,54,327.33,57300.23,0,0,15,0.4086,0.2094,0.1342,0,1,0,0,0
C04679,27487.61,14603.94,27150.73,18797.9,75,248.79,12921.73,2,1,19,0.556,0.3186,0.2136,0,0,0,0,0
C04680,93038.53,33855.55,100108.9,35601.98,64,651.9,200995.02,1,0,28,0.3246,0.2142,0.0248,0,0,0,0,0
C04681,47090.35,21199.0,43674.92,25690.75,73,391.11,83801.83,2,0,12,0.3978,0.4124,0.1801,0,1,1,0,0
C04682,33994.86,23770.44,33230.52,27743.8,64,513.63,69691.83,1,0,15,0.4675,0.2055,0.1575,0,1,0,0,0
C04683,34022.94,15712.71,37904.01,19374.33,58,431.18,100936.98,0,0,27,0.2161,0.3644,0.2384,0,1,0,0,0
C04684,33601.04,24124.55,35184.98,31039.91,82,485.38,60779.0,0,3,53,0.5656,0.4486,0.0662,1,0,0,1,0
C04685,32708.37,18320.24,32470.76,15364.07,58,331.44,91494.31,0,1,60,0.344,0.4073,0.0377,0,0,0,0,0
C04686,25260.6,14217.03,23786.18,15380.27,75,236.37,83035.54,0,0,19,0.4656,0.3088,0.2468,0,0,0,0,0
C04687,22907.7,15960.54,21267.85,16544.31,69,310.73,11462.71,0,1,6,0.4308,0.4225,0.0494,0,2,0,1,0
C04688,41219.46,21536.43,42628.73,22901.24,72,313.28,18710.31,1,1,36,0.6101,0.3765,0.073,0,0,0,0,0
C04689,34461.61,15759.85,44562.22,15796.29,69,179.95,27872.76,1,3,55,0.134,0.1293,0.112,1,0,0,0,0
C04690,74060.64,29421.67,82791.97,28974.02,67,512.17,192526.0,0,1,23,0.2827,0.4208,0.2305,0,0,1,0,0
C04691,51343.94,33494.71,45699.0,30749.8,53,466.38,118101.29,1,0,31,0.4343,0.1018,0.0977,1,0,0,0,0
C04692,50706.57,28470.43,57545.16,30226.65,67,454.67,111005.63,1,0,47,0.3691,0.1123,0.1209,0,0,1,0,0
C04693,32209.4,23005.02,30886.68,26733.71,68,487.87,78005.44,2,1,30,0.2284,0.3588,0.0869,0,0,0,0,0
C04694,42614.72,23691.81,44720.62,23472.81,76,361.57,72962.51,0,1,46,0.5576,0.3301,0.2387,1,0,0,0,0
C04695,52937.55,28409.72,51843.69,28710.27,79,323.23,61341.0,0,1,9,0.1511,0.4306,0.1561,0,1,0,0,0
C04696,62112.71,30092.58,80294.99,29076.39,70,348.95,50386.98,0,2,35,0.4359,0.2067,0.2395,0,1,0,0,0
C04697,43138.3,18969.74,39424.39,17654.72,64,293.81,142369.62,0,0,22,0.0544,0.3509,0.2058,0,2,0,0,0
C04698,73132.16,52925.5,79540.98,54072.01,61,1022.74,74498.61,0,0,51,0.5292,0.1449,0.2392,0,0,0,0,0
C04699,45162.07,17741.7,43706.1,19359.49,87,257.83,59874.55,1,0,13,0.3811,0.1879,0.1129,0,0,0,0,0
C04700,64292.55,48602.43,73207.31,58365.76,64,1057.48,165890.34,0,0,16,0.1194,0.1869,0.1942,0,1,0,0,0
C04701,36097.69,13071.3,39173.74,11854.99,76,109.46,96659.25,1,0,52,0.4285,0.4274,0.2149,1,1,0,0,1
C04702,19905.53,11645.01,23897.51,12184.8,79,172.84,38665.81,0,1,6,0.3816,0.3721,0.1735,0,0,0,0,0
C04703,50776.01,19104.37,57690.39,22760.49,59,422.22,96920.05,0,2,38,0.0558,0.4011,0.1259,0,0,0,0,0
C04704,62368.37,43709.2,60296.24,39711.54,66,566.04,211437.71,1,0,57,0.5526,0.2397,0.2054,0,0,0,0,0
C04705,58298.06,25952.75,81614.04,31196.29,69,587.38,100634.58,1,2,48,0.5852,0.3583,0.033,0,2,0,0,0
C04706,54415.36,32903.07,60762.97,32815.07,81,392.69,172276.46,0,2,8,0.2552,0.4484,0.0829,0,0,0,0,0
C04707,38466.91,29327.2,37848.38,33296.95,64,386.13,132938.6,0,1,49,0.6087,0.2354,0.2252,0,1,0,0,0
C04708,31300.27,20099.98,33637.3,20579.01,66,229.42,12794.59,1,1,21,0.3811,0.1406,0.0792,0,0,0,0,0
C04709,57681.71,24817.21,64932.31,27424.25,68,385.39,136470.34,3,0,38,0.4076,0.4364,0.2389,0,0,0,0,0
C04710,54519.79,38627.55,61124.07,48017.32,66,778.15,184232.44,1,1,24,0.3494,0.2885,0.1637,0,1,0,0,0
C04711,34961.87,19182.38,38791.01,19862.02,81,318.64,58215.52,2,0,42,0.389,0.3431,0.0968,0,1,0,0,0
C04712,74136.16,26387.25,86441.12,30862.0,75,395.58,107764.34,1,0,44,0.2536,0.1956,0.154,0,1,0,0,0
C04713,30246.27,17211.47,34909.66,18639.27,64,304.06,43426.11,0,1,45,0.1874,0.3819,0.1609,0,0,0,0,0
C04714,34607.73,24765.92,32818.23,23668.23,73,390.98,93912.68,0,1,12,0.5095,0.4182,0.158,0,1,0,0,0
C04715,93977.35,51074.9,122449.34,52736.34,63,942.43,226526.47,0,0,43,0.5301,0.3156,0.2012,0,0,0,0,0
C04716,66521.44,45985.78,85564.31,47136.69,62,947.78,109718.18,0,1,47,0.302,0.3828,0.0506,0,0,0,0,0
C04717,38304.15,25567.51,43900.99,22514.31,85,287.03,81592.37,1,1,29,0.2391,0.3679,0.1039,0,1,0,0,0
C04718,51212.51,28454.21,54010.94,31444.31,73,543.92,111468.01,0,0,20,0.4676,0.433,0.1973,0,0,0,0,0
C04719,48246.29,23904.94,50982.16,26987.63,70,418.18,56117.16,1,2,33,0.194,0.1201,0.0535,0,1,0,0,0
C04720,13080.68,8854.87,13226.51,10160.85,76,103.86,2883.44,1,1,40,0.2419,0.1433,0.0453,0,0,0,0,0
C04721,29926.64,15442.55,30724.9,18864.23,80,213.67,6357.76,2,1,60,0.472,0.2731,0.1387,0,0,0,0,0
C04722,43982.05,18760.07,34639.64,21845.55,60,356.12,73982.21,1,2,48,0.3703,0.3619,0.1349,1,0,0,0,0
C04723,38328.25,18949.04,47282.95,18525.28,66,331.36,94483.02,4,0,60,0.6284,0.1983,0.0466,0,2,0,0,0
C04724,50292.63,37446.77,59913.34,37565.7,70,471.32,163099.28,1,0,16,0.4538,0.363,0.1807,0,0,0,0,0
C04725,74808.35,35722.87,63497.15,41104.55,63,649.63,222145.18,1,1,38,0.5912,0.1206,0.1073,0,0,0,0,0
C04726,38938.03,17745.32,45043.46,19462.44,69,235.39,52244.97,1,3,25,0.3471,0.1991,0.0646,0,1,0,1,0
C04727,27958.4,11464.04,29330.44,12012.72,67,165.79,55358.24,0,1,12,0.3928,0.3722,0.0938,1,1,0,0,0
C04728,52083.37,19522.41,53443.5,18449.33,70,228.8,87606.18,0,0,19,0.3456,0.2864,0.0781,0,0,1,0,0
C04729,38848.99,30671.72,43089.0,30251.95,66,579.23,34295.01,0,0,9,0.3032,0.2633,0.1745,0,0,0,0,0
C04730,41948.13,24814.4,35272.74,27790.57,79,437.13,37128.2,2,0,57,0.5191,0.2782,0.1613,0,1,0,1,0
C04731,39463.03,26769.35,41382.91,21841.07,69,360.31,117572.84,1,0,23,0.3546,0.2402,0.2373,0,0,0,0,0
C04732,123407.21,86118.24,130754.59,66242.47,70,732.02,75408.27,0,0,11,0.5126,0.1362,0.09,0,0,0,0,0
C04733,16417.46,8348.98,17396.83,9461.11,81,147.8,7080.1,2,2,48,0.6059,0.1878,0.2345,0,2,0,1,0
C04734,37785.0,26808.75,33473.78,26432.95,63,333.16,41989.05,0,0,37,0.3944,0.2681,0.1262,0,0,0,0,0
C04735,44925.36,35161.64,49580.97,38896.66,69,413.05,81488.27,0,0,21,0.3655,0.3647,0.0905,0,0,0,0,0
C04736,31662.99,21650.92,37272.96,26829.84,84,232.05,11255.04,0,1,13,0.5258,0.1626,0.1312,0,0,0,0,0
C04737,67463.32,45219.31,74134.08,41983.06,60,607.32,89325.2,0,0,18,0.3849,0.1262,0.2458,0,0,0,0,0
C04738,64885.78,35330.64,66345.54,30018.64,69,346.58,190660.76,1,2,27,0.4503,0.3877,0.0361,0,0,0,0,0
C04739,44043.29,32089.68,60457.55,32629.82,74,353.8,62597.42,0,0,41,0.3962,0.264,0.0237,0,0,0,0,0
C04740,39839.52,15536.49,37411.34,15036.59,86,152.18,86070.04,0,2,58,0.2731,0.2782,0.0583,0,0,0,0,0
C04741,42789.04,29411.37,48899.92,30792.44,75,504.68,144341.19,2,1,26,0.3836,0.4464,0.2045,0,1,0,1,0
C04742,42927.32,22017.3,46326.86,24539.69,73,417.84,108256.69,0,1,13,0.5719,0.1318,0.0689,0,1,0,0,0
C04743,43440.61,26268.02,56102.57,28611.22,74,480.87,106237.26,1,0,35,0.2234,0.2673,0.0745,0,2,0,0,0
C04744,41349.61,31088.03,45336.12,32814.97,68,564.35,140851.56,1,0,41,0.5187,0.2173,0.0318,0,0,0,0,0
C04745,50413.79,31370.42,56571.26,36922.33,65,622.46,25621.29,2,1,47,0.3086,0.397,0.039,0,0,1,0,0
C04746,63156.0,22831.63,70146.49,25810.8,72,377.69,207795.57,0,1,48,0.5779,0.1542,0.1994,1,1,0,0,0
C04747,25869.0,17466.03,23877.12,17959.13,70,332.58,18175.82,0,0,48,0.1726,0.4339,0.1553,0,1,0,0,0
C04748,28046.5,21541.42,26524.54,24260.59,70,307.55,8892.62,1,2,16,0.5371,0.4282,0.0709,1,0,0,0,0
C04749,20487.8,13089.76,20834.45,11316.44,67,192.64,35561.29,0,0,34,0.276,0.2263,0.1472,0,2,0,0,0
C04750,66456.08,49020.6,77413.76,57729.1,67,636.72,207315.12,2,1,22,0.3933,0.1309,0.0665,0,1,0,0,0
C04751,50365.58,36332.88,54292.66,38246.27,82,351.07,62150.48,0,0,55,0.1225,0.3896,0.2298,0,2,0,0,0
C04752,56488.26,41664.7,57911.3,37744.82,65,610.33,28223.32,0,0,42,0.1662,0.1641,0.0492,0,1,0,0,0
C04753,23650.6,11939.89,28727.53,11939.93,69,210.12,6216.95,0,1,52,0.6047,0.3931,0.2015,0,0,0,0,0
C04754,100473.01,56603.84,81594.98,66481.49,69,1195.91,149893.85,0,0,42,0.3158,0.43,0.1271,0,0,0,0,0
C04755,34215.53,25032.6,30605.84,23978.25,72,238.62,118022.43,0,0,9,0.287,0.2733,0.1893,0,0,1,0,0
C04756,48538.39,36873.62,36423.6,40534.12,60,588.14,118331.73,0,0,23,0.216,0.1377,0.0395,1,1,0,0,0
C04757,66097.81,27501.89,78986.7,31777.15,70,550.79,124134.06,0,0,42,0.3131,0.2997,0.0472,0,0,0,0,0
C04758,28861.88,12459.37,29969.97,13118.88,69,195.9,25325.46,0,0,6,0.4434,0.2456,0.202,0,1,0,0,0
C04759,35191.92,17809.69,41032.2,16852.4,75,179.61,117406.49,2,1,42,0.2938,0.2898,0.1971,0,0,0,0,0
C04760,48778.51,33980.77,50577.9,35419.23,73,472.55,16544.41,1,0,17,0.1629,0.2808,0.222,1,2,0,0,0
C04761,162800.48,121081.47,190929.47,106657.39,76,1646.65,51211.82,2,0,17,0.5295,0.3515,0.177,0,0,0,0,0
C04762,51530.23,31490.54,53322.95,31218.5,76,479.08,61057.61,0,1,48,0.2873,0.1813,0.1884,0,0,0,0,0
C04763,92714.51,37175.8,101910.81,34095.13,73,567.65,157684.39,2,2,19,0.6132,0.3985,0.1316,0,0,0,1,0
C04764,77417.7,37678.16,83736.66,39349.98,72,389.61,242743.6,2,0,49,0.331,0.1917,0.0227,0,0,0,0,0
C04765,53104.78,39067.08,57912.09,35069.84,85,365.19,135379.48,0,3,36,0.5768,0.4329,0.0627,0,0,0,1,0
C04766,28833.11,14601.08,36103.91,15477.29,80,170.62,43406.41,1,0,21,0.1143,0.2823,0.0313,0,0,0,0,0
C04767,72497.47,28728.08,61990.34,34069.91,65,448.37,170079.01,0,1,58,0.3932,0.3108,0.1223,0,0,0,0,0
C04768,22931.53,11143.14,23889.93,13299.11,73,175.24,59428.25,1,1,52,0.0933,0.2044,0.0513,0,0,0,0,0
C04769,92485.91,65944.1,99307.53,59385.76,76,741.29,75601.27,0,1,15,0.2112,0.2752,0.1323,0,2,0,0,0
C04770,49237.96,28167.35,51985.16,27324.26,75,342.43,64842.78,0,3,12,0.4027,0.4293,0.1249,0,2,0,0,0
C04771,13654.4,5833.27,13685.18,6721.86,53,121.95,13603.65,0,1,53,0.4399,0.1605,0.2311,0,1,0,0,0
C04772,38607.04,18943.88,38060.14,21491.55,61,312.61,113468.56,0,1,58,0.2465,0.2783,0.0953,1,0,0,0,0
C04773,60396.97,47055.98,74505.81,45934.91,70,845.66,188980.84,0,0,18,0.5325,0.3211,0.1672,0,0,0,0,0
C04774,40447.38,22018.78,42126.49,21834.34,76,299.46,127517.75,0,0,10,0.6047,0.2544,0.1839,0,2,1,0,0
C04775,62079.46,34064.22,83345.0,36103.7,83,425.48,133740.51,2,1,40,0.3183,0.1448,0.2247,0,1,0,1,0
C04776,30696.59,12858.23,34177.37,10672.39,57,157.99,42128.74,1,2,53,0.2692,0.2565,0.0238,1,1,0,0,0
C04777,25002.37,12177.39,25383.43,13553.92,68,170.08,46912.03,1,0,22,0.3291,0.364,0.1795,0,1,0,0,0
C04778,43576.24,31227.12,48645.09,36847.01,67,635.52,135142.4,2,0,18,0.4842,0.2952,0.2338,0,0,0,0,0
C04779,45643.77,32123.61,48522.61,32229.82,66,463.54,111743.77,1,0,49,0.3873,0.433,0.1826,0,1,0,0,0
C04780,38470.42,21003.86,46589.21,18476.97,71,233.01,113442.25,0,0,9,0.2856,0.4495,0.1343,0,2,0,0,0
C04781,78174.5,58798.44,71128.89,71705.5,60,969.97,38307.46,1,0,46,0.4454,0.2506,0.1204,0,1,0,0,0
C04782,30694.06,15995.18,25594.48,17216.12,70,318.87,59843.44,0,0,3,0.5001,0.3696,0.2266,1,0,0,0,0
C04783,51810.2,38285.06,56645.01,43456.42,71,561.35,149495.5,0,1,52,0.1339,0.3941,0.0622,1,0,0,0,0
C04784,46397.66,16898.24,53370.46,15064.17,64,191.97,90567.98,0,0,60,0.4923,0.4122,0.0704,0,0,0,0,0
C04785,22334.67,11307.01,24217.68,10084.75,70,164.6,26977.48,0,1,56,0.2468,0.1352,0.0559,1,1,0,0,0
C04786,24855.99,18263.71,28104.6,20084.5,72,346.41,33830.77,2,1,49,0.3312,0.2747,0.1803,0,0,0,0,0
C04787,45241.85,34184.25,50356.55,40108.65,73,634.04,18892.02,0,1,9,0.4737,0.1452,0.0479,0,1,0,0,0
C04788,109749.72,75770.2,95740.38,69291.2,70,913.99,340994.83,0,1,49,0.1851,0.2729,0.0275,0,0,0,0,0
C04789,58401.05,38044.76,63292.07,39482.23,87,517.17,145897.69,0,0,20,0.4945,0.4037,0.1491,0,0,0,0,0
C04790,20699.86,14841.33,25005.71,12756.61,81,140.39,65770.21,5,0,60,0.3768,0.2563,0.2287,0,1,0,1,0
C04791,12000.0,8020.81,12847.34,7746.6,69,111.44,8845.84,1,2,8,0.1133,0.3538,0.095,0,0,0,0,0
C04792,62585.69,29064.76,55876.82,29621.55,74,304.79,60783.66,1,0,21,0.5639,0.1166,0.1222,0,1,0,0,0
C04793,43093.25,24123.89,43521.48,26745.11,74,314.91,85905.23,1,2,49,0.423,0.1067,0.2294,0,0,0,0,0
C04794,75206.09,48682.2,83990.97,38814.65,70,557.23,38070.07,0,2,31,0.1011,0.1761,0.2199,0,1,0,0,0
C04795,30275.52,18604.65,38312.93,22482.74,78,214.47,68214.4,0,0,21,0.5019,0.2168,0.134,0,0,0,0,0
C04796,52681.17,39421.0,42947.72,40585.26,74,625.43,66837.42,3,0,8,0.1539,0.3711,0.1142,0,0,0,0,0
C04797,65854.02,37090.97,72001.36,44706.73,78,543.2,49756.84,0,1,47,0.3161,0.2515,0.0289,0,1,0,0,0
C04798,36792.86,15824.4,34516.67,17942.4,64,285.42,48684.03,0,0,17,0.3827,0.3325,0.1657,1,1,0,0,0
C04799,37148.52,16589.12,41269.31,19115.24,71,262.7,123001.53,0,0,58,0.2114,0.1411,0.0469,0,1,0,0,0
C04800,45514.49,33258.6,51000.8,42984.59,77,628.86,100753.16,2,1,19,0.4574,0.2583,0.1732,1,0,0,0,0
C04801,57447.23,20331.98,58712.36,19441.57,66,318.63,129338.63,2,0,37,0.0832,0.1167,0.0961,0,0,0,0,0
C04802,44710.67,33135.47,50334.91,35330.8,75,529.03,121201.36,3,1,34,0.0815,0.2147,0.2071,0,1,0,0,0
C04803,69753.03,26158.41,82782.02,24356.49,71,287.94,205218.87,1,0,30,0.4859,0.1022,0.2432,0,0,0,0,0
C04804,36554.04,19236.43,37659.85,19962.31,78,275.56,77409.5,4,2,15,0.3508,0.1143,0.0804,0,1,0,1,0
C04805,24751.46,17575.5,22017.44,19973.0,74,273.31,42081.97,3,1,11,0.6223,0.1852,0.0832,0,0,0,0,0
C04806,109541.27,58432.26,133757.42,69258.61,64,805.8,57211.42,4,0,47,0.2097,0.3598,0.1951,0,0,0,0,0
C04807,34280.52,24683.92,39403.52,24785.83,72,252.44,94457.04,0,1,34,0.5898,0.2503,0.1604,0,1,0,0,0
C04808,34843.39,13767.83,38942.75,12465.74,84,155.61,34889.9,2,0,16,0.1179,0.4073,0.1202,0,1,0,0,0
C04809,43687.02,25346.95,42249.02,26837.26,74,380.95,31879.24,0,3,19,0.1921,0.1314,0.1311,0,1,0,0,0
C04810,46381.19,28390.54,54184.93,26906.85,78,401.4,152337.34,0,0,18,0.3472,0.3561,0.1421,0,0,0,0,0
C04811,37813.07,28393.49,48971.37,27844.2,72,448.2,90545.89,1,0,55,0.4487,0.2434,0.1285,1,1,0,0,0
C04812,44648.34,17507.94,46230.81,19794.61,81,237.88,96164.78,1,1,20,0.1338,0.2508,0.1297,1,0,0,0,0
C04813,44201.98,22205.76,46913.29,24610.1,61,386.23,109616.78,0,2,48,0.338,0.2705,0.2072,0,1,0,0,0
C04814,48683.06,31483.66,44894.41,36209.49,61,553.9,66550.42,0,1,24,0.2195,0.2523,0.0309,0,0,1,0,0
C04815,15576.96,12320.89,15010.82,12438.35,58,271.41,48586.03,1,1,57,0.184,0.3863,0.1434,0,3,1,0,0
C04816,104905.17,76761.57,96623.09,89893.7,74,1352.79,193506.91,1,0,53,0.2775,0.2058,0.0618,0,0,0,0,0
C04817,42114.11,30782.16,44880.95,32374.27,63,467.3,83982.96,3,1,58,0.0829,0.2009,0.1415,0,3,0,0,0
C04818,58436.62,34052.89,58968.77,34594.38,68,570.8,76830.82,0,1,43,0.454,0.363,0.1936,0,0,0,0,0
C04819,24203.98,14617.62,26496.96,13421.07,67,205.13,83022.45,0,0,44,0.1459,0.2992,0.0653,0,0,0,0,0
C04820,36405.23,26807.39,34329.11,21424.68,69,324.63,66370.61,0,1,50,0.1739,0.3277,0.1362,0,0,1,0,0
C04821,33252.18,24650.89,34246.2,21257.17,65,408.43,10546.38,4,0,20,0.5996,0.1416,0.0754,1,1,1,1,1
C04822,87185.51,61990.95,81568.64,66693.31,73,971.94,275735.3,1,0,55,0.5462,0.2351,0.1795,0,0,0,0,0
C04823,34572.08,24835.1,37078.85,23372.25,61,476.55,54397.42,0,2,20,0.1101,0.412,0.1294,0,0,0,0,0
C04824,63294.5,47207.16,54061.17,40247.33,72,569.07,135302.93,1,1,30,0.4309,0.3179,0.0722,0,1,0,0,0
C04825,33581.43,13472.93,35871.33,13468.55,77,202.85,36166.65,0,0,15,0.552,0.2544,0.0289,0,1,0,0,0
C04826,36707.61,17681.6,37315.2,19159.32,67,290.77,11261.72,0,0,57,0.1855,0.4018,0.2485,0,1,0,0,0
C04827,40292.48,31800.89,43182.09,34974.88,64,567.97,20565.52,0,0,55,0.595,0.3167,0.1265,0,0,0,0,0
C04828,80189.52,47724.73,68299.66,49945.63,72,664.64,91713.49,2,0,26,0.4214,0.4371,0.1519,0,0,0,0,0
C04829,19225.33,8255.53,21697.05,8608.01,68,138.55,56697.52,0,0,38,0.1915,0.2768,0.2285,1,0,0,0,0
C04830,24893.68,14348.09,25245.95,14138.48,66,158.66,86432.75,2,1,19,0.411,0.1447,0.0405,0,0,0,0,0
C04831,18734.66,12001.48,20159.49,13514.49,76,197.38,10615.21,1,1,27,0.508,0.2491,0.1654,0,1,0,0,0
C04832,27585.4,19935.96,22774.26,20509.77,69,301.17,64183.75,0,0,53,0.2763,0.3176,0.03,0,1,0,0,0
C04833,31231.98,22345.84,28136.01,23258.45,70,377.1,102743.56,1,1,21,0.2967,0.4449,0.2049,0,0,0,0,0
C04834,21761.58,8098.76,21830.81,9512.33,71,100.0,26610.62,0,0,27,0.4258,0.2024,0.103,0,1,0,0,0
C04835,32339.71,17918.99,39294.69,20517.75,67,267.91,105418.38,1,2,47,0.4206,0.2174,0.1804,0,0,0,1,0
C04836,18174.89,6529.44,20233.61,6711.06,63,110.81,31612.85,0,0,7,0.2191,0.3627,0.2401,0,0,0,0,0
C04837,28461.93,21337.07,30328.61,21566.51,68,310.3,38206.68,1,0,48,0.18,0.3177,0.0378,0,0,1,0,0
C04838,77234.92,33076.45,72530.0,33401.24,63,405.89,223310.76,0,0,5,0.6101,0.31,0.0383,1,3,0,0,1
C04839,53961.84,34060.37,49496.4,27501.98,80,251.73,28901.79,1,1,42,0.4451,0.2103,0.1638,0,0,0,0,0
C04840,48960.95,29708.44,53034.43,35104.31,63,525.02,88646.17,2,1,17,0.1411,0.1678,0.0486,0,0,0,0,0
C04841,28657.41,18096.82,32499.88,17514.52,84,198.03,25020.27,0,0,11,0.2995,0.1265,0.2053,0,0,0,0,0
C04842,22542.99,13605.54,24235.45,15681.12,78,186.55,38832.23,5,0,7,0.0874,0.2504,0.2362,0,0,0,0,0
C04843,26951.59,18111.87,33828.2,19107.85,75,321.91,52262.03,0,0,15,0.5516,0.1707,0.1669,1,0,0,0,0
C04844,44133.45,27881.29,42725.8,33931.53,66,423.34,99757.61,1,1,42,0.235,0.3721,0.0967,0,1,0,0,0
C04845,66509.32,25980.87,71266.36,28930.7,61,535.62,44425.87,3,0,59,0.2654,0.1754,0.2295,0,0,0,0,0
C04846,67540.53,34786.45,57194.6,40333.32,79,413.04,192820.07,0,1,55,0.1453,0.1737,0.0851,0,2,1,0,0
C04847,59766.07,35618.61,64267.97,34868.86,61,415.49,193133.43,0,1,49,0.6191,0.3253,0.2201,0,0,0,0,0
C04848,32290.14,16026.85,39598.2,14356.07,50,308.02,100771.34,0,0,53,0.2262,0.3226,0.1332,0,1,0,0,0
C04849,45499.89,31492.7,42088.26,33624.85,64,633.61,95291.36,1,1,20,0.0941,0.1191,0.2027,0,0,0,0,0
C04850,38941.42,19200.22,44823.74,15742.99,65,217.52,94440.48,2,0,25,0.0677,0.3898,0.1812,0,0,0,0,0
C04851,41104.89,29715.05,50268.19,29532.17,41,738.92,131193.45,0,1,15,0.3658,0.1552,0.1559,0,1,1,0,0
C04852,112546.9,46822.91,108859.24,42480.93,65,704.65,62288.25,0,1,45,0.0607,0.151,0.1423,1,1,0,0,0
C04853,20363.87,14177.87,22523.11,13458.21,88,168.42,51573.14,0,0,57,0.5916,0.2205,0.2077,0,2,0,0,0
C04854,40490.12,17514.38,50189.76,19642.08,71,293.84,84055.92,1,0,56,0.2778,0.1563,0.059,0,2,0,0,0
C04855,77629.65,45615.72,83658.14,50797.48,73,861.55,199479.54,0,1,22,0.1985,0.325,0.2487,0,0,0,0,0
C04856,23266.42,11499.1,26626.23,11850.57,79,121.47,19714.05,1,0,25,0.6422,0.1869,0.1826,0,0,0,0,0
C04857,33682.42,21448.98,28196.44,23345.1,66,404.96,39800.48,1,0,32,0.2533,0.1,0.227,1,0,0,0,0
C04858,35466.73,15808.7,39781.49,15573.42,58,340.5,114382.81,0,2,57,0.3349,0.3567,0.1799,0,1,1,0,0
C04859,40698.13,28811.6,45259.11,38642.11,61,576.31,20674.02,1,2,55,0.1956,0.3918,0.1314,0,0,0,0,0
C04860,21943.74,13344.27,19548.68,14493.21,75,225.51,71410.72,0,1,57,0.4067,0.3829,0.2022,0,1,0,0,0
C04861,58823.49,45927.79,54957.64,44970.71,71,676.7,151661.7,2,0,43,0.173,0.1136,0.1095,0,0,1,0,0
C04862,60733.28,40709.31,68171.9,47021.05,65,626.23,63655.83,0,0,28,0.3531,0.2003,0.055,0,0,0,0,0
C04863,56567.32,35259.99,57340.85,42270.47,71,561.35,140898.61,2,0,42,0.4114,0.4396,0.0744,0,0,0,0,0
C04864,30416.78,21995.02,35996.21,21051.3,66,391.02,96380.07,1,0,3,0.1418,0.3494,0.042,0,0,0,0,0
C04865,46786.39,21000.41,50870.24,18475.59,65,280.98,40489.62,0,1,17,0.1124,0.3988,0.1955,0,1,0,0,0
C04866,30021.52,19055.68,31725.98,17217.68,70,215.44,74506.35,1,1,8,0.539,0.2086,0.1257,0,1,0,1,0
C04867,38744.7,20367.38,39889.46,19748.32,69,371.47,130625.68,0,0,47,0.3013,0.1097,0.0819,0,1,0,0,0
C04868,118596.04,81203.41,128691.15,84734.76,74,1008.91,122479.79,1,0,46,0.426,0.108,0.1259,0,1,0,0,0
C04869,46980.16,16960.37,53855.8,14492.71,68,154.58,151340.8,0,0,46,0.2852,0.4029,0.2211,0,1,0,0,0
C04870,26371.28,14305.64,29379.24,14302.93,74,158.41,16509.23,2,1,44,0.2813,0.3044,0.2328,1,2,0,0,1
C04871,48804.05,31393.98,48766.91,32180.32,74,556.56,126915.18,0,0,28,0.6101,0.3886,0.0871,1,1,0,0,0
C04872,24492.19,13649.2,29359.58,14863.75,64,205.9,8775.23,0,1,23,0.5655,0.3776,0.1291,0,1,0,0,0
C04873,26235.35,11991.84,29617.7,13471.8,72,227.63,51042.9,2,0,27,0.5368,0.2915,0.0908,0,0,0,1,0
C04874,28167.17,15744.24,30877.64,17290.09,62,341.11,10715.79,0,0,36,0.3955,0.3515,0.1464,0,0,0,0,0
C04875,36845.12,26984.82,39092.81,34137.43,73,333.41,126143.21,2,1,34,0.3071,0.4174,0.0329,0,1,0,0,0
C04876,68600.41,30395.3,76146.87,35905.81,70,585.07,203699.43,0,2,33,0.3105,0.4064,0.1364,0,0,0,0,0
C04877,58378.15,30078.03,48465.45,32383.07,64,519.16,177678.21,1,1,55,0.4587,0.1113,0.1516,0,0,0,0,0
C04878,56940.7,45304.92,61436.57,42294.03,66,688.77,185260.92,2,0,25,0.2279,0.3346,0.2027,0,0,0,0,0
C04879,27443.97,20878.49,34217.74,20230.01,76,256.14,70722.07,0,1,28,0.3571,0.4446,0.136,0,0,0,0,0
C04880,35271.35,12884.12,37966.03,11319.48,63,139.3,40834.71,2,1,52,0.1132,0.3502,0.0991,0,1,0,0,0
C04881,50859.3,29938.3,53911.74,31986.12,66,379.54,177991.88,0,1,55,0.3393,0.3791,0.238,0,0,0,0,0
C04882,33917.07,12869.35,33187.65,14024.55,73,137.48,45954.7,1,0,47,0.4778,0.145,0.0563,0,0,0,0,0
C04883,39701.84,30401.97,44034.4,35179.63,65,463.76,121982.75,1,1,42,0.1993,0.4026,0.1827,1,0,0,0,0
C04884,54886.86,30116.15,56346.36,32588.03,69,516.31,146979.39,2,0,58,0.5141,0.1932,0.0748,0,1,1,0,0
C04885,38463.69,20704.88,46430.14,24358.85,74,285.98,88332.07,2,1,13,0.5409,0.2382,0.0209,0,0,1,1,0
C04886,49818.64,23555.54,47146.65,27770.56,73,352.94,120449.91,4,1,47,0.3643,0.3184,0.0328,0,0,0,0,0
C04887,92147.48,55838.47,91753.4,51741.52,73,746.48,18483.08,0,1,33,0.461,0.1853,0.1924,0,2,0,0,0
C04888,41651.03,17295.57,40730.32,17085.12,80,230.87,87135.07,0,1,43,0.4691,0.3023,0.1917,0,0,0,0,0
C04889,76505.64,54283.03,97173.6,56925.28,74,935.79,39242.08,4,1,9,0.4292,0.4377,0.234,0,0,0,0,0
C04890,57880.41,33052.3,59456.39,31904.43,67,436.3,202396.01,0,1,38,0.498,0.2843,0.1027,1,1,0,0,0
C04891,23252.29,14065.5,22885.62,14358.08,78,209.37,20824.42,1,1,45,0.5003,0.2385,0.2413,0,0,0,0,0
C04892,27404.32,19960.27,21899.58,21679.87,63,312.16,82246.54,0,1,26,0.5735,0.4231,0.0209,1,2,0,1,0
C04893,30924.36,13400.05,29088.55,13872.15,63,248.01,86914.65,0,1,7,0.2012,0.3457,0.0863,0,0,0,0,0
C04894,30630.21,13135.23,34102.03,13792.47,73,237.86,73924.06,0,0,33,0.2501,0.3506,0.2226,0,1,0,0,0
C04895,43208.28,23304.85,48084.98,21833.93,71,277.26,90775.98,0,0,11,0.3036,0.1877,0.0918,0,0,0,0,0
C04896,59338.14,41759.68,57668.11,46385.52,83,557.27,95683.04,1,0,34,0.1761,0.2553,0.1925,0,1,0,0,0
C04897,79161.0,29791.89,77460.73,32830.4,59,472.48,215084.16,1,1,35,0.3886,0.1646,0.0878,0,1,0,0,0
C04898,51693.98,36590.37,65815.97,35071.87,87,408.6,76604.42,0,0,50,0.1466,0.2598,0.0555,0,1,0,0,0
C04899,36822.41,21185.42,50578.0,18956.99,78,245.6,99105.44,0,1,50,0.3026,0.1149,0.0814,0,2,0,0,0
C04900,17630.92,10627.8,20945.05,12728.17,67,225.55,14173.13,0,0,9,0.3682,0.2316,0.1988,0,1,0,0,0
C04901,46452.38,28056.02,57466.88,35344.44,68,607.54,134815.55,0,1,32,0.1148,0.2785,0.1453,0,0,0,0,0
C04902,45524.88,17084.37,57478.4,18419.77,69,253.23,124792.46,1,0,37,0.1776,0.1207,0.088,0,0,0,0,0
C04903,48861.04,22593.19,64288.85,22742.26,76,240.31,132644.99,1,1,53,0.428,0.1888,0.2087,0,0,0,0,0
C04904,116102.18,80097.02,117700.75,94158.32,68,1179.68,179765.11,0,0,46,0.6437,0.2731,0.0696,0,0,1,0,0
C04905,78643.97,42115.47,74287.71,46598.32,65,717.77,197935.05,2,0,57,0.5768,0.1309,0.1771,0,0,0,1,0
C04906,64067.67,38583.64,81367.15,39537.24,81,625.75,120566.66,0,0,8,0.2087,0.3277,0.0557,0,1,0,0,0
C04907,29187.13,22625.6,27269.09,26385.27,73,400.26,31764.8,2,1,59,0.5345,0.135,0.093,0,1,0,1,0
C04908,35723.72,13247.15,33100.47,12622.47,63,172.42,62482.17,2,0,39,0.1188,0.3497,0.0844,0,0,0,0,0
C04909,43119.81,23817.49,40072.26,23033.98,70,426.28,65579.3,0,0,32,0.2522,0.1048,0.1179,0,0,0,0,0
C04910,31744.81,16271.54,32831.51,17795.14,81,263.93,23299.26,0,3,22,0.2029,0.181,0.1255,0,1,0,0,0
C04911,56366.3,22428.28,45762.39,23857.16,67,343.86,14081.45,1,1,38,0.2322,0.2121,0.2018,0,2,0,0,0
C04912,52840.16,41102.11,46395.08,46300.44,64,803.35,124688.16,0,1,35,0.2591,0.1284,0.1265,0,1,0,0,0
C04913,27575.4,21582.07,26894.82,25751.72,74,267.65,72952.07,0,0,38,0.5169,0.1501,0.2181,0,0,0,0,0
C04914,77109.77,37796.87,69899.16,32645.39,63,668.35,94228.83,0,1,43,0.4113,0.2206,0.2308,0,1,1,0,0
C04915,47120.22,36566.35,55483.56,38565.58,76,404.27,164445.61,1,1,52,0.3784,0.2554,0.1561,0,1,0,0,0
C04916,20667.87,7560.89,21717.76,9663.8,73,160.39,19112.59,0,0,49,0.2874,0.287,0.1233,0,0,0,0,0
C04917,43972.23,34799.76,49215.59,34048.56,73,459.87,97176.52,0,1,25,0.1037,0.4168,0.1067,0,1,0,0,0
C04918,51070.42,37085.77,56489.17,35759.23,70,586.99,147749.45,0,1,35,0.2162,0.2945,0.1756,0,0,0,0,0
C04919,69715.25,31124.27,71471.18,24310.6,69,316.22,179616.85,0,0,35,0.063,0.329,0.0879,0,1,1,0,0
C04920,38659.72,23961.15,45176.81,25451.76,67,381.9,58316.09,0,0,32,0.3018,0.3672,0.1332,0,1,0,0,0
C04921,65315.85,46324.27,72125.53,51868.03,74,741.27,197781.27,0,0,41,0.0961,0.3211,0.1895,0,3,0,0,0
C04922,48953.77,24167.72,49531.03,27053.99,75,341.85,130072.49,0,1,46,0.3357,0.3904,0.0638,0,0,1,0,0
C04923,24900.5,12679.04,21113.9,11735.14,56,205.25,26001.26,1,0,26,0.4038,0.3499,0.0342,1,0,0,0,0
C04924,23803.61,15068.59,26481.02,15806.26,71,286.17,62732.51,1,0,12,0.5366,0.4124,0.1334,1,3,0,0,1
C04925,74575.68,31037.82,67016.96,33414.87,68,477.69,96254.53,3,0,57,0.2125,0.3652,0.1293,0,1,0,0,0
C04926,77080.89,31078.61,84452.44,32826.87,71,368.19,82383.89,1,1,51,0.3141,0.102,0.2257,0,0,1,0,0
C04927,52037.87,24062.95,55132.38,22104.79,85,257.95,75553.24,0,1,27,0.3982,0.1635,0.0996,0,1,0,0,0
C04928,88210.9,60298.05,78221.52,63872.33,64,1240.64,133905.46,2,0,60,0.2211,0.3942,0.0338,0,0,0,0,0
C04929,72394.98,37281.22,78259.52,35501.12,65,465.11,17779.03,2,0,36,0.3697,0.399,0.1275,0,2,0,0,0
C04930,61209.07,35397.89,65674.78,29216.4,62,416.19,65385.32,0,0,8,0.3862,0.2693,0.1285,0,0,0,0,0
C04931,29861.57,13077.96,32053.22,14801.07,67,190.35,73355.27,2,2,36,0.3158,0.1828,0.2242,0,1,0,0,0
C04932,98082.15,42895.99,104716.39,45761.63,66,640.08,140465.31,1,0,39,0.6449,0.1622,0.2349,0,0,0,0,0
C04933,57282.67,36815.75,55662.34,41271.46,68,596.9,131059.48,0,0,38,0.645,0.4242,0.2356,0,0,0,0,0
C04934,37827.45,15084.41,42404.31,14871.2,71,188.68,89321.58,0,2,21,0.1577,0.3272,0.0478,0,0,0,0,0
C04935,33312.78,21670.9,32229.49,24383.78,54,366.6,114274.59,3,1,30,0.3035,0.3779,0.0516,0,1,0,0,0
C04936,50512.22,26787.43,46524.23,31412.42,64,443.61,81281.56,1,0,25,0.5903,0.3467,0.2256,0,1,0,0,0
C04937,21214.52,13833.39,23992.69,17436.7,65,254.59,45680.66,1,1,5,0.624,0.1345,0.0302,0,1,0,1,0
C04938,61652.6,32168.99,71663.24,36919.15,64,573.23,158333.77,0,1,35,0.1976,0.1501,0.0542,1,2,0,0,0
C04939,29299.07,21409.52,32895.34,23468.57,82,312.89,71233.22,2,0,7,0.3917,0.4003,0.243,0,0,0,0,0
C04940,53166.91,19937.6,54503.34,17633.1,75,268.82,103772.36,1,0,9,0.2693,0.3141,0.0678,0,0,0,0,0
C04941,35585.33,26759.59,29082.61,27755.5,72,460.88,100387.87,1,2,45,0.2879,0.1301,0.2236,0,2,0,0,0
C04942,39951.81,18813.21,49052.95,16542.09,66,213.19,94340.37,1,3,13,0.0514,0.3085,0.1841,0,0,0,1,0
C04943,32010.15,11816.35,26100.7,11246.04,77,156.15,77060.96,2,0,8,0.4882,0.152,0.0831,0,0,0,0,0
C04944,41850.73,25239.42,46886.52,32422.74,66,398.08,47857.43,0,1,46,0.1386,0.4393,0.1005,0,0,0,0,0
C04945,105307.36,47489.34,137239.54,44033.83,70,674.35,296691.97,1,0,14,0.4661,0.3299,0.0717,0,1,0,0,0
C04946,83926.32,46716.87,89627.94,35920.08,71,633.12,172900.68,2,0,4,0.0935,0.215,0.2332,0,0,0,0,0
C04947,52782.41,37530.48,57266.17,43069.23,68,774.43,157684.2,2,1,22,0.2558,0.2096,0.1109,0,2,1,0,0
C04948,44490.7,31419.15,48740.38,30452.45,70,463.25,31963.87,1,1,47,0.5702,0.413,0.2144,0,0,0,0,0
C04949,65795.6,40804.69,70650.01,46605.52,73,552.86,97735.89,1,0,22,0.5487,0.3403,0.1256,0,0,0,0,0
C04950,74824.78,59114.75,99672.12,53769.85,73,577.0,187935.39,0,1,53,0.1415,0.3103,0.1596,1,0,0,0,0
C04951,30976.98,17306.46,29391.58,17287.26,76,220.08,98984.25,2,3,24,0.5198,0.2455,0.2371,0,0,0,1,0
C04952,43458.87,15980.9,40579.84,19073.3,66,271.41,132903.56,3,0,40,0.5393,0.2964,0.0886,0,0,0,0,0
C04953,19821.78,14246.73,20033.87,12698.93,67,209.41,43918.04,0,1,27,0.1273,0.4269,0.1471,0,0,0,0,0
C04954,74593.88,33536.08,93906.22,34531.7,65,405.78,196558.72,3,0,40,0.1189,0.4132,0.2431,0,0,0,0,0
C04955,113968.65,48927.59,111777.58,53084.31,77,501.65,177298.1,0,2,10,0.3115,0.1685,0.0654,0,1,0,0,0
C04956,46651.25,17797.66,51392.68,17151.46,72,270.46,35798.55,1,1,14,0.3318,0.2547,0.0558,0,1,0,0,0
C04957,17294.84,8605.13,20382.33,9285.25,65,151.57,31261.93,0,2,7,0.0869,0.2678,0.0637,0,1,0,0,0
C04958,59184.71,29401.28,67676.42,30926.55,66,427.55,198307.05,0,1,41,0.4847,0.3474,0.2229,0,0,0,0,0
C04959,29958.78,14567.37,35116.75,16230.17,74,251.5,42962.63,0,0,45,0.1659,0.1089,0.0786,0,1,0,0,0
C04960,33386.62,20597.44,40736.96,26180.65,61,414.62,64912.62,0,2,21,0.156,0.1975,0.1129,0,0,0,0,0
C04961,59657.62,41056.01,64847.1,56288.83,59,1121.04,197588.59,1,0,12,0.6425,0.2158,0.2327,0,2,0,0,0
C04962,50461.56,38956.07,50217.03,43069.81,61,849.07,26953.56,1,3,56,0.0902,0.1239,0.1722,0,1,0,0,0
C04963,36126.03,14173.05,38570.54,14693.95,80,210.85,13418.16,0,0,54,0.6288,0.3116,0.0922,0,1,0,0,0
C04964,33593.75,14031.16,33906.63,15475.11,58,336.15,75458.88,0,0,44,0.5265,0.2251,0.0344,0,1,0,0,0
C04965,47621.71,29307.79,64412.47,29956.4,79,281.82,64247.34,0,0,11,0.2938,0.4437,0.0393,0,1,0,0,0
C04966,37427.4,14752.42,36906.45,12679.91,86,114.43,89544.69,0,0,26,0.5147,0.2704,0.1664,0,0,0,0,0
C04967,27316.91,14118.58,30266.5,14745.57,70,247.47,41084.35,2,1,34,0.3459,0.2531,0.072,0,1,0,0,0
C04968,38745.28,24450.15,33704.37,28847.61,77,426.16,73036.57,0,2,20,0.2063,0.3415,0.1349,0,1,0,0,0
C04969,52430.01,36766.3,55887.15,32142.21,59,520.64,177576.33,2,0,55,0.4063,0.4098,0.2062,0,0,0,0,0
C04970,41534.15,18603.96,42179.9,17336.09,65,271.94,72370.07,1,0,52,0.6495,0.2889,0.1393,0,0,0,0,0
C04971,23821.38,15498.04,26943.94,15190.65,76,164.36,58066.03,2,0,22,0.3381,0.2534,0.053,0,0,0,0,0
C04972,70227.61,44990.71,79652.89,49250.49,68,655.09,245031.74,1,3,10,0.4973,0.3873,0.2216,1,0,0,1,0
C04973,13120.78,9667.75,16007.88,12908.76,85,113.38,19867.62,1,0,51,0.1541,0.2511,0.0918,0,0,0,0,0
C04974,36811.05,18081.09,44560.09,17229.14,57,217.8,8469.58,1,0,43,0.226,0.258,0.2166,0,3,0,0,0
C04975,34041.26,23404.77,35472.47,24831.19,70,388.53,85847.29,0,1,13,0.3686,0.2278,0.2373,0,0,0,0,0
C04976,48102.92,33114.05,45056.74,34792.72,71,517.3,111522.44,0,0,36,0.0532,0.3696,0.0558,0,2,0,0,0
C04977,57940.13,26515.58,55086.42,26882.83,68,442.94,79399.22,0,0,30,0.4784,0.1235,0.2421,1,0,1,0,1
C04978,74716.93,47035.88,81167.13,49118.42,71,644.23,195311.62,2,0,13,0.0731,0.1198,0.2475,0,0,0,0,0
C04979,32657.69,21352.35,34908.92,21229.18,57,440.63,88942.08,2,1,13,0.6176,0.2022,0.0556,0,2,0,0,0
C04980,58593.55,27743.62,63336.76,38262.82,63,562.41,56237.5,0,1,21,0.4449,0.1089,0.2462,0,1,0,0,0
C04981,49145.28,27192.57,48446.76,30998.47,80,342.84,41222.85,0,0,52,0.2109,0.1608,0.2319,0,1,1,0,0
C04982,20831.57,11376.12,25465.94,11322.23,76,157.75,51009.66,1,1,45,0.6265,0.237,0.1961,0,1,1,0,0
C04983,105837.57,73883.02,92425.62,88070.76,69,1311.4,170119.04,1,1,29,0.6126,0.139,0.0414,0,0,0,0,0
C04984,23552.07,8250.55,23060.87,8917.22,65,155.5,14452.89,0,1,24,0.3902,0.3836,0.25,0,0,0,0,0
C04985,54349.55,31276.1,50042.19,33057.39,68,473.95,30926.72,0,0,41,0.6466,0.4497,0.0532,0,1,0,0,0
C04986,53631.92,23220.12,54968.6,23873.96,69,438.93,11902.61,0,2,55,0.157,0.1603,0.1218,0,1,0,0,0
C04987,50942.58,32658.21,61110.1,33311.24,70,472.96,23668.63,0,0,40,0.4897,0.3322,0.1292,1,2,0,0,0
C04988,36021.03,23635.77,36578.26,21357.37,62,244.5,87189.3,2,2,30,0.6011,0.3693,0.2027,0,3,0,1,0
C04989,65295.7,37578.13,69355.61,31909.86,68,491.21,215077.79,1,0,34,0.1755,0.2863,0.1667,0,0,0,0,0
C04990,22298.0,13243.08,25190.26,14494.4,80,209.66,62996.57,1,2,36,0.4167,0.3813,0.215,0,0,1,0,0
C04991,43686.52,21483.99,44112.99,22062.99,61,361.62,78115.71,0,0,49,0.386,0.2802,0.195,0,0,0,0,0
C04992,34915.08,17143.14,38263.97,19805.33,65,269.45,87025.57,1,1,51,0.5268,0.3042,0.0451,0,1,0,1,0
C04993,33177.72,22736.78,35834.94,21445.59,69,320.21,71277.11,2,0,21,0.0641,0.1416,0.1362,0,2,0,0,0
C04994,54576.26,22336.92,49899.23,20510.81,72,314.85,52688.5,1,0,27,0.4996,0.3223,0.1646,1,0,0,0,0
C04995,73078.03,50948.29,72660.19,58241.1,64,979.02,110931.7,2,1,37,0.5279,0.1473,0.1369,1,0,0,0,0
C04996,38559.3,24861.34,42127.98,25223.31,80,297.79,68576.42,0,1,3,0.2891,0.2399,0.1327,0,1,0,0,0
C04997,63941.52,47829.13,76976.84,55132.07,74,692.2,70132.93,2,0,58,0.127,0.1054,0.2064,0,0,0,0,0
C04998,46018.61,21493.69,55394.95,22654.67,59,455.52,151981.97,1,0,23,0.2092,0.2566,0.2306,1,1,0,0,1
C04999,30112.28,17398.29,39189.88,22188.09,69,275.57,33674.15,1,0,47,0.4551,0.2792,0.1823,1,2,0,0,0
C05000,40068.24,14726.89,44405.82,16798.8,69,226.62,99851.54,1,1,54,0.1207,0.3174,0.2341,0,2,0,0,0
C05001,39326.31,29912.69,39342.13,32879.13,61,591.49,50459.68,0,0,44,0.3713,0.4013,0.05,0,0,0,0,0
C05002,32889.9,21507.56,34281.99,24647.48,77,303.69,58517.91,2,1,28,0.2913,0.3104,0.2446,0,0,0,0,0
C05003,54569.76,34394.98,56553.27,34988.37,80,410.3,138036.3,0,0,12,0.4225,0.2974,0.0362,0,1,0,0,0
C05004,50011.51,33993.33,50064.25,28991.22,62,362.34,135679.08,0,0,15,0.4156,0.2614,0.1392,0,1,1,0,0
C05005,21996.21,10513.04,24106.85,11494.03,75,154.53,21403.3,2,1,7,0.2011,0.2612,0.2099,0,2,0,0,0
C05006,21401.82,13306.3,23574.93,17071.86,67,329.57,42989.4,1,1,29,0.6171,0.4049,0.2,0,0,0,0,0
C05007,54476.56,38700.96,49527.31,29998.93,87,418.45,125651.62,2,1,22,0.2891,0.1423,0.2198,0,0,0,0,0
C05008,31180.21,12180.0,36810.74,13474.71,59,267.3,9839.21,0,0,8,0.5145,0.2203,0.1945,0,0,0,0,0
C05009,51551.48,40285.81,42766.26,34878.54,69,500.92,139220.23,1,0,17,0.6313,0.2791,0.1452,0,0,1,0,0
C05010,63948.73,48047.82,65438.88,50315.84,69,870.39,144740.81,0,1,41,0.5896,0.3149,0.2179,0,0,0,0,0
C05011,25399.61,19897.0,30172.65,21081.57,64,410.97,58724.62,0,1,35,0.4257,0.2671,0.2272,0,1,0,0,0
C05012,23842.52,17017.76,26772.46,19393.83,85,189.56,20768.75,0,0,13,0.4567,0.3499,0.1699,0,1,0,0,0
C05013,95598.46,46120.52,96283.25,49589.69,51,970.34,174529.45,1,1,37,0.2957,0.4458,0.2073,0,1,0,0,0
C05014,52713.38,32244.77,67803.05,39171.67,86,552.97,109484.41,1,3,31,0.2752,0.3979,0.2103,0,0,0,1,0
C05015,37263.12,15057.03,37158.46,17917.38,78,274.06,50038.19,0,2,39,0.5091,0.4062,0.0316,0,0,0,0,0
C05016,29559.03,20377.26,23935.89,20915.2,60,428.78,72658.02,1,2,31,0.5703,0.1198,0.2196,0,1,0,0,0
C05017,35764.8,14990.38,39496.09,17708.54,75,301.01,11792.22,2,2,42,0.639,0.2181,0.1206,0,2,0,1,0
C05018,26335.16,19489.88,22031.43,19732.85,70,245.9,49287.36,1,0,33,0.406,0.3685,0.0364,0,0,0,0,0
C05019,66966.87,30687.61,63633.67,30436.49,80,399.93,26553.92,1,1,7,0.5129,0.3143,0.0641,0,1,0,1,0
C05020,31725.62,13394.09,35682.75,12128.0,76,126.96,52183.45,2,0,43,0.4387,0.1626,0.0794,0,1,0,0,0
C05021,73607.95,28111.39,73217.61,33942.69,60,574.33,231344.25,2,1,28,0.5069,0.1041,0.0796,0,2,0,1,0
C05022,37576.52,25180.57,42073.42,25533.02,85,223.47,63245.71,0,2,19,0.5344,0.23,0.2247,0,3,1,0,1
C05023,28138.95,12206.45,25635.38,9269.81,73,120.86,96766.14,1,1,57,0.2512,0.2945,0.2364,0,1,0,0,0
C05024,37144.91,16304.78,42828.74,18180.61,73,252.14,99899.9,1,1,17,0.2423,0.1434,0.1877,1,1,0,0,0
C05025,13815.45,5890.4,11702.88,5878.14,67,100.0,45921.55,2,1,34,0.0586,0.3413,0.2092,0,1,0,0,0
C05026,42619.7,20781.7,51494.65,21076.1,56,311.96,131649.87,1,0,7,0.314,0.2674,0.0766,0,1,0,0,0
C05027,41683.65,32244.18,41390.08,32950.91,76,531.79,126180.01,3,4,40,0.3928,0.4158,0.0714,0,0,0,1,0
C05028,65221.99,37109.99,80466.92,37466.76,70,383.51,84078.7,1,1,3,0.4734,0.1189,0.0504,0,0,0,1,0
C05029,19256.05,9000.18,18276.66,12396.24,72,184.02,56129.41,3,1,44,0.1635,0.3528,0.1246,0,0,1,0,0
C05030,75906.5,32387.47,97234.09,40468.94,57,885.73,99520.19,0,1,29,0.1343,0.3263,0.1576,0,0,1,0,0
C05031,65100.5,23338.9,60874.22,26463.99,59,546.93,195111.44,1,0,45,0.4817,0.1889,0.0949,0,0,0,0,0
C05032,79050.12,40651.26,65985.2,43861.05,68,654.4,138177.53,2,1,43,0.0797,0.154,0.0931,0,0,0,0,0
C05033,43944.96,17557.23,46369.51,20813.24,75,218.08,9999.41,0,0,55,0.6289,0.4076,0.142,0,1,0,0,0
C05034,71016.77,25719.11,85083.68,27757.07,74,284.54,228388.72,2,0,34,0.5703,0.2292,0.207,0,1,0,0,0
C05035,23210.45,9199.25,26573.52,10559.86,67,177.64,58009.88,2,2,49,0.1897,0.1095,0.025,0,1,0,0,0
C05036,62024.77,30598.97,73781.98,34178.64,71,373.01,152961.98,0,1,13,0.332,0.4189,0.1435,1,0,0,0,0
C05037,31805.5,21878.64,36489.26,23309.54,82,209.16,98357.38,1,1,14,0.1477,0.2237,0.1647,0,0,0,0,0
C05038,21403.01,8136.22,20366.42,9461.1,63,145.5,72193.55,0,2,58,0.0667,0.2202,0.1716,0,1,0,0,0
C05039,27134.32,17783.92,30986.58,17776.43,66,218.43,74058.21,1,0,5,0.2861,0.2053,0.0861,1,0,0,0,0
C05040,45112.15,28386.55,47870.3,30005.0,76,467.54,93869.37,0,1,37,0.0937,0.3812,0.1454,0,2,0,0,0
C05041,31054.01,23194.1,29961.91,21627.75,63,351.94,24493.06,1,1,50,0.6285,0.3051,0.1689,0,0,0,1,0
C05042,53297.83,23066.99,57109.82,21828.83,71,372.96,136830.72,1,1,22,0.6159,0.4226,0.0336,0,3,0,0,0
C05043,19944.54,14109.18,20806.96,10532.53,76,129.39,37002.34,0,0,29,0.4633,0.4269,0.0424,1,0,0,0,0
C05044,17278.6,12772.16,21078.49,14110.53,69,256.27,33435.62,0,1,31,0.3844,0.4067,0.0264,1,1,0,0,0
C05045,83449.1,65876.21,82465.63,74952.79,73,1320.76,196724.51,2,1,38,0.3222,0.2238,0.0659,0,0,1,0,0
C05046,67584.09,48244.71,66408.52,56940.84,82,716.19,182745.45,1,1,41,0.456,0.3727,0.0368,0,0,0,0,0
C05047,28063.76,11385.34,27114.17,10448.43,90,100.0,29755.7,0,0,34,0.1228,0.4259,0.1121,0,1,0,0,0
C05048,44939.3,34882.25,57415.43,38467.76,58,485.54,56040.73,1,1,8,0.6355,0.2301,0.1223,0,0,1,0,0
C05049,71196.29,51029.68,69265.27,53576.82,74,905.71,70837.42,0,0,59,0.2097,0.1522,0.1853,0,0,1,0,0
C05050,54342.29,24212.01,65516.18,27565.61,86,322.28,146257.15,2,2,13,0.3151,0.274,0.2142,0,0,0,0,0
C05051,48103.88,20412.35,44555.43,19837.32,67,243.11,83290.5,1,2,53,0.0833,0.4359,0.127,1,1,0,0,0
C05052,73661.61,56821.57,81822.94,57369.59,72,736.91,159481.35,1,0,4,0.3551,0.4319,0.0861,1,0,0,0,0
C05053,32389.75,13605.78,35029.55,11749.68,73,202.56,63343.15,1,1,39,0.4918,0.3215,0.2213,0,2,0,0,0
C05054,45635.81,31931.22,54671.9,30780.72,69,569.45,136815.85,1,0,47,0.4512,0.268,0.2377,0,0,0,0,0
C05055,44640.01,23764.85,52702.24,24961.93,70,293.74,94695.1,1,1,15,0.0781,0.2142,0.1448,0,0,0,0,0
C05056,39802.1,26894.77,42183.33,28801.48,76,380.18,136688.49,4,1,24,0.4846,0.1776,0.1137,0,0,0,0,0
C05057,37759.99,14776.73,37214.39,12526.15,69,214.89,81925.5,1,1,38,0.1312,0.3712,0.2003,0,0,0,0,0
C05058,46500.04,31446.87,57892.34,31089.19,50,704.73,86398.21,0,1,29,0.5318,0.2516,0.1503,0,0,0,0,0
C05059,45702.17,26523.72,44494.1,28360.16,65,477.04,18498.28,0,0,57,0.6258,0.1573,0.089,0,0,0,0,0
C05060,28074.73,21201.21,21838.58,25843.53,84,368.31,44857.65,0,0,50,0.2769,0.3404,0.0801,0,0,0,0,0
C05061,64551.97,28065.86,53382.68,26623.23,70,452.16,84397.35,0,3,11,0.4777,0.4296,0.186,0,0,1,0,0
C05062,28999.81,11577.02,24829.42,12836.69,52,262.39,61514.8,1,0,21,0.595,0.2218,0.1533,0,2,0,0,0
C05063,40790.84,17878.59,45746.25,17567.72,65,268.83,55160.35,4,1,39,0.3328,0.3424,0.2443,0,0,0,0,0
C05064,39400.81,15183.45,51841.06,15130.41,66,273.07,48100.76,0,2,17,0.515,0.1818,0.2119,0,1,0,0,0
C05065,52868.57,41822.62,42570.03,39509.48,60,762.69,184859.06,0,1,56,0.3208,0.1183,0.0547,0,0,0,0,0
C05066,17340.86,7028.0,16579.48,6498.65,81,100.0,21785.34,0,0,43,0.6184,0.2771,0.2434,1,1,0,0,0
C05067,67193.19,29590.73,71270.68,29384.33,61,483.08,202181.71,1,0,5,0.1401,0.3465,0.2382,0,0,0,0,0
C05068,33182.31,23704.07,40995.44,27870.32,76,386.94,95284.09,1,4,27,0.0513,0.1081,0.2057,1,0,0,1,0
C05069,77917.14,35922.88,74445.74,34464.54,67,658.09,99019.72,2,3,25,0.5191,0.4368,0.0892,0,0,0,1,0
C05070,36288.04,16330.78,40675.12,15362.55,74,204.86,52799.72,2,0,16,0.2488,0.3549,0.0967,0,0,1,0,0
C05071,44021.71,28725.9,44901.67,30883.08,63,423.58,116487.84,0,0,21,0.6402,0.2899,0.0294,0,1,0,0,0
C05072,106470.31,56370.11,145104.07,59223.88,67,720.34,156874.44,0,0,34,0.5356,0.4364,0.0546,0,0,0,0,0
C05073,39720.22,28835.51,42395.17,30041.14,75,504.32,13374.75,1,1,21,0.5026,0.2413,0.1255,0,1,0,0,0
C05074,78582.18,50074.23,85865.38,54104.13,68,819.29,146217.91,1,0,28,0.3189,0.2453,0.0551,0,0,0,0,0
C05075,45797.65,21968.98,48550.58,20405.9,71,244.54,89405.03,0,0,6,0.4262,0.1552,0.0676,0,2,0,0,0
C05076,54249.89,33584.23,54262.78,31640.77,82,367.71,70418.32,1,0,24,0.2484,0.3215,0.1167,0,2,0,0,0
C05077,46439.2,34360.72,54054.5,40145.35,67,430.08,17471.61,0,0,45,0.6048,0.3002,0.1614,0,1,0,0,0
C05078,65903.77,33875.68,60032.85,34976.25,70,350.85,108411.77,0,2,31,0.0864,0.2195,0.2146,0,1,0,0,0
C05079,33055.01,22524.08,26766.78,25262.4,63,363.16,111558.15,0,0,22,0.3348,0.204,0.0423,0,0,0,0,0
C05080,28899.97,15522.89,29824.1,18579.12,62,336.99,94464.45,0,0,41,0.1249,0.3661,0.0433,0,0,0,0,0
C05081,33760.9,20066.9,38753.04,23106.82,79,333.37,99713.03,1,0,11,0.3978,0.1783,0.0718,0,0,0,0,0
C05082,47065.12,32012.05,46138.26,28350.68,74,269.31,66881.09,0,3,57,0.0827,0.1774,0.1556,0,0,0,0,0
C05083,40743.41,15369.93,43692.37,15923.56,71,248.94,32804.75,1,0,60,0.1179,0.1845,0.1828,0,0,0,0,0
C05084,61947.43,34363.93,55970.52,40374.18,82,568.8,211749.98,0,0,33,0.4859,0.3425,0.2224,0,0,0,0,0
C05085,80946.77,31799.62,95316.41,35384.38,75,395.82,245698.08,2,1,47,0.28,0.2418,0.17,0,1,0,0,0
C05086,29006.94,19616.02,32726.48,21029.8,86,193.63,24498.66,0,0,3,0.3306,0.3823,0.1747,0,2,0,0,0
C05087,32342.61,20166.03,34036.31,17206.75,68,284.33,51902.24,0,0,20,0.3427,0.3849,0.2296,0,1,0,0,0
C05088,23578.96,11721.53,25235.32,11440.42,64,186.01,51556.68,2,3,60,0.6147,0.4095,0.188,0,0,0,1,0
C05089,112205.31,43123.5,99051.59,45638.43,69,620.45,247858.29,1,1,12,0.3051,0.1323,0.0519,1,1,0,0,0
C05090,51612.49,39566.71,45838.75,34774.87,74,492.11,120193.37,2,2,52,0.1165,0.2782,0.2385,0,2,0,0,0
C05091,55844.64,27461.69,57819.36,31450.13,64,582.9,186309.37,0,0,55,0.4184,0.2769,0.1982,0,0,0,0,0
C05092,24620.24,11668.01,27369.04,12086.74,72,126.89,17487.51,1,0,53,0.2613,0.1444,0.0622,0,1,0,0,0
C05093,44976.31,17785.98,50271.17,14450.08,82,177.53,141798.53,1,1,49,0.1966,0.1762,0.1726,0,0,0,0,0
C05094,56589.54,34508.8,56954.43,33887.88,67,438.0,62966.89,0,2,15,0.347,0.2533,0.0903,1,2,0,0,0
C05095,40162.01,18857.83,45762.42,19152.79,78,213.82,81139.2,0,1,26,0.2848,0.3397,0.1809,0,1,0,0,0
C05096,73019.75,53252.13,89120.24,55084.81,50,1282.32,148021.3,0,1,4,0.4467,0.3827,0.2239,1,0,0,1,1
C05097,127356.02,83704.12,132368.74,102148.7,69,1613.23,318701.4,0,0,51,0.2511,0.1917,0.061,0,0,0,0,0
C05098,29385.0,10336.52,31946.18,11570.85,91,156.72,39904.2,0,1,21,0.6162,0.2268,0.1115,1,0,0,0,0
C05099,28409.49,17175.06,29121.36,15219.6,67,208.92,16469.12,1,1,45,0.0901,0.3729,0.1218,0,0,0,0,0
C05100,30315.9,13773.29,31372.2,12000.1,64,188.08,90624.11,3,0,57,0.2805,0.4142,0.088,0,1,0,0,0
C05101,92707.75,33088.81,99229.53,33683.81,76,348.59,73741.83,0,0,4,0.2694,0.3837,0.1864,0,0,0,0,0
C05102,71932.08,45224.8,90231.01,48170.98,76,767.98,71293.19,1,0,25,0.195,0.4211,0.0226,0,0,0,0,0
C05103,42337.57,18722.16,49104.52,21887.82,76,308.49,19536.33,3,1,40,0.1274,0.3381,0.0253,1,0,0,0,0
C05104,45746.46,34531.08,52563.69,43425.84,52,1040.81,86055.08,4,2,26,0.3396,0.3061,0.2468,1,0,0,1,0
C05105,31162.58,18947.51,31023.93,23951.67,68,380.16,68529.19,0,0,49,0.4061,0.3189,0.1564,0,0,0,0,0
C05106,67166.51,29830.88,63285.56,29738.94,61,380.49,129018.56,0,0,38,0.44,0.4163,0.0455,0,1,1,0,0
C05107,37928.65,29986.67,41598.02,34848.89,90,401.92,18171.76,0,1,41,0.168,0.2377,0.1008,0,0,0,0,0
C05108,40029.95,23853.8,48005.9,26264.83,60,555.81,118653.53,1,0,35,0.1869,0.1383,0.1107,0,1,0,0,0
C05109,59182.03,25120.55,74380.48,23088.44,69,267.92,23976.51,0,0,37,0.4193,0.2674,0.2411,0,1,0,0,0
C05110,41349.68,24096.9,31247.28,19842.65,69,257.93,142227.47,3,1,58,0.4782,0.4498,0.041,0,0,0,1,0
C05111,40484.85,31647.29,54394.09,33776.93,63,583.02,58004.13,1,0,35,0.2786,0.3613,0.0266,0,1,0,0,0
C05112,45214.66,24456.36,49737.86,21291.22,76,291.84,94119.5,0,0,58,0.5155,0.3212,0.2126,0,2,0,0,0
C05113,64365.16,34847.65,74603.83,33029.47,77,347.38,159224.79,2,0,15,0.3845,0.2878,0.1266,0,1,0,0,0
C05114,94404.09,52630.94,79413.35,50937.28,75,541.0,182945.6,0,0,50,0.4146,0.1596,0.0565,0,0,0,0,0
C05115,58564.65,27879.5,59827.97,30005.32,60,394.16,174390.44,2,0,39,0.3229,0.1755,0.08,0,2,0,0,0
C05116,64596.09,27311.4,74204.23,32874.03,66,508.75,179622.58,3,0,53,0.3878,0.1846,0.029,1,0,0,0,0
C05117,41129.6,25110.34,37388.06,26404.26,72,457.42,86965.51,0,0,17,0.2285,0.2865,0.1137,0,0,1,0,0
C05118,32725.46,24622.31,23019.18,24261.21,65,373.63,8205.26,1,1,59,0.4948,0.2795,0.1651,0,1,0,1,0
C05119,60398.02,41135.78,65849.58,32982.01,62,503.18,139412.87,1,1,17,0.5082,0.2043,0.2031,0,0,0,0,0
C05120,48604.73,19115.48,50744.61,21122.7,84,207.61,136312.64,1,0,45,0.568,0.2947,0.0209,0,0,0,0,0
C05121,23723.82,12582.69,29013.29,13254.95,76,214.8,68498.76,0,0,16,0.5291,0.2736,0.0913,1,0,0,0,0
C05122,38823.71,13680.82,40019.86,13462.44,74,235.05,77488.91,1,1,19,0.1814,0.4235,0.1419,0,1,0,0,0
C05123,43352.26,21180.75,45068.74,25203.63,82,346.13,57640.58,2,0,30,0.2101,0.3649,0.2238,0,1,0,0,0
C05124,35764.52,23290.55,40547.0,21126.94,65,328.07,49491.53,0,0,48,0.0919,0.147,0.0211,0,0,0,0,0
C05125,87658.06,42128.94,102912.52,40772.99,72,706.72,123606.07,1,0,29,0.4222,0.4458,0.0356,0,1,0,0,0
C05126,55845.56,40669.6,53888.19,41507.26,68,619.59,138990.57,0,0,8,0.453,0.286,0.0311,0,2,0,0,0
C05127,83478.67,47150.67,97114.07,46327.32,70,600.43,209588.02,0,0,43,0.3598,0.4316,0.191,0,1,0,0,0
C05128,50663.41,32988.24,50024.64,36817.87,70,427.19,109452.56,0,1,16,0.2978,0.4275,0.1614,0,1,0,0,0
C05129,46678.66,34903.47,49105.13,38591.71,63,479.39,127364.4,0,0,26,0.6076,0.4385,0.0406,0,0,0,0,0
C05130,29523.7,19404.89,33376.32,22822.41,54,409.71,52652.71,0,2,17,0.598,0.2869,0.123,0,1,0,1,0
C05131,45242.22,34103.44,52092.64,37864.32,77,459.11,88816.41,3,0,31,0.3363,0.3738,0.1151,1,2,0,0,0
C05132,45265.12,32302.52,49257.4,33470.42,78,353.69,138616.72,2,2,46,0.2412,0.4091,0.1275,0,1,0,0,0
C05133,24323.94,14720.34,22386.14,14856.09,56,266.63,45034.74,0,1,17,0.2818,0.3996,0.098,0,0,0,0,0
C05134,35299.72,17076.41,29142.37,18863.18,77,278.59,41954.02,0,0,27,0.6441,0.3524,0.0858,0,1,1,0,0
C05135,38907.43,18837.58,39975.26,19349.27,69,299.91,61496.56,0,0,47,0.0851,0.4153,0.0602,0,0,0,0,0
C05136,54202.57,40321.24,63230.23,42565.81,76,651.88,56318.6,0,0,13,0.3669,0.3051,0.1449,0,1,0,0,0
C05137,55382.85,20726.92,61140.66,23030.96,70,390.05,52113.13,1,0,5,0.5478,0.2671,0.1638,0,1,0,0,0
C05138,34642.08,26800.73,37380.33,28586.37,68,328.55,76474.58,1,2,25,0.1113,0.2221,0.1872,0,1,0,0,0
C05139,55570.57,27628.41,58302.25,30032.95,72,540.24,14107.16,1,2,10,0.1094,0.2212,0.0942,0,0,0,0,0
C05140,41459.91,28296.06,45070.75,27025.26,76,283.82,50803.48,2,0,16,0.48,0.1521,0.133,0,0,0,0,0
C05141,12370.73,6166.98,11513.55,7474.16,76,112.43,28642.98,0,1,26,0.5319,0.37,0.1368,0,0,0,0,0
C05142,36181.45,28184.83,41377.98,25851.11,58,464.2,32684.01,1,0,3,0.4931,0.3407,0.092,0,2,0,1,0
C05143,73127.71,26794.97,84210.71,29546.91,86,347.35,255426.14,3,2,23,0.5412,0.1232,0.2382,0,1,1,1,0
C05144,21112.18,10745.96,21267.73,10656.76,62,213.32,47960.07,0,2,10,0.2319,0.3298,0.1849,1,0,0,0,0
C05145,47340.85,35049.15,52190.49,41353.85,89,545.37,107746.49,2,0,32,0.0894,0.3338,0.1803,0,0,0,0,0
C05146,91838.36,43469.43,77512.86,50252.79,66,559.01,180013.98,0,1,39,0.337,0.1485,0.0792,0,1,1,0,0
C05147,31956.85,15148.47,34245.15,15902.16,58,295.14,87211.6,0,0,7,0.1814,0.3774,0.1687,0,3,0,0,0
C05148,45043.54,33982.57,46576.14,42021.71,66,634.67,112376.58,1,0,41,0.4879,0.3559,0.2057,0,0,0,0,0
C05149,25024.5,18111.78,30057.12,18610.07,86,205.16,74174.35,2,0,25,0.0978,0.2171,0.2202,0,2,1,0,0
C05150,93589.34,37210.84,96037.91,43008.41,67,462.34,97865.6,0,0,46,0.5003,0.2359,0.0305,0,0,0,0,0
C05151,43343.76,26486.55,50029.09,25502.63,86,363.81,69777.74,1,0,48,0.5127,0.3143,0.1629,0,1,0,0,0
C05152,45954.17,20703.63,46094.76,22744.95,67,304.26,90393.99,1,0,36,0.5786,0.2781,0.1853,0,1,0,0,0
C05153,82772.65,36983.83,64204.09,34694.71,77,585.53,113616.59,1,1,33,0.6433,0.2153,0.063,0,0,0,0,0
C05154,60601.99,37993.32,61991.94,39981.75,75,633.85,64552.41,0,0,59,0.0717,0.3406,0.1741,0,4,0,0,0
C05155,30344.93,12312.15,32578.65,12851.79,74,205.23,7796.86,3,0,7,0.2778,0.3851,0.1332,0,1,0,0,0
C05156,33628.95,18879.31,35919.1,21813.67,81,284.24,47986.57,0,0,59,0.4011,0.1583,0.2131,0,1,0,0,0
C05157,56226.13,26151.88,60157.13,25354.51,64,474.51,95935.98,0,0,22,0.3407,0.401,0.0295,0,1,0,0,0
C05158,33981.22,24951.22,33615.09,35400.85,64,470.51,96717.64,2,1,20,0.148,0.3764,0.138,0,0,1,1,0
C05159,17355.39,10404.94,17548.95,9199.53,72,134.87,42739.35,0,3,35,0.574,0.1684,0.0771,0,0,0,0,0
C05160,43934.69,19629.97,40193.15,21160.21,77,288.56,58074.51,1,0,42,0.5304,0.1405,0.2367,0,0,0,0,0
C05161,23116.97,17728.62,18734.16,19227.31,82,224.76,60835.57,1,1,24,0.6159,0.1885,0.2335,1,0,0,1,0
C05162,93129.34,67081.38,96596.07,74766.98,79,984.39,66173.36,0,0,30,0.3969,0.4193,0.1133,0,1,0,0,0
C05163,48726.2,22871.18,46805.2,22600.22,68,383.37,57786.75,0,1,16,0.0901,0.1359,0.2133,0,2,0,0,0
C05164,29944.14,23430.48,35321.52,25281.78,62,331.21,38686.28,0,0,20,0.3155,0.3828,0.106,0,0,0,0,0
C05165,32860.72,15460.39,25899.57,15186.22,76,256.92,9531.88,0,3,18,0.0613,0.3747,0.1958,1,2,0,0,0
C05166,19229.27,9262.54,20862.26,11807.67,79,146.68,59157.9,0,0,46,0.5179,0.3246,0.0674,0,2,0,0,0
C05167,27437.33,14368.48,35794.16,13991.84,65,240.17,44206.79,0,0,11,0.3584,0.1415,0.1539,0,1,0,0,0
C05168,71094.35,30155.55,73089.15,31127.69,77,502.87,85886.05,0,1,40,0.4086,0.3387,0.2188,0,0,0,1,0
C05169,122850.26,80977.64,128952.27,78580.7,60,1677.86,325791.89,0,0,28,0.385,0.1746,0.1174,0,1,0,0,0
C05170,62398.48,37489.12,68710.81,35763.43,67,561.53,122156.52,0,0,33,0.5993,0.2958,0.2085,0,1,0,0,0
C05171,43174.21,32488.94,47946.79,28651.01,69,529.71,134684.12,0,0,3,0.6015,0.4175,0.1097,0,0,0,0,0
C05172,37050.46,16983.7,37086.74,19202.59,68,295.23,90640.35,1,2,52,0.3776,0.1353,0.0779,0,1,0,0,0
C05173,29260.53,12482.65,27183.16,12098.96,73,141.38,92224.76,0,1,48,0.2253,0.3645,0.2278,0,2,0,0,0
C05174,113699.29,58143.6,128289.92,55488.88,64,893.84,293390.89,2,0,23,0.1818,0.4452,0.088,0,3,0,0,0
C05175,41335.66,17185.26,33937.93,16058.24,73,169.58,114760.38,0,0,20,0.3226,0.3011,0.0748,0,0,0,0,0
C05176,116593.78,90449.72,134067.38,98275.97,67,1665.56,188768.22,1,1,39,0.2243,0.3957,0.217,0,1,0,0,0
C05177,84246.44,56685.3,84497.84,59667.0,72,696.67,45995.12,1,1,57,0.4215,0.218,0.2341,0,1,0,0,0
C05178,20559.11,14561.73,21594.68,15335.7,66,220.54,36864.03,0,3,60,0.1888,0.1715,0.1705,1,1,0,1,0
C05179,33347.54,22897.07,32911.59,21949.98,71,286.25,66279.91,1,0,6,0.134,0.2697,0.2237,0,1,0,0,0
C05180,33301.16,15294.18,40684.22,16857.67,73,194.35,34233.94,1,0,59,0.5256,0.3794,0.0871,0,0,0,0,0
C05181,43411.81,17941.91,46879.61,17412.95,76,259.36,41616.89,3,1,53,0.529,0.3282,0.1111,0,0,0,0,0
C05182,43795.06,23791.45,44293.95,25181.39,63,356.29,62154.32,0,1,33,0.5901,0.3185,0.2364,0,0,0,0,0
C05183,173290.62,125299.28,174678.97,129463.22,75,2183.75,274727.9,1,1,7,0.3353,0.1733,0.2438,0,1,0,0,0
C05184,27713.23,13821.47,28606.18,11712.06,68,121.25,62348.66,0,4,14,0.1061,0.3642,0.0907,0,0,0,0,0
C05185,49883.93,17674.04,66726.39,22860.56,75,296.29,58014.03,1,0,47,0.5567,0.2562,0.0284,0,0,0,0,0
C05186,59387.93,38425.61,52971.03,42997.28,71,592.62,25420.63,2,0,20,0.2403,0.271,0.0901,0,0,0,0,0
C05187,44968.18,19787.27,53060.02,21204.53,61,365.24,58416.89,0,0,38,0.357,0.3199,0.193,1,0,0,0,0
C05188,47287.39,28101.76,52875.47,30646.77,67,353.12,44199.87,1,0,46,0.1946,0.249,0.1451,0,1,0,0,0
C05189,28120.49,10030.47,34722.55,13002.29,74,213.75,63006.87,1,2,41,0.4182,0.1761,0.1515,0,0,0,0,0
C05190,47208.85,27333.09,53132.99,32428.64,77,350.92,68183.58,1,0,48,0.6227,0.3699,0.0423,0,3,0,0,0
C05191,56644.34,29858.58,59499.41,32601.14,61,496.88,120394.16,1,0,23,0.3616,0.2493,0.1251,0,1,0,0,0
C05192,52147.84,38911.96,61138.3,37550.15,74,527.09,72492.68,1,2,25,0.5418,0.3355,0.2211,0,1,0,0,0
C05193,58163.2,39249.47,62675.05,38618.93,66,411.25,121795.45,2,0,4,0.2881,0.4316,0.0911,1,1,0,0,0
C05194,84973.21,31118.27,96920.0,25940.47,82,339.62,18014.0,1,2,3,0.5425,0.3495,0.0355,0,0,0,1,0
C05195,68600.34,48382.79,83787.51,48663.71,77,519.53,148257.78,2,1,34,0.2135,0.2627,0.0965,0,1,0,0,0
C05196,46467.12,32808.22,49306.38,37054.28,63,680.08,16988.33,1,3,60,0.2005,0.3075,0.0733,0,0,0,0,0
C05197,26559.07,17224.47,26534.47,19395.36,79,214.22,72403.13,0,2,27,0.3063,0.2107,0.222,0,1,0,0,0
C05198,34352.0,26388.64,33415.65,29659.18,79,398.3,109990.92,1,0,32,0.4189,0.3183,0.1897,0,2,0,0,0
C05199,40765.19,29002.97,45007.41,28659.46,80,358.21,79611.74,2,0,21,0.3214,0.2421,0.1194,0,2,0,0,0
C05200,50411.44,22609.75,47619.64,25235.31,89,348.38,14127.09,1,0,57,0.2159,0.32,0.1366,0,0,0,0,0
C05201,36285.3,18929.88,36576.43,21748.58,65,305.68,43989.64,1,0,24,0.3517,0.3086,0.0595,0,2,0,0,0
C05202,29535.19,14988.09,27582.67,11732.16,65,180.76,16211.36,1,2,36,0.3078,0.2703,0.0832,0,0,0,0,0
C05203,26363.3,15217.12,29289.65,16533.87,66,255.79,11456.75,1,1,52,0.3262,0.4389,0.0325,0,0,0,0,0
C05204,21405.17,16678.29,20543.43,21677.21,65,255.61,49467.15,1,1,9,0.5381,0.3928,0.1336,0,0,0,1,0
C05205,40485.13,25384.95,36258.16,25766.34,83,318.46,97198.56,2,0,12,0.5931,0.2191,0.2178,0,0,0,0,0
C05206,23226.95,11400.31,21292.3,8520.38,81,104.5,52339.72,0,0,15,0.0792,0.1789,0.1705,0,0,0,0,0
C05207,28686.48,22194.24,28154.9,21139.59,57,297.66,20101.22,0,0,51,0.5632,0.4244,0.0715,0,0,0,0,0
C05208,37690.45,25068.75,37402.64,20863.6,77,290.75,29764.59,2,1,4,0.3896,0.1513,0.1044,0,1,0,1,0
C05209,24667.82,11587.37,26645.55,11284.67,64,177.53,29440.15,0,2,6,0.224,0.1953,0.1473,0,0,0,0,0
C05210,53386.13,40462.99,55020.02,36542.61,67,427.98,82702.51,0,0,34,0.5924,0.4482,0.1141,0,0,0,0,0
C05211,62787.93,31701.36,68717.45,36827.56,73,543.29,60139.53,1,0,45,0.1925,0.2662,0.2185,1,0,0,0,0
C05212,35142.82,20463.49,38800.26,23398.4,73,314.69,110258.56,1,1,56,0.3501,0.4166,0.1184,0,0,0,0,0
C05213,36966.06,20909.86,42099.17,22815.97,61,465.02,10679.7,1,2,24,0.5972,0.3027,0.1101,0,2,0,0,0
C05214,57311.76,43879.83,47056.46,52530.64,82,655.46,102856.76,0,1,58,0.0725,0.3037,0.0821,0,0,1,0,0
C05215,32634.33,15323.4,29851.7,15049.94,61,208.77,108732.47,0,0,12,0.4746,0.1437,0.0895,0,2,1,0,0
C05216,31640.32,15819.78,35329.15,16750.4,69,277.84,109352.58,3,0,50,0.2341,0.1101,0.2194,0,0,0,0,0
C05217,77098.73,49888.44,82909.62,65519.95,58,1078.04,98032.53,0,0,17,0.2771,0.1758,0.227,0,0,0,0,0
C05218,66990.24,50174.16,78193.15,56206.78,50,1349.86,152796.8,0,0,16,0.3456,0.3383,0.2176,0,0,0,0,0
C05219,58989.53,23695.97,51009.3,26537.96,53,485.84,168428.77,1,0,37,0.399,0.4343,0.0468,0,1,0,0,0
C05220,68251.72,30334.31,67772.69,29057.08,66,363.87,64909.96,1,2,54,0.1763,0.4014,0.0767,1,1,0,0,0
C05221,18483.66,14354.7,18750.46,14354.86,66,217.3,37532.63,0,2,48,0.452,0.1582,0.1713,0,1,0,0,0
C05222,82755.34,57910.83,88547.19,53836.53,79,519.28,281324.37,2,1,50,0.2311,0.2816,0.1966,0,1,0,0,0
C05223,53682.68,27149.02,56597.93,33982.68,74,430.13,169069.48,0,1,42,0.202,0.3695,0.0731,1,1,0,0,0
C05224,70917.28,36234.17,78455.03,31270.62,71,457.76,221372.02,1,0,10,0.4066,0.2614,0.0776,1,2,0,0,0
C05225,53564.43,30065.19,55505.69,34866.51,68,548.83,118240.66,2,0,26,0.2532,0.1694,0.0487,1,0,0,0,0
C05226,46001.71,30048.77,55877.38,33646.64,65,479.21,103800.04,0,0,40,0.2339,0.2969,0.0393,0,0,0,0,0
C05227,39756.5,23952.04,49812.71,20541.18,66,247.07,38431.83,1,1,48,0.3489,0.4377,0.1989,0,0,0,0,0
C05228,53084.1,37119.27,48617.2,44063.87,60,655.15,152444.5,0,0,7,0.6251,0.2243,0.2214,0,1,1,0,0
C05229,39109.91,14641.78,41277.12,14919.33,74,202.69,107126.64,1,1,15,0.5002,0.3205,0.2243,0,0,0,0,0
C05230,66500.32,47785.02,76193.36,42600.04,69,634.5,107816.49,0,0,20,0.1227,0.3228,0.0282,0,2,1,0,0
C05231,22037.75,8288.91,24687.56,9065.89,73,149.61,66734.33,3,1,46,0.3158,0.2287,0.1749,0,1,0,0,0
C05232,35267.2,26324.79,35304.54,25042.82,76,241.17,35559.08,1,0,40,0.4498,0.3164,0.1106,0,0,0,0,0
C05233,112937.32,41726.33,122038.23,42786.5,68,642.91,338487.18,1,1,36,0.3992,0.3905,0.201,0,0,0,0,0
C05234,33951.27,13835.98,29197.58,13688.07,67,165.72,76831.45,0,1,49,0.3206,0.2035,0.1745,0,0,0,0,0
C05235,40417.17,17423.16,42345.19,16456.27,74,273.54,14128.97,2,0,56,0.6459,0.2686,0.1735,1,2,0,0,0
C05236,30250.15,13623.85,26461.73,12362.16,73,188.2,41507.38,1,1,54,0.6055,0.1371,0.0443,0,0,0,0,0
C05237,52341.68,27782.6,58149.38,31828.3,71,386.59,129095.06,1,0,46,0.2428,0.3474,0.2301,0,0,0,0,0
C05238,32308.92,20838.18,29597.72,22692.47,73,325.98,83655.62,2,0,30,0.353,0.1982,0.2225,0,2,0,0,0
C05239,41394.07,31114.74,44273.6,33643.73,63,651.22,58596.14,1,2,40,0.3125,0.2965,0.1068,0,0,0,0,0
C05240,65933.88,38638.99,71756.07,38882.13,74,413.7,62938.53,2,0,47,0.4041,0.2509,0.0578,0,0,0,0,0
C05241,32858.78,19374.21,34800.85,20462.18,79,230.64,25459.81,2,0,18,0.0666,0.3593,0.0324,0,0,0,0,0
C05242,64170.11,31679.97,62512.32,30465.79,58,518.35,219887.77,2,0,44,0.1638,0.1982,0.2222,0,1,0,0,0
C05243,65148.27,46275.22,66761.06,44405.87,63,598.65,97506.37,1,1,15,0.3062,0.4283,0.1247,0,0,0,0,0
C05244,72341.12,28916.11,86210.98,36296.33,68,416.37,111113.19,0,0,59,0.4743,0.3457,0.1236,0,1,0,0,0
C05245,47937.88,23273.67,47892.19,26907.74,64,342.48,36208.55,1,1,7,0.1104,0.3329,0.1422,0,0,0,0,0
C05246,193490.63,76165.97,203662.74,74842.64,60,1121.49,278569.62,0,1,24,0.3303,0.2527,0.0416,0,0,0,0,0
C05247,72327.37,32285.59,71111.21,28103.33,71,457.51,248108.63,1,2,19,0.4679,0.1367,0.1688,0,3,1,0,0
C05248,52083.98,31977.95,61065.93,27049.18,70,498.37,96407.21,2,0,35,0.3083,0.1609,0.1994,1,0,0,0,0
C05249,30340.9,12339.1,32141.32,12017.04,76,131.12,76865.36,2,0,21,0.5948,0.197,0.0763,0,1,0,0,0
C05250,43076.86,17027.33,41281.55,18098.77,75,286.68,142433.32,2,0,52,0.6016,0.1217,0.2221,0,0,1,0,0
C05251,85499.42,61701.5,89847.5,65663.0,68,934.21,277944.6,0,0,50,0.5424,0.3252,0.0457,0,0,0,0,0
C05252,97120.56,39162.37,99167.49,41817.51,76,423.94,301639.94,0,1,8,0.2167,0.1144,0.2428,0,0,0,0,0
C05253,87523.78,54581.93,106526.06,59500.13,54,1166.69,279779.77,0,0,7,0.5877,0.2558,0.0714,0,0,1,1,0
C05254,64071.46,32574.25,66931.45,30144.1,69,408.35,142027.87,1,0,39,0.2274,0.3927,0.0667,0,0,0,0,0
C05255,25575.0,19267.32,22610.1,23716.72,61,343.85,78318.28,2,0,7,0.088,0.1458,0.1971,0,2,0,1,0
C05256,56029.89,37450.24,62183.99,38435.69,68,521.63,157889.57,0,1,18,0.4779,0.4127,0.2358,0,1,1,0,0
C05257,25739.62,9697.24,32543.39,10525.2,82,129.26,89384.63,0,2,28,0.5091,0.2393,0.2385,0,1,1,0,0
C05258,23041.58,17349.4,27503.16,16850.7,64,263.11,71576.22,2,1,32,0.1263,0.3278,0.1314,0,1,0,0,0
C05259,50113.17,26873.41,45986.25,29221.58,83,330.13,98985.55,1,2,33,0.6043,0.3123,0.0894,0,1,0,1,0
C05260,56945.93,27573.35,57956.87,35824.31,86,318.58,11850.13,2,1,44,0.3407,0.2347,0.2331,0,0,0,0,0
C05261,67571.22,44107.24,70700.99,41076.19,77,538.95,235075.0,1,0,20,0.3197,0.2523,0.247,0,1,0,0,0
C05262,56281.95,37882.72,58970.77,34705.44,72,597.29,110483.67,0,0,59,0.1189,0.1566,0.1108,0,0,0,0,0
C05263,57161.25,27806.82,62632.46,26312.37,74,333.35,189377.74,0,0,3,0.1575,0.4425,0.2255,0,2,0,0,0
C05264,28892.12,14684.29,29143.71,14831.45,79,192.45,46016.34,0,1,45,0.5813,0.1876,0.1387,1,0,0,0,0
C05265,42923.65,18042.9,40353.6,17816.14,71,271.16,100628.6,1,0,29,0.1548,0.2414,0.2455,0,0,0,0,0
C05266,22838.78,14092.66,26589.27,13037.41,58,215.15,70819.97,1,1,29,0.3452,0.1455,0.2377,0,0,0,0,0
C05267,18267.92,14260.1,16718.29,14888.12,59,297.01,13039.46,1,1,45,0.6342,0.1261,0.2332,1,0,0,0,0
C05268,62799.79,33753.69,59895.05,41764.69,64,470.05,88206.42,0,1,45,0.5433,0.1081,0.2211,0,0,0,0,0
C05269,32064.72,25597.04,29320.83,26416.7,75,271.39,99023.86,1,0,36,0.4352,0.2443,0.1642,0,0,0,0,0
C05270,66638.79,28613.8,74866.38,29713.35,85,250.41,122460.54,1,2,28,0.4493,0.1114,0.0932,0,0,1,0,0
C05271,74100.25,52481.11,78752.01,57264.93,79,915.53,175857.69,0,0,5,0.2682,0.2673,0.0637,0,0,0,0,0
C05272,34054.76,26142.09,39367.99,29480.95,67,333.64,67883.16,0,1,38,0.5365,0.334,0.2406,0,1,0,0,0
C05273,58691.94,38714.64,56096.4,47030.06,67,832.61,102430.37,1,0,4,0.3947,0.1928,0.0707,0,0,1,0,0
C05274,33419.58,13340.99,30065.54,14392.33,50,217.96,46247.3,4,0,33,0.0959,0.1254,0.1499,0,1,0,0,0
C05275,19609.56,9744.84,19545.47,10228.98,87,113.22,66204.51,0,0,57,0.1286,0.2985,0.2057,0,2,0,0,0
C05276,47567.59,18482.37,48904.26,17207.38,60,294.31,123230.7,0,0,32,0.5266,0.3613,0.1927,1,0,0,0,0
C05277,36407.3,22601.16,39141.18,25738.1,64,471.77,121701.09,2,1,58,0.3485,0.2967,0.1124,0,2,0,0,0
C05278,36915.16,29501.38,31308.23,27986.72,63,352.58,112405.7,0,0,16,0.6191,0.1153,0.2023,0,0,0,0,0
C05279,109460.84,56770.73,121222.16,53644.94,70,835.29,37776.34,2,1,3,0.568,0.391,0.205,1,2,0,1,1
C05280,22646.99,9587.04,21349.12,10288.58,70,179.47,69259.45,1,0,27,0.4097,0.2384,0.2121,0,0,0,0,0
C05281,53461.11,25174.2,51980.78,31089.71,77,512.45,26361.2,0,1,41,0.6401,0.125,0.021,1,1,0,0,0
C05282,28760.39,17453.56,34249.18,19847.75,62,412.97,95056.19,0,0,8,0.0512,0.3834,0.2343,0,1,0,0,0
C05283,67719.9,41040.48,53364.39,42907.66,73,738.45,129714.77,0,1,33,0.2931,0.4113,0.1599,0,0,1,0,0
C05284,51467.81,23336.5,56033.02,21754.5,78,253.44,61363.06,1,1,25,0.1103,0.3329,0.0909,0,1,0,0,0
C05285,53376.33,36713.16,58086.66,45254.6,73,507.13,128097.64,0,0,45,0.1843,0.4418,0.106,0,1,0,0,0
C05286,29413.75,11459.76,27994.41,11954.94,71,160.52,93834.65,2,1,38,0.3387,0.2562,0.069,0,1,0,0,0
C05287,31885.39,20099.53,31769.31,20404.55,69,244.85,110660.73,0,1,16,0.5381,0.4242,0.0309,1,0,0,0,0
C05288,68301.06,36989.43,81723.96,41303.14,78,665.53,63952.52,0,0,49,0.4013,0.1714,0.1576,0,1,0,0,0
C05289,99835.26,40655.79,128343.31,40502.68,92,429.63,264310.02,1,1,11,0.2139,0.3274,0.1474,0,0,0,0,0
C05290,55857.34,35495.84,65786.94,34063.21,63,479.0,50696.13,1,2,58,0.6425,0.2208,0.1753,0,2,0,1,0
C05291,30048.81,19618.04,38351.44,19052.03,79,301.94,10021.26,0,0,48,0.3623,0.1021,0.1601,0,0,0,0,0
C05292,52414.58,28723.67,50687.01,27885.76,66,371.51,39103.78,1,1,32,0.2643,0.2523,0.2041,0,0,0,0,0
C05293,134158.9,95131.64,115428.96,87018.43,68,1277.17,366804.75,3,1,30,0.4168,0.2609,0.0716,0,0,0,1,0
C05294,47122.6,27293.06,49181.17,24600.03,71,337.87,28452.09,1,1,34,0.0618,0.1006,0.1784,0,0,0,0,0
C05295,86876.79,41578.32,99611.45,48507.08,67,871.01,226350.28,3,1,16,0.3475,0.3925,0.2266,0,0,0,0,0
C05296,32249.88,25126.54,26684.52,28399.55,60,469.01,107948.45,0,0,5,0.2072,0.3301,0.2088,1,2,0,0,0
C05297,44155.78,34212.77,41454.56,32545.39,70,423.68,115848.54,0,0,26,0.5179,0.1009,0.1355,0,0,0,0,0
C05298,59469.69,23373.35,56624.22,27033.81,55,380.74,64645.04,2,3,30,0.4365,0.1243,0.218,0,1,0,1,0
C05299,53810.05,41742.42,58802.96,45378.92,77,603.29,166735.15,0,0,12,0.577,0.1063,0.0929,1,0,0,0,0
C05300,31873.9,22278.81,34338.21,22527.1,71,348.81,90146.95,0,0,20,0.127,0.1464,0.1641,0,0,0,0,0
C05301,31261.26,12441.66,29916.42,11233.58,76,126.4,68500.8,0,2,57,0.1241,0.1642,0.2178,0,0,0,0,0
C05302,70202.96,40977.21,75227.9,44705.06,78,629.61,239318.02,0,1,36,0.1952,0.1963,0.2385,0,1,0,0,0
C05303,76927.26,28134.46,70205.62,35838.96,80,437.77,60565.09,2,1,34,0.5828,0.2045,0.0517,0,1,0,0,0
C05304,88865.78,54651.18,88761.72,57479.3,70,596.27,20148.7,1,0,16,0.6203,0.2668,0.0445,0,1,0,0,0
C05305,101334.93,78021.26,91021.6,91272.26,58,1143.11,107878.84,2,0,31,0.4941,0.2699,0.1369,0,0,0,1,0
C05306,47810.31,24655.51,49338.87,25261.88,68,273.28,55610.09,0,0,19,0.3144,0.4267,0.1128,0,1,0,0,0
C05307,39119.57,22645.59,37317.77,26282.93,75,332.63,29989.2,0,1,43,0.3506,0.1536,0.0968,1,1,0,0,0
C05308,82649.47,37390.8,93629.04,38586.35,63,730.05,166689.03,3,0,36,0.196,0.3711,0.1042,0,3,0,0,0
C05309,62025.38,36807.46,64931.74,28023.75,64,391.18,34233.8,1,0,5,0.4369,0.3144,0.1076,0,0,0,0,0
C05310,28920.7,20567.2,29579.83,19814.28,70,304.95,65072.97,0,2,26,0.6363,0.3079,0.1741,0,2,0,1,0
C05311,28262.23,12629.44,35671.88,13461.36,69,235.46,17219.61,2,1,10,0.1523,0.4289,0.16,0,0,0,0,0
C05312,56150.25,33637.87,61540.37,39689.83,81,507.6,84470.92,0,1,3,0.181,0.4443,0.1021,0,1,0,0,0
C05313,41549.64,21173.26,41791.52,21841.91,64,428.01,71984.77,0,1,56,0.2972,0.3982,0.2212,0,1,0,0,0
C05314,44467.96,30529.14,43576.46,32164.83,74,384.14,32428.66,0,1,17,0.5464,0.3061,0.1043,0,0,0,0,0
C05315,72915.59,48555.76,66226.26,47561.72,57,838.88,246921.19,0,0,29,0.408,0.2017,0.0203,0,0,0,0,0
C05316,63321.77,42074.49,65987.23,52059.24,67,797.99,32952.21,0,0,20,0.4684,0.4033,0.0536,0,1,0,0,0
C05317,81867.78,42572.18,88983.2,52367.3,64,658.75,70150.36,0,0,59,0.4452,0.1567,0.0337,0,1,1,0,0
C05318,18868.07,11692.09,15477.01,11327.89,70,161.77,27709.96,1,0,47,0.1024,0.2168,0.1342,0,0,0,0,0
C05319,50435.31,32429.32,44701.92,28149.64,70,438.93,146119.94,0,2,32,0.4482,0.4151,0.1118,0,1,0,0,0
C05320,61514.46,40376.02,60780.45,33638.73,65,393.19,122961.87,0,0,59,0.6222,0.1056,0.057,0,2,0,0,0
C05321,22639.56,13784.44,20788.06,15471.78,59,284.53,31187.89,1,0,28,0.0798,0.143,0.1666,0,0,0,0,0
C05322,33513.87,24802.35,35363.53,26444.92,64,419.47,59151.55,0,3,18,0.335,0.1789,0.115,0,0,0,0,0
C05323,30828.64,14241.58,33043.93,13617.58,61,205.98,92967.85,0,1,15,0.5363,0.4389,0.1518,0,0,0,0,0
C05324,45441.54,17045.71,47046.68,18454.05,75,228.54,75100.06,0,1,4,0.2307,0.3264,0.0395,0,0,0,0,0
C05325,93615.58,73312.84,104476.94,66154.65,63,1274.26,90918.35,0,0,31,0.0987,0.3323,0.0394,0,0,0,0,0
C05326,111812.99,42190.41,109555.54,48324.51,70,882.27,99099.6,0,0,3,0.3442,0.3896,0.1956,0,0,0,0,0
C05327,31194.23,23593.13,32582.1,23690.4,64,337.66,92899.87,0,0,24,0.1008,0.4224,0.2437,0,0,1,0,0
C05328,57032.04,35675.15,53017.12,32829.16,67,477.84,58436.87,0,0,14,0.4154,0.2582,0.1649,0,1,0,0,0
C05329,57865.51,44176.45,62735.15,44439.66,79,556.52,113567.36,1,1,11,0.5165,0.2059,0.0835,0,1,1,1,0
C05330,53575.62,32371.96,56742.42,32430.97,89,397.97,134042.71,0,0,49,0.3005,0.1066,0.0987,0,0,0,0,0
C05331,53850.05,38742.63,48797.61,42376.96,72,497.04,38046.12,0,0,5,0.3396,0.1757,0.0384,0,0,0,0,0
C05332,51590.97,34802.27,53210.56,41411.9,61,620.46,13658.25,1,0,57,0.3762,0.1123,0.247,0,0,0,0,0
C05333,96165.34,56381.79,100537.15,66738.9,73,716.52,333161.49,1,0,46,0.3821,0.3833,0.2178,0,1,0,0,0
C05334,73904.4,37949.59,80091.79,40574.02,68,420.57,213333.78,1,0,13,0.5032,0.1334,0.1663,0,1,0,0,0
C05335,27926.98,9810.37,30389.42,10080.52,76,107.74,92823.48,0,1,5,0.4514,0.425,0.0302,0,0,0,0,0
C05336,64375.75,29800.01,62023.31,29256.54,75,283.62,133217.28,0,0,21,0.4986,0.2642,0.0616,0,2,0,0,0
C05337,67237.46,52330.58,76760.79,43844.53,65,570.24,63208.61,0,1,5,0.3711,0.2088,0.0412,1,0,0,0,0
C05338,51852.22,24575.77,57699.42,25747.89,70,336.99,99691.82,0,0,47,0.2045,0.1739,0.1911,0,2,0,0,0
C05339,74873.76,51538.12,72107.21,48851.88,72,501.02,203328.57,1,1,37,0.2094,0.4172,0.2201,0,0,0,0,0
C05340,48974.31,28347.5,44707.49,33909.3,70,618.2,106430.88,0,0,58,0.5222,0.2144,0.1385,0,1,0,0,0
C05341,49248.21,24074.07,47880.18,24697.92,61,316.18,86990.24,0,1,27,0.5542,0.1368,0.1748,0,0,0,0,0
C05342,47523.33,37828.19,41506.98,43110.91,80,654.07,97122.62,1,1,13,0.1984,0.1283,0.1961,1,0,0,1,0
C05343,18146.05,6734.7,19506.29,6681.48,64,117.83,16995.77,1,0,50,0.1205,0.3277,0.1,0,0,0,0,0
C05344,43401.03,26558.6,51735.21,25733.74,79,378.34,64283.43,0,0,10,0.3033,0.3496,0.2474,0,0,0,0,0
C05345,33313.07,18578.14,40661.45,20855.35,75,231.71,56527.13,1,3,37,0.5526,0.1171,0.1258,0,0,0,1,0
C05346,26384.08,10143.01,24254.33,10988.09,64,216.92,71487.93,0,0,59,0.5292,0.3502,0.2108,0,1,0,0,0
C05347,85795.86,38294.41,98186.2,41689.77,77,453.77,168158.38,0,1,9,0.1206,0.2939,0.0288,0,2,0,0,0
C05348,56461.32,37400.48,59856.91,38849.62,60,461.78,94932.42,1,2,45,0.1557,0.3175,0.0435,1,1,0,0,0
C05349,44399.96,17704.39,33854.4,20266.69,61,263.32,148483.55,1,1,34,0.128,0.2138,0.071,0,1,1,0,0
C05350,34900.49,24795.45,35253.42,27953.71,74,343.83,31165.34,2,0,18,0.4926,0.3314,0.0575,0,0,1,0,0
C05351,51415.45,32457.42,51248.77,25601.81,60,319.31,147676.2,1,1,48,0.3436,0.1667,0.2428,0,0,0,0,0
C05352,70302.6,27796.66,84032.56,28327.73,64,525.38,15031.98,0,0,18,0.6385,0.1771,0.1787,1,0,0,0,0
C05353,31016.76,14859.1,29325.9,17411.43,72,250.61,46323.28,1,2,42,0.2841,0.2784,0.1684,0,2,0,0,0
C05354,44902.33,18487.64,50181.4,17150.17,73,295.08,37643.43,0,0,44,0.5523,0.3535,0.1464,0,0,0,0,0
C05355,66506.02,47147.48,68976.67,39929.79,63,667.06,118758.97,1,0,40,0.5536,0.1556,0.2357,0,1,0,1,0
C05356,18830.2,11106.65,16504.73,11477.02,73,116.05,34383.22,0,0,22,0.6257,0.3422,0.1321,0,0,0,0,0
C05357,43849.18,15403.05,43136.1,17135.72,69,253.76,65268.56,1,0,57,0.3568,0.2987,0.1344,0,1,0,0,0
C05358,37094.97,22045.79,45767.62,21929.88,60,273.09,14106.09,0,0,39,0.0987,0.1612,0.0233,0,0,0,0,0
C05359,42369.94,24034.84,43606.95,28965.67,66,554.42,40799.89,3,1,38,0.5954,0.3934,0.2011,0,2,0,1,0
C05360,35906.91,22958.31,41605.48,29185.41,76,420.08,38123.12,1,2,19,0.2707,0.1806,0.1982,0,0,0,0,0
C05361,47875.01,17506.92,55158.06,14338.01,77,169.22,82948.46,2,0,18,0.606,0.2687,0.0201,0,0,0,0,0
C05362,106942.87,39134.84,106537.38,39288.28,56,747.53,170855.21,0,0,16,0.3581,0.2865,0.1415,0,1,0,0,0
C05363,38896.23,19728.78,34850.61,15313.06,73,241.48,33661.64,0,0,4,0.2891,0.2075,0.1864,0,1,0,0,0
C05364,51312.4,33858.08,46785.71,38236.65,60,805.44,113258.78,1,0,10,0.0879,0.4097,0.0566,1,0,0,0,0
C05365,110420.78,71768.11,135177.13,69501.48,74,1010.51,193175.07,1,2,28,0.508,0.1133,0.2242,1,0,0,1,0
C05366,35133.51,16696.1,37529.92,16577.61,78,234.83,32657.46,0,0,25,0.4619,0.1605,0.1053,0,0,0,0,0
C05367,101826.09,45539.72,85731.61,54090.77,68,748.25,46369.82,2,0,29,0.6376,0.4277,0.2034,0,0,0,0,0
C05368,45107.92,29654.24,51877.5,26409.84,67,329.11,27273.09,1,0,6,0.3314,0.3683,0.1501,0,0,0,0,0
C05369,100335.12,36341.45,83837.8,31270.1,58,491.34,43313.33,0,0,6,0.5495,0.2662,0.1501,0,1,0,0,0
C05370,63070.49,37877.14,59971.53,29419.29,79,408.54,21533.57,0,0,55,0.5127,0.3378,0.0867,0,0,1,0,0
C05371,51669.17,27944.98,54756.68,33602.81,65,632.34,26814.5,0,0,43,0.4085,0.3083,0.1359,1,0,1,0,1
C05372,43690.41,19992.26,59089.11,23482.63,67,385.28,57717.9,0,0,54,0.4861,0.1123,0.2391,0,0,0,0,0
C05373,33982.44,19850.3,39009.12,20142.76,76,337.62,66423.53,2,1,25,0.299,0.2735,0.0782,0,1,0,0,0
C05374,46561.25,20846.66,46194.03,18698.84,75,275.07,81875.06,0,0,25,0.5687,0.223,0.2132,0,2,0,0,0
C05375,67388.55,40698.96,70986.95,46807.54,71,710.3,213929.79,0,0,28,0.6195,0.2336,0.1134,1,1,1,0,1
C05376,44735.28,18656.32,51909.25,25756.19,70,260.32,142553.52,1,0,22,0.064,0.3095,0.2084,0,2,0,0,0
C05377,39024.21,20782.8,47633.87,21234.15,65,348.23,31452.2,1,0,6,0.3155,0.166,0.1968,0,0,0,0,0
C05378,40197.72,23302.29,41013.06,21103.76,65,241.43,123056.98,1,1,40,0.1311,0.2012,0.204,0,2,0,0,0
C05379,70335.52,25620.8,72007.11,30719.42,62,502.07,144916.36,1,0,10,0.2036,0.1481,0.1911,0,0,0,0,0
C05380,78099.62,48798.42,74225.42,44606.7,75,625.54,205818.12,2,1,10,0.429,0.1357,0.1296,0,0,0,1,0
C05381,33329.56,22918.8,37656.37,23056.29,64,391.86,93657.31,1,1,32,0.2908,0.3431,0.2118,0,2,0,0,0
C05382,33308.01,25988.01,39074.18,19058.43,88,264.81,50874.0,3,0,22,0.1348,0.2172,0.0808,0,1,0,0,0
C05383,53376.68,23560.83,43627.85,23881.43,68,345.5,85473.69,1,1,13,0.4846,0.1596,0.2143,0,0,0,0,0
C05384,89483.29,39722.79,89696.55,35615.67,61,577.14,240785.55,2,0,49,0.598,0.2308,0.0406,1,0,0,0,0
C05385,75366.14,36716.42,68160.12,44098.62,75,605.16,219772.8,0,0,55,0.0618,0.3084,0.2436,0,0,0,0,0
C05386,25618.87,19235.77,27363.74,17944.33,72,224.48,42251.52,0,2,31,0.2565,0.2122,0.0934,0,0,0,0,0
C05387,39957.98,21301.03,36019.98,24359.37,65,323.39,40534.0,0,0,22,0.1266,0.245,0.1818,0,1,0,0,0
C05388,29603.45,14381.57,26393.93,14919.55,63,180.97,71323.55,1,0,13,0.2645,0.3955,0.2362,0,0,0,0,0
C05389,39896.23,27270.32,47269.94,29044.09,71,492.46,110600.32,2,1,47,0.4609,0.4223,0.1029,0,3,0,1,0
C05390,92633.14,34005.22,95424.06,37836.47,79,347.26,252372.83,0,0,17,0.139,0.3733,0.2305,0,1,0,0,0
C05391,23724.12,14162.5,24739.78,14779.79,70,272.1,35315.52,1,1,41,0.0557,0.3047,0.2118,1,1,1,0,1
C05392,21718.69,12001.43,23929.7,11668.55,62,164.39,17411.75,0,1,27,0.5486,0.2216,0.0876,1,0,0,0,0
C05393,30994.6,19563.37,36155.15,18635.22,62,337.0,57377.29,0,0,10,0.5488,0.4283,0.0211,0,1,0,0,0
C05394,51210.89,34771.93,51199.06,38634.32,75,586.61,58052.12,0,1,43,0.2643,0.4104,0.211,0,2,0,0,0
C05395,59501.54,29527.33,59646.86,24265.3,78,291.91,73783.33,3,2,36,0.5928,0.3396,0.1831,0,2,0,1,0
C05396,54790.36,34867.91,54952.1,43633.0,59,699.84,134804.96,0,0,23,0.0542,0.266,0.0312,0,0,0,0,0
C05397,76380.0,44754.7,90111.68,47700.4,50,1010.01,96712.58,0,0,37,0.3036,0.1508,0.0313,0,0,0,0,0
C05398,20353.93,8350.92,21205.21,8430.36,72,100.0,58015.11,2,1,28,0.2977,0.1968,0.024,0,2,1,0,0
C05399,76816.08,57364.46,77973.56,62064.34,78,567.46,114986.5,0,2,52,0.2535,0.1438,0.2115,0,2,0,0,0
C05400,39103.8,26964.63,42893.25,26389.86,82,364.79,29777.94,0,2,8,0.218,0.1039,0.0248,0,0,0,0,0
C05401,62541.79,47828.48,79412.47,49198.01,65,765.73,105834.69,0,0,32,0.2151,0.1626,0.1726,0,0,0,0,0
C05402,24806.88,16724.35,26268.35,15289.29,63,315.25,33635.1,0,1,22,0.2014,0.1929,0.0419,1,1,1,0,1
C05403,45100.49,20753.57,45897.25,22725.38,59,338.68,56674.75,1,0,19,0.4774,0.1299,0.1924,0,1,1,0,0
C05404,50048.09,27212.99,64219.7,28317.44,73,358.33,42962.42,3,0,12,0.5821,0.155,0.0731,1,1,0,1,0
C05405,75697.9,39672.57,91562.38,42548.69,72,638.76,75018.4,0,1,33,0.6426,0.3467,0.1171,1,0,0,0,0
C05406,22049.68,8072.82,26287.16,9913.24,55,200.51,59280.35,1,0,37,0.3509,0.3275,0.223,0,0,0,0,0
C05407,45627.07,24398.92,45167.04,23264.25,68,318.79,124243.67,0,1,51,0.2922,0.3132,0.0262,0,1,0,0,0
C05408,27613.55,13958.82,27006.62,14440.88,86,129.83,44064.38,0,0,25,0.6029,0.2932,0.0477,0,0,0,0,0
C05409,56494.07,19872.68,46884.51,16928.15,74,169.45,65211.75,0,0,11,0.5157,0.1846,0.0754,0,1,0,0,0
C05410,63841.91,46681.56,74426.27,52096.8,77,474.32,144255.26,0,1,42,0.3146,0.1634,0.0351,0,1,0,0,0
C05411,80309.59,33307.88,85067.11,34903.39,62,519.18,191012.02,0,1,24,0.2599,0.1503,0.1869,0,1,0,0,0
C05412,35371.25,20353.62,29495.85,21413.67,76,244.35,71328.88,1,1,21,0.1083,0.3067,0.136,0,2,0,0,0
C05413,68300.32,48022.3,81565.72,49516.59,82,430.49,183642.24,2,0,33,0.1795,0.1431,0.1722,0,0,1,0,0
C05414,83018.89,51639.13,83809.06,50638.22,71,781.45,131869.81,2,0,36,0.6359,0.2995,0.157,0,2,1,0,0
C05415,21481.7,9155.67,22003.93,12355.79,73,154.52,50327.02,0,2,35,0.5289,0.3309,0.076,0,0,0,0,0
C05416,59276.78,37237.38,51478.55,39270.02,52,775.58,112144.53,1,0,9,0.3062,0.2715,0.2317,0,0,0,0,0
C05417,69268.66,47859.01,76823.36,51954.88,63,1004.82,86762.93,1,2,58,0.447,0.1413,0.0998,0,0,0,0,0
C05418,40054.28,29425.64,44468.76,26873.54,73,338.01,25348.46,0,1,44,0.1124,0.1056,0.1279,0,0,0,0,0
C05419,26096.84,12876.03,27251.41,14887.43,63,196.1,21524.83,1,0,58,0.6233,0.3959,0.089,0,3,0,0,0
C05420,68785.47,25124.9,68772.5,26008.9,74,304.68,125181.21,3,0,60,0.3804,0.357,0.0554,0,1,0,0,0
C05421,26229.47,16356.09,35807.84,18048.9,69,189.33,22547.16,0,0,25,0.5078,0.3775,0.1377,0,1,0,0,0
C05422,41529.51,18754.56,37608.96,21723.03,58,312.79,140234.0,0,0,23,0.44,0.1898,0.0389,0,0,0,0,0
C05423,44194.78,30998.34,42578.47,32161.74,73,546.9,61559.65,1,3,49,0.411,0.3193,0.1932,0,0,0,1,0
C05424,62094.33,40730.57,70476.49,39458.18,64,478.12,44191.31,0,1,57,0.3704,0.2319,0.109,0,0,0,0,0
C05425,33942.85,23689.87,31508.04,18257.11,61,268.85,111278.12,0,0,6,0.1518,0.2682,0.2176,0,1,0,0,0
C05426,33069.12,25972.12,30404.25,26064.02,62,326.69,98192.39,0,0,31,0.3528,0.2749,0.0236,0,0,1,0,0
C05427,47048.29,28842.78,55789.02,27923.02,74,277.45,48419.95,0,0,34,0.6363,0.2496,0.1466,0,0,0,0,0
C05428,70777.29,53574.24,79456.22,48904.37,65,697.67,170214.58,0,0,12,0.0836,0.1843,0.1683,0,1,0,0,0
C05429,125966.37,80473.87,139582.9,98529.82,78,1507.7,325335.32,0,0,13,0.2573,0.1995,0.087,1,1,0,0,0
C05430,22835.03,9859.82,24475.02,11515.6,67,124.24,41804.19,2,1,22,0.5466,0.1451,0.049,0,1,0,0,0
C05431,51860.97,36805.14,50146.52,30563.7,71,478.46,111052.05,0,0,4,0.4544,0.2915,0.096,0,0,0,0,0
C05432,27597.4,18274.02,28140.51,19524.79,73,195.22,82304.41,2,0,23,0.1565,0.443,0.1311,0,0,0,0,0
C05433,71174.0,56232.65,74057.33,53529.59,60,1013.06,129400.53,1,0,56,0.1442,0.2453,0.0718,0,1,0,0,0
C05434,29497.85,13555.57,33968.13,14830.0,74,256.37,50360.08,1,1,56,0.3353,0.3572,0.2337,1,1,0,0,1
C05435,33217.3,16605.54,36575.66,15842.39,64,214.31,87834.69,2,0,59,0.2152,0.1888,0.1093,0,0,0,0,0
C05436,34518.33,24841.84,32400.94,24477.17,52,458.74,114408.13,2,2,11,0.1529,0.4306,0.1014,0,2,0,0,0
C05437,43483.13,16449.68,49777.09,19173.17,67,294.38,141101.43,0,0,59,0.5474,0.2262,0.1781,0,1,0,0,0
C05438,52044.62,33045.2,44163.99,37946.5,58,547.29,116289.69,0,2,46,0.4839,0.2194,0.2453,0,1,0,1,0
C05439,55942.71,33060.14,56588.81,40701.58,68,435.56,111907.25,0,0,52,0.3074,0.1999,0.123,0,1,0,0,0
C05440,44883.36,19118.96,40976.45,19576.94,86,168.63,101761.5,1,0,55,0.1521,0.1918,0.2424,0,1,0,0,0
C05441,24734.81,10495.1,23427.51,9186.57,72,117.65,9614.43,1,0,12,0.0549,0.1552,0.0635,0,1,0,0,0
C05442,62437.51,44617.16,79994.34,51780.67,71,600.86,195857.25,0,0,37,0.1368,0.433,0.1765,1,2,0,0,0
C05443,43940.26,15684.49,38382.66,18213.62,72,255.02,14109.7,0,0,10,0.2413,0.242,0.1713,0,0,1,0,0
C05444,75902.01,52074.75,72235.69,58604.53,75,577.12,33294.18,0,1,22,0.2069,0.3774,0.1493,0,3,0,0,0
C05445,32726.33,22244.1,36367.08,21371.01,76,312.76,10808.19,0,1,7,0.2147,0.3724,0.155,0,0,0,0,0
C05446,21881.44,14055.68,21741.39,12952.36,81,126.61,57021.39,0,0,59,0.1809,0.2029,0.0513,0,0,0,0,0
C05447,44316.22,23677.4,47359.28,26384.1,71,267.63,49872.06,0,2,31,0.0964,0.1624,0.2475,0,2,0,0,0
C05448,80627.61,29247.21,98490.34,27599.47,72,326.27,124899.78,0,0,57,0.0979,0.1185,0.0836,1,1,0,0,0
C05449,48380.0,34388.48,54599.5,34837.01,61,634.63,49317.43,0,1,58,0.6364,0.3998,0.2131,0,0,0,0,0
C05450,41133.01,16723.38,40876.27,23392.35,66,272.46,133412.04,0,1,47,0.1377,0.3173,0.2283,0,3,0,0,0
C05451,30417.14,14489.34,31449.92,18915.45,57,386.45,106004.18,1,1,54,0.1323,0.3146,0.23,0,1,0,0,0
C05452,99251.54,77024.38,110533.73,88202.38,72,1317.9,163918.68,0,0,25,0.1273,0.1526,0.0738,0,0,1,0,0
C05453,28313.57,13755.79,31886.71,13350.38,73,161.78,81970.14,0,1,44,0.2588,0.1445,0.0591,0,2,0,0,0
C05454,32467.35,15091.24,34171.58,14537.7,74,148.18,33572.15,0,0,9,0.6203,0.3664,0.1194,0,1,0,0,0
C05455,58158.84,45830.14,63583.49,52058.22,64,1013.32,136132.89,1,0,52,0.4309,0.2887,0.0323,0,1,0,0,0
C05456,19520.27,7586.93,21343.26,9329.19,69,113.55,12451.69,0,1,21,0.6304,0.3177,0.1012,0,1,0,0,0
C05457,79856.26,33724.15,82965.29,33339.82,67,537.17,243628.78,1,1,57,0.1598,0.2535,0.0645,0,1,0,0,0
C05458,59593.67,32612.21,58245.16,32455.15,68,532.02,96594.98,0,0,60,0.4878,0.3824,0.239,1,0,1,0,1
C05459,67445.27,47512.02,76827.68,50387.7,85,604.13,174750.08,2,0,48,0.098,0.3282,0.2413,0,1,0,0,0
C05460,57847.78,43267.92,62765.74,38219.59,63,637.3,133885.21,0,1,54,0.395,0.3389,0.1131,1,1,0,0,0
C05461,41852.72,28879.89,33494.0,25616.27,72,312.28,116324.98,0,0,57,0.5125,0.3605,0.2465,0,1,0,0,0
C05462,27889.37,22012.49,26519.99,20006.69,69,305.17,40365.08,0,0,10,0.1209,0.3537,0.0359,0,0,0,0,0
C05463,42251.02,15108.15,41926.51,16853.55,63,319.48,92472.85,1,0,57,0.3066,0.147,0.1965,1,0,0,0,0
C05464,29014.8,18243.87,29765.25,19751.53,65,354.33,64340.3,0,0,4,0.164,0.4482,0.044,0,0,0,0,0
C05465,56004.52,22533.74,66895.91,26734.8,86,259.22,48010.87,0,1,26,0.2973,0.1802,0.0726,0,0,0,0,0
C05466,64696.91,49147.86,92793.42,41359.72,85,569.13,52835.16,0,0,51,0.126,0.3624,0.0827,0,1,0,0,0
C05467,87463.92,67424.91,66030.14,58522.83,65,997.56,222358.42,2,3,5,0.5171,0.2817,0.0406,0,0,0,1,0
C05468,53194.66,25871.9,57797.52,28580.34,61,450.61,51568.28,1,0,59,0.0797,0.305,0.2008,0,2,0,0,0
C05469,68218.88,49286.02,72199.48,46592.85,72,641.78,154717.27,2,0,16,0.1538,0.3216,0.2353,0,0,0,0,0
C05470,39367.77,24944.36,40483.5,23798.62,80,300.4,132680.83,1,1,37,0.0594,0.1831,0.1137,0,2,0,0,0
C05471,36286.21,14341.03,40464.67,16800.95,74,265.03,39696.23,0,0,58,0.5344,0.4315,0.1032,1,0,0,0,0
C05472,55690.79,34597.66,59476.36,34031.86,60,605.27,172415.8,1,1,22,0.1505,0.4186,0.0735,0,1,0,0,0
C05473,37816.66,29845.88,38067.3,29776.94,62,580.46,73097.02,0,0,17,0.4996,0.4428,0.026,0,2,0,0,0
C05474,50794.91,24820.54,53512.9,25316.68,73,413.5,108694.17,1,0,50,0.3838,0.2851,0.0442,0,0,0,0,0
C05475,27913.93,9784.21,31173.95,10051.02,70,179.24,30279.42,2,1,14,0.102,0.4432,0.0402,0,1,0,0,0
C05476,30263.13,23894.44,33452.15,27053.1,62,534.48,98499.21,1,0,33,0.4556,0.297,0.2371,0,0,0,0,0
C05477,59895.22,32121.36,64245.76,29063.39,81,255.66,152556.09,1,0,40,0.6153,0.1242,0.2166,0,1,0,0,0
C05478,67065.72,36478.37,65723.49,37478.83,81,424.62,170443.88,1,0,27,0.5434,0.3684,0.1855,0,0,0,0,0
C05479,28879.07,19368.49,40092.73,23038.52,71,299.89,87366.36,0,0,8,0.0827,0.3637,0.1497,0,0,0,0,0
C05480,60851.65,37848.11,66519.47,49426.99,66,832.88,34404.11,0,1,33,0.2013,0.288,0.2374,0,2,0,0,0
C05481,35407.78,17204.42,40417.82,15263.82,75,211.67,18827.93,1,0,53,0.5932,0.2154,0.1144,0,1,0,0,0
C05482,45335.47,17907.06,44839.67,19513.7,70,360.81,21430.06,1,1,45,0.2251,0.3369,0.1594,1,0,0,0,0
C05483,85139.19,61497.16,91332.97,63169.06,67,1009.78,264786.4,0,1,20,0.3579,0.341,0.1226,0,0,0,0,0
C05484,64717.51,36728.46,69363.77,38129.46,62,639.72,205597.62,1,0,58,0.64,0.1656,0.2324,0,0,0,0,0
C05485,64380.12,42015.33,52828.14,40135.15,66,735.89,103920.24,1,0,53,0.2864,0.3961,0.0816,0,0,0,0,0
C05486,106231.23,78316.54,102406.98,89335.41,76,1380.01,254763.39,1,1,14,0.6219,0.2675,0.1798,0,2,0,0,0
C05487,32783.22,11735.58,31530.34,13314.47,71,149.32,98381.94,0,1,30,0.204,0.2195,0.1684,0,0,1,0,0
C05488,28876.23,21273.79,28239.37,28778.02,66,431.83,40075.21,2,1,11,0.1126,0.1629,0.1082,0,0,0,1,0
C05489,32515.19,22380.46,29966.63,19951.52,86,300.44,34757.05,1,0,31,0.055,0.2801,0.1705,0,2,0,0,0
C05490,40130.51,31144.08,42348.24,26168.84,81,363.37,136156.43,0,0,7,0.3508,0.4355,0.1384,0,4,0,0,0
C05491,15597.56,7098.7,18992.89,9203.94,68,100.0,13022.64,2,0,34,0.0901,0.1851,0.0263,1,0,0,0,0
C05492,40989.66,20293.57,43680.98,21181.88,67,232.97,76023.18,1,0,53,0.4908,0.2134,0.1897,0,0,0,0,0
C05493,35219.7,22810.58,31988.21,22700.73,73,354.16,75482.2,1,1,28,0.5642,0.2203,0.0668,0,0,0,0,0
C05494,64030.17,49085.97,59310.6,52649.07,65,942.82,92261.76,2,0,20,0.4442,0.3958,0.1968,1,0,0,0,0
C05495,52733.51,42012.86,52984.2,37081.29,59,748.97,96159.11,1,1,3,0.2416,0.4182,0.0729,0,0,0,0,0
C05496,34341.31,18459.55,30224.72,20215.11,62,285.49,98332.37,0,1,8,0.2836,0.263,0.1247,0,0,1,0,0
C05497,58682.69,34778.5,63760.79,36182.45,62,690.76,151104.48,2,2,51,0.5951,0.3099,0.0834,0,2,0,1,0
C05498,62310.56,26590.9,75543.57,31346.78,78,520.55,176002.58,0,1,50,0.3116,0.1869,0.0475,0,0,0,0,0
C05499,31842.98,21089.25,31234.51,24312.57,73,348.26,36067.28,0,2,41,0.1632,0.3993,0.0274,0,0,0,0,0
C05500,36046.2,26198.98,38177.84,30465.22,73,441.85,38769.0,4,1,47,0.1631,0.3404,0.2339,0,0,0,0,0
C05501,16531.19,11727.1,16506.8,12582.01,80,133.14,16958.07,0,0,16,0.1759,0.3604,0.0483,0,2,0,0,0
C05502,27546.22,13928.18,26842.27,17306.06,69,208.03,54165.75,2,0,28,0.2283,0.238,0.1331,0,0,0,0,0
C05503,32218.83,25242.45,34562.73,28250.1,63,316.01,23607.95,0,0,29,0.308,0.4409,0.0388,0,1,0,0,0
C05504,46527.21,18804.25,45150.16,18541.47,77,199.63,157517.09,1,3,31,0.4969,0.2655,0.2218,0,0,0,0,0
C05505,29407.22,16829.36,28024.85,16036.58,62,204.62,85517.82,1,0,49,0.3404,0.3479,0.1489,0,0,0,0,0
C05506,35716.37,21414.42,30561.96,20695.24,78,291.24,123082.67,1,2,33,0.1377,0.157,0.0787,0,1,1,0,0
C05507,25926.45,15333.71,27423.72,17183.87,85,146.5,26141.36,0,2,60,0.2135,0.3735,0.2414,0,1,0,0,0
C05508,48601.95,33586.42,57255.1,29898.82,74,517.61,113519.82,0,0,60,0.5743,0.1152,0.1151,1,0,0,0,0
C05509,54501.82,34026.75,61852.86,36361.42,72,632.27,174059.83,2,0,24,0.3922,0.3982,0.0824,0,1,0,0,0
C05510,53932.16,20748.15,66284.73,19711.88,80,219.11,89344.14,0,1,46,0.3593,0.1896,0.2137,1,0,0,0,0
C05511,45251.01,19500.16,43850.86,17542.85,71,308.14,81408.79,1,1,40,0.5648,0.112,0.2025,1,0,0,0,0
C05512,22492.45,13259.47,25913.49,12185.46,71,169.41,7510.82,0,0,50,0.5101,0.3975,0.0964,0,2,1,0,0
C05513,34045.01,22556.4,31242.56,23619.82,70,410.21,114351.13,0,2,44,0.4662,0.4186,0.0744,0,0,0,0,0
C05514,37463.78,21780.64,42525.55,24865.93,71,389.8,99205.15,1,2,53,0.1971,0.3782,0.2483,1,0,0,0,1
C05515,37531.46,19140.24,46813.09,18544.74,65,215.62,127217.87,1,0,9,0.207,0.4004,0.1763,0,0,0,0,0
C05516,46544.28,17361.51,51655.11,13904.53,64,245.07,43527.3,1,1,21,0.1029,0.3655,0.1481,0,0,0,0,0
C05517,85469.2,60140.1,106786.71,85911.34,72,1293.34,234967.54,0,0,19,0.277,0.252,0.152,0,0,0,0,0
C05518,64851.87,37207.95,63435.0,44059.25,66,790.1,57592.82,1,0,29,0.454,0.4433,0.0392,0,1,0,0,0
C05519,28854.89,17095.23,29832.85,19862.49,76,303.02,20236.34,2,0,56,0.1417,0.3924,0.2214,0,1,0,0,0
C05520,61065.3,34259.54,57408.59,42664.96,64,759.6,196920.02,0,0,12,0.328,0.1909,0.1415,0,1,1,0,0
C05521,60027.25,28177.12,63279.21,29898.3,73,445.37,37388.61,0,1,28,0.0511,0.1072,0.1857,0,2,0,0,0
C05522,31309.83,14852.38,33888.54,15354.39,71,262.74,75688.68,1,0,54,0.5937,0.2363,0.0597,0,1,1,0,0
C05523,65933.86,24960.94,69436.55,30270.0,68,519.68,103676.67,0,0,18,0.3578,0.3529,0.2438,0,0,0,0,0
C05524,41866.79,27984.58,41578.05,33914.1,82,472.11,136890.76,2,0,54,0.4154,0.3307,0.1315,0,1,0,0,0
C05525,23859.52,11269.87,23647.51,12665.34,71,137.99,45409.74,2,1,36,0.5428,0.1604,0.1854,0,0,0,0,0
C05526,55229.86,26750.73,60279.0,30921.16,68,583.54,127805.63,0,0,44,0.2436,0.158,0.0703,0,0,0,0,0
C05527,49615.1,39546.96,51147.5,35645.55,63,693.45,134662.5,2,1,16,0.2059,0.4494,0.1743,0,1,0,0,0
C05528,40617.85,21268.14,37034.69,21674.44,65,340.55,55249.09,1,1,32,0.0763,0.1325,0.0444,0,3,0,0,0
C05529,44247.93,25655.56,36386.21,32183.81,71,562.08,146089.43,0,1,49,0.487,0.1049,0.242,0,1,0,0,0
C05530,32559.66,17058.42,31860.97,19557.85,56,357.23,14487.09,1,0,6,0.3033,0.2902,0.1657,0,0,0,0,0
C05531,59217.74,28459.22,52356.05,24889.22,64,400.62,37038.62,1,0,56,0.1416,0.1769,0.0625,0,0,1,0,0
C05532,44128.67,15561.22,41910.39,15347.53,73,253.44,105936.73,1,1,16,0.0769,0.4156,0.2083,0,0,0,0,0
C05533,48500.03,35632.92,48461.4,44003.62,66,621.5,79307.48,0,1,40,0.1194,0.3774,0.2163,0,1,0,0,0
C05534,52845.7,29747.86,54561.5,32860.26,65,572.13,70228.59,0,0,58,0.4439,0.3414,0.108,1,0,0,0,0
C05535,26765.1,18038.36,25964.27,19334.0,68,336.07,72154.38,1,0,41,0.544,0.1085,0.2307,0,0,0,0,0
C05536,30091.27,23513.18,39508.16,25286.91,67,467.82,82203.22,1,1,49,0.4405,0.2161,0.2465,0,1,0,0,0
C05537,16646.29,5847.41,14959.48,6081.15,64,102.22,51105.8,1,0,22,0.0625,0.3689,0.1453,1,0,0,0,0
C05538,58020.51,37931.94,69340.63,37442.27,78,419.1,44794.65,3,2,9,0.3322,0.2098,0.1524,0,0,0,0,0
C05539,26079.98,10520.36,26875.21,9994.02,62,188.48,75022.89,2,0,32,0.1673,0.3112,0.0361,0,0,0,0,0
C05540,47766.23,26562.05,46385.63,31110.51,77,305.21,115853.87,0,2,44,0.6463,0.1223,0.1536,0,2,0,1,0
C05541,53176.0,38874.42,59584.19,41926.27,78,585.72,160301.9,0,1,50,0.125,0.3188,0.0566,1,1,0,0,0
C05542,59010.85,22552.36,58754.43,25593.46,65,442.8,127739.46,0,2,10,0.3176,0.3184,0.1911,0,0,0,0,0
C05543,26176.31,20818.7,24950.32,23225.4,69,412.46,81445.4,1,1,35,0.2061,0.2866,0.1177,0,2,0,0,0
C05544,43699.64,26716.91,55270.3,32569.15,82,372.2,120564.49,2,1,31,0.1733,0.2793,0.138,1,0,0,0,0
C05545,95420.05,50357.65,75063.59,55622.9,77,832.64,312340.9,2,0,8,0.5308,0.1219,0.2253,0,1,0,0,0
C05546,97329.69,34919.91,99336.16,40117.15,72,578.79,227618.03,1,0,36,0.2154,0.2055,0.1625,0,2,0,0,0
C05547,70172.6,43090.91,75281.77,46110.46,72,689.73,109515.42,0,1,34,0.3474,0.3098,0.1348,0,0,0,0,0
C05548,52380.5,29998.35,63849.88,28087.66,49,636.84,79106.38,2,2,10,0.0566,0.1015,0.0567,0,0,0,0,0
C05549,28627.41,12793.38,28690.05,13086.68,65,159.9,44118.61,0,0,8,0.2094,0.3733,0.2414,0,2,0,0,0
C05550,62180.55,35486.53,85145.18,39772.95,72,631.91,151692.82,1,0,48,0.1215,0.1439,0.0931,1,1,0,0,0
C05551,41911.19,14910.12,47824.62,16868.13,60,212.85,54732.05,1,0,23,0.274,0.1302,0.2443,0,0,0,0,0
C05552,57910.59,46314.86,44355.16,56695.1,73,997.58,13613.26,1,0,11,0.3187,0.2562,0.2296,0,0,0,1,0
C05553,33848.1,16905.49,29635.98,16817.74,67,197.14,17801.0,2,0,58,0.1367,0.4313,0.0224,0,0,0,0,0
C05554,41630.9,23567.25,44896.09,25384.75,74,443.11,117648.91,0,0,22,0.1605,0.1216,0.0805,0,0,0,0,0
C05555,48449.83,34067.51,44221.91,35242.88,71,422.12,157292.92,0,0,28,0.5128,0.2807,0.0618,0,1,0,0,0
C05556,50273.98,33721.28,56092.69,41980.22,70,566.47,21944.54,3,0,44,0.2268,0.3889,0.1461,0,0,0,0,0
C05557,56195.56,42138.33,55945.62,46148.79,64,751.58,71588.19,1,1,55,0.1149,0.1592,0.0512,1,2,0,0,0
C05558,34675.2,26824.62,31432.27,29439.25,67,433.99,67218.23,0,0,6,0.188,0.1885,0.1243,0,0,1,0,0
C05559,24586.18,10698.18,22969.62,11187.31,68,184.94,67187.22,2,0,30,0.3977,0.3318,0.206,0,1,0,0,0
C05560,93486.38,49143.91,107717.78,50273.82,74,751.3,233885.53,0,1,37,0.31,0.2887,0.214,0,0,0,0,0
C05561,137941.11,90912.52,111352.35,79653.88,66,1110.48,477880.31,0,0,25,0.1388,0.3324,0.1934,0,0,0,0,0
C05562,55036.79,20377.97,64692.05,18312.78,62,342.66,117215.56,1,0,52,0.1124,0.2477,0.1353,0,0,0,0,0
C05563,24800.56,16681.48,29238.48,17873.56,59,300.89,39388.8,2,0,35,0.2444,0.2812,0.1582,0,0,0,0,0
C05564,31776.43,11191.58,32101.54,11823.88,62,204.28,101707.04,0,0,30,0.5698,0.4122,0.1888,0,0,0,0,0
C05565,56586.21,43081.34,49878.87,46188.83,76,682.63,66846.95,3,3,38,0.2583,0.4127,0.0872,0,0,0,1,0
C05566,82283.0,55390.96,91885.73,64417.84,57,1208.49,73656.48,0,1,44,0.3839,0.1562,0.0497,0,0,0,0,0
C05567,26071.99,15759.86,25853.95,16723.62,76,164.35,28540.21,1,2,44,0.5187,0.3934,0.0598,0,0,0,0,0
C05568,42551.4,23105.64,36942.52,23295.17,73,368.11,52053.37,0,0,11,0.3495,0.1166,0.1086,1,1,0,0,0
C05569,49147.79,39053.38,62864.78,40022.02,65,606.62,87583.06,2,1,19,0.6244,0.3645,0.0249,1,0,0,0,0
C05570,66401.71,45248.14,62674.61,48834.9,57,667.16,76669.34,1,2,21,0.2303,0.26,0.2172,0,0,0,0,0
C05571,38553.31,27499.38,33670.22,27620.37,74,304.01,116104.6,2,1,9,0.064,0.3717,0.1734,1,0,0,0,0
C05572,22263.44,16061.36,24138.16,18915.9,62,254.36,77278.71,3,1,5,0.2149,0.3488,0.1049,0,1,0,1,0
C05573,59513.39,21415.52,62004.52,22457.32,71,389.74,201393.49,1,1,30,0.4584,0.3693,0.1009,0,0,0,0,0
C05574,74650.76,27964.77,91696.71,30207.53,62,517.35,183007.93,3,1,3,0.3504,0.3505,0.1179,0,2,0,0,0
C05575,43358.22,19045.72,43546.29,18131.75,68,195.52,108912.01,1,0,40,0.4924,0.4328,0.1338,0,0,0,0,0
C05576,54001.97,34823.06,54304.66,41014.08,76,637.5,20002.65,0,0,22,0.5066,0.2601,0.1068,0,2,0,0,0
C05577,36348.08,22927.54,39627.67,28032.95,65,482.33,65673.41,1,1,11,0.5055,0.3258,0.2461,0,0,0,0,0
C05578,30755.37,15264.62,33029.49,13530.9,64,213.28,67250.41,1,0,41,0.1528,0.4004,0.028,0,0,0,0,0
C05579,71418.29,56266.86,76960.68,61787.02,85,869.02,229714.84,1,0,4,0.1658,0.3543,0.1774,0,0,0,0,0
C05580,53572.49,20994.95,57999.4,21772.83,65,388.86,26011.33,2,0,42,0.5293,0.3696,0.1559,0,0,0,0,0
C05581,56110.8,39250.86,60024.75,42551.24,70,609.02,105965.6,2,0,47,0.3948,0.4357,0.1091,0,1,0,0,0
C05582,88465.65,50106.47,88467.6,55330.14,74,854.06,143850.12,0,0,29,0.5212,0.4319,0.0262,0,0,0,0,0
C05583,27993.81,15073.98,32190.68,11784.92,75,112.17,19540.82,0,1,27,0.5401,0.3422,0.1884,1,2,0,0,0
C05584,35101.74,12689.43,35340.86,14480.39,87,166.75,118161.49,0,4,12,0.0539,0.3904,0.027,0,0,0,0,0
C05585,48314.54,32733.57,55393.68,38739.78,84,425.15,156228.32,0,1,42,0.2289,0.4169,0.185,0,0,0,0,0
C05586,34908.19,24338.31,42466.91,29132.38,82,297.94,23694.11,1,0,34,0.6075,0.129,0.1707,0,0,0,0,0
C05587,64012.22,31592.0,62008.32,29590.5,62,466.02,64835.5,1,1,3,0.6175,0.2952,0.0851,0,1,0,0,0
C05588,41360.77,24098.16,55362.96,25213.5,70,336.94,86286.71,1,1,40,0.4375,0.2392,0.0616,0,0,0,0,0
C05589,28789.85,17933.16,27767.42,17670.09,64,223.89,30046.63,1,0,51,0.3145,0.1408,0.1442,0,0,0,0,0
C05590,46351.78,23891.58,44745.85,19595.17,76,335.15,113107.84,0,1,49,0.371,0.2231,0.0902,0,1,0,0,0
C05591,48585.0,30463.38,54162.51,29718.11,67,324.32,138012.77,2,2,55,0.5388,0.2906,0.2035,0,0,0,1,0
C05592,68529.85,37373.25,75587.57,34379.91,57,725.34,108382.45,0,1,46,0.1947,0.1444,0.0736,0,1,0,0,0
C05593,53708.75,40020.08,56857.04,43627.61,74,679.44,180525.14,3,2,9,0.6015,0.1209,0.2377,0,1,0,1,0
C05594,55377.78,37287.57,63584.22,31852.02,56,423.53,38584.45,0,0,22,0.1268,0.2947,0.0417,0,0,0,0,0
C05595,51976.61,20776.35,56151.14,19372.99,62,282.68,45355.75,0,0,11,0.6472,0.1458,0.0764,1,1,0,0,0
C05596,41345.45,29347.89,53661.81,28985.86,58,534.07,106902.43,0,0,20,0.408,0.2184,0.1322,1,0,0,0,0
C05597,32601.68,16362.05,34023.54,18692.32,72,205.88,64283.02,0,0,34,0.2491,0.2068,0.1273,0,2,0,0,0
C05598,51246.11,39511.05,48553.68,54656.94,77,813.34,115650.86,0,1,45,0.057,0.1108,0.2238,0,1,0,0,0
C05599,38735.49,24074.77,38107.78,26154.13,68,350.29,76658.91,2,3,12,0.4271,0.1065,0.0246,1,0,0,1,0
C05600,96262.87,34886.63,106520.54,32310.14,73,347.44,295235.09,2,1,24,0.6223,0.1392,0.2027,0,0,0,0,0
C05601,82322.51,56017.44,91239.2,54253.34,78,775.26,120061.98,0,0,18,0.5169,0.2179,0.0545,0,3,0,0,0
C05602,59825.99,24458.69,64299.6,27613.05,86,273.12,23932.51,2,1,53,0.2001,0.4313,0.0714,0,0,1,0,0
C05603,53355.26,39737.42,50583.97,35305.88,64,502.53,131222.95,0,2,50,0.5061,0.2597,0.0359,0,0,0,0,0
C05604,43253.62,33597.19,51170.67,39698.65,72,529.86,81606.18,0,1,41,0.4802,0.4317,0.1713,0,2,1,0,0
C05605,25512.2,16911.15,32717.84,18311.55,70,250.96,56678.9,2,1,46,0.0516,0.1693,0.1149,0,0,0,0,0
C05606,40828.69,24080.46,43013.31,24923.07,58,504.6,39841.92,3,0,24,0.1515,0.1592,0.0792,0,1,0,0,0
C05607,47100.92,29246.3,59689.7,24795.41,73,369.62,132127.63,2,0,58,0.486,0.2233,0.2127,0,0,0,1,0
C05608,49894.86,27092.15,57576.2,31438.99,70,544.21,20372.2,1,1,25,0.5743,0.1639,0.2373,0,0,0,0,0
C05609,55587.25,21546.3,73166.3,20654.39,67,358.44,47335.23,1,1,54,0.3268,0.4132,0.1413,0,2,0,0,0
C05610,68119.33,52314.26,75388.84,55894.81,63,1119.55,15432.54,2,1,22,0.5266,0.4411,0.2042,0,0,0,1,0
C05611,32956.65,16416.83,35144.72,16928.06,75,205.27,81604.6,1,1,20,0.4086,0.2572,0.0378,0,0,0,0,0
C05612,33091.57,16240.73,38091.31,13966.12,96,152.37,90273.69,0,0,9,0.1984,0.2227,0.1782,0,0,0,0,0
C05613,86448.43,37699.83,86272.92,38541.2,65,714.59,171488.78,1,0,60,0.209,0.1038,0.1255,0,1,0,0,0
C05614,63663.04,50712.94,69956.39,45883.34,57,958.13,50329.05,0,3,14,0.2222,0.1951,0.1894,0,1,0,0,0
C05615,37743.59,29219.35,45657.89,28394.13,63,534.45,13557.46,2,0,28,0.5607,0.1791,0.0497,1,0,0,0,0
C05616,42880.51,21750.91,49241.46,23968.05,73,314.63,50004.53,2,0,52,0.2246,0.2151,0.2315,0,0,1,0,0
C05617,42967.38,20065.87,44956.13,22760.62,78,289.37,63310.84,0,1,34,0.5435,0.2101,0.2224,0,0,0,0,0
C05618,45643.94,32517.49,49023.87,34072.16,74,344.25,80530.06,0,1,45,0.3442,0.4214,0.107,1,0,0,0,0
C05619,55666.02,30069.37,63510.54,28383.28,70,326.26,151153.26,0,0,24,0.3613,0.2464,0.0467,1,0,0,0,0
C05620,140809.68,110606.66,160091.26,107544.03,77,1347.39,466382.25,1,0,45,0.3679,0.4018,0.0939,0,0,0,0,0
C05621,49011.4,37030.44,55873.38,35927.95,64,497.73,139753.59,0,1,36,0.1268,0.371,0.203,0,0,0,0,0
C05622,60632.54,41942.75,66133.88,33283.76,72,390.47,82409.75,1,1,20,0.0553,0.3626,0.0375,0,0,0,0,0
C05623,21067.85,8226.28,20036.67,8709.91,63,109.2,5565.69,1,1,32,0.5176,0.2706,0.1313,1,1,0,0,0
C05624,36178.23,24093.16,35099.45,20480.9,80,294.94,123575.04,1,1,59,0.4938,0.1006,0.0348,0,1,0,0,0
C05625,78228.13,62133.82,86468.68,65808.63,86,907.9,191196.2,0,0,20,0.6373,0.1408,0.2038,0,1,0,0,0
C05626,53930.94,27935.24,62008.46,24439.64,67,362.8,68000.25,0,2,37,0.3372,0.2314,0.0307,0,1,0,0,0
C05627,12000.0,8960.47,13610.79,8111.46,69,140.49,39273.75,1,0,33,0.158,0.4495,0.1721,0,0,0,0,0
C05628,60945.07,32524.18,59054.19,36759.93,61,752.5,30494.88,0,1,50,0.3103,0.1081,0.0943,0,0,0,0,0
C05629,106680.3,83967.61,110079.12,88413.56,77,908.74,142257.03,1,0,44,0.0643,0.2912,0.2325,0,0,0,0,0
C05630,18329.36,11806.24,16662.97,9726.2,76,153.37,33838.59,1,0,44,0.2204,0.2249,0.0857,0,0,0,0,0
C05631,89155.94,35076.19,78727.24,34477.94,64,386.08,100293.11,1,1,32,0.1568,0.3359,0.1406,1,0,0,0,0
C05632,12926.54,7310.87,13699.25,7906.22,75,100.0,7486.58,2,1,30,0.0575,0.4386,0.1562,0,1,0,0,0
C05633,68632.21,25557.12,83249.42,24935.7,75,314.77,41966.27,1,1,51,0.4355,0.3315,0.2104,0,1,0,0,0
C05634,44825.21,23658.03,47603.31,23866.74,73,360.48,107030.22,1,2,22,0.5617,0.1487,0.2079,0,2,0,0,0
C05635,15629.74,11908.63,19990.06,12852.85,83,153.85,52995.58,0,0,54,0.4065,0.169,0.105,1,0,0,0,0
C05636,55005.02,24999.29,56672.09,26383.36,70,311.14,189804.19,2,0,16,0.4147,0.3587,0.029,0,1,0,0,0
C05637,75530.79,58744.49,79590.27,54686.96,69,854.94,133286.32,0,1,26,0.4666,0.261,0.1924,0,1,0,0,0
C05638,53006.35,20935.67,49353.1,22038.48,66,407.8,144429.47,0,0,7,0.5731,0.317,0.2057,0,0,0,0,0
C05639,58547.3,38006.87,59035.04,38596.68,69,658.41,52277.36,1,3,46,0.4813,0.1633,0.1763,0,1,0,0,0
C05640,37390.19,29334.79,33920.65,36870.72,74,437.48,92959.83,1,0,44,0.2705,0.1623,0.0997,0,1,0,0,0
C05641,19473.16,12547.9,16835.71,13020.08,72,224.46,33191.48,2,0,56,0.5427,0.4384,0.219,0,0,0,0,0
C05642,61436.33,46356.89,55860.87,49425.56,50,921.24,143113.84,2,0,13,0.3859,0.1862,0.2499,0,1,0,0,0
C05643,98894.31,78716.29,104851.02,85106.03,75,1406.24,30108.82,2,0,47,0.5775,0.2145,0.1027,0,1,0,0,0
C05644,74811.67,47791.9,71938.55,48333.07,89,413.86,203323.82,0,0,25,0.4621,0.2152,0.18,0,2,0,0,0
C05645,18395.73,12914.14,18212.05,12444.19,91,172.47,37617.92,1,0,30,0.3625,0.1953,0.1783,0,1,0,0,0
C05646,22758.98,8293.22,25016.32,9165.44,72,115.7,45777.8,1,2,23,0.4362,0.4281,0.0757,0,0,0,0,0
C05647,30752.68,16676.86,26574.75,18447.17,70,253.9,28733.44,1,0,43,0.4779,0.1168,0.1043,0,0,0,0,0
C05648,21973.2,10540.97,23285.53,13702.3,71,232.13,30371.8,2,0,37,0.1351,0.1898,0.2101,0,0,0,0,0
C05649,45903.8,33091.29,52870.58,37693.95,75,559.78,16911.73,3,1,27,0.4902,0.1199,0.1798,0,0,0,0,0
C05650,53715.39,35178.75,62425.19,40142.95,56,740.53,72221.88,2,1,30,0.2922,0.3112,0.223,0,0,0,0,0
C05651,23642.56,14811.74,26290.25,16828.04,60,310.54,26031.32,1,1,21,0.5112,0.1321,0.2457,0,1,0,0,0
C05652,63839.38,49105.34,66631.6,47492.79,68,707.3,177428.14,0,0,50,0.4899,0.2021,0.1162,0,1,0,0,0
C05653,58977.69,23000.74,57512.17,20678.66,68,217.66,38058.07,0,0,39,0.0574,0.433,0.184,0,1,0,0,0
C05654,35162.88,27399.92,36573.5,25470.11,68,367.9,26137.33,3,0,60,0.3817,0.1485,0.2272,0,0,0,0,0
C05655,41638.6,16461.58,51982.28,18643.67,60,330.22,118346.59,2,1,6,0.2673,0.2935,0.2215,0,0,0,0,0
C05656,18713.63,9472.05,20262.52,11561.54,64,140.7,39945.47,0,0,43,0.0711,0.1591,0.1356,1,1,0,0,0
C05657,38750.53,24553.23,40191.05,27943.55,83,281.28,90605.69,0,0,12,0.2005,0.1299,0.1057,0,0,0,0,0
C05658,45149.79,22740.34,50461.36,23421.82,70,280.25,28269.68,1,1,7,0.6324,0.138,0.23,0,1,0,0,0
C05659,48550.23,31904.36,51267.44,39918.77,72,568.06,114066.34,0,0,35,0.3792,0.4182,0.2344,0,0,0,0,0
C05660,53365.11,37298.92,57479.3,37178.13,67,463.5,124333.74,0,1,39,0.444,0.1946,0.2275,0,0,1,0,0
C05661,50227.93,36306.14,51252.28,33119.24,66,419.71,87793.88,1,0,26,0.0851,0.3508,0.1602,0,1,0,0,0
C05662,39953.16,17208.01,39961.45,18590.83,79,224.8,134414.47,1,0,23,0.572,0.2238,0.1242,0,2,0,0,0
C05663,51185.19,22108.65,59862.1,26641.44,70,446.43,56126.06,0,2,13,0.1477,0.1551,0.1901,0,1,0,0,0
C05664,70638.61,26386.44,57638.14,25033.98,75,289.62,148357.44,2,0,23,0.1801,0.1747,0.14,0,0,0,0,0
C05665,43107.13,24609.14,47738.22,20805.18,71,249.35,27050.32,1,0,57,0.2291,0.3494,0.1079,0,0,0,0,0
C05666,51913.57,21382.69,51539.25,22548.57,61,370.23,76612.55,4,1,27,0.5083,0.2064,0.1345,0,0,0,1,0
C05667,41383.63,20417.39,33991.46,23328.34,64,332.27,44488.47,3,0,60,0.3747,0.199,0.1555,0,1,0,0,0
C05668,33636.81,24494.17,31384.72,17145.92,57,387.6,83972.11,1,0,59,0.1538,0.3896,0.0991,1,0,0,0,0
C05669,56937.74,44234.73,59538.34,51634.5,75,815.06,154674.52,1,0,25,0.5453,0.171,0.0295,0,2,0,0,0
C05670,35051.23,25234.58,37230.63,22357.44,80,261.31,106402.52,2,2,25,0.4001,0.2277,0.1952,0,1,1,1,0
C05671,53539.98,18754.61,60971.35,21323.61,63,261.25,54556.61,0,2,44,0.0678,0.4067,0.1453,0,2,0,0,0
C05672,45575.82,27601.22,52273.75,22367.91,75,247.76,106663.49,1,0,11,0.1486,0.2485,0.0315,0,1,0,0,0
C05673,39247.66,16680.14,33925.45,14562.06,74,230.24,73467.12,1,0,50,0.5663,0.1564,0.1378,0,1,0,0,0
C05674,38822.43,20152.19,42522.23,22656.02,76,290.41,76350.79,1,2,21,0.5915,0.4006,0.103,1,0,0,0,0
C05675,35802.15,19424.94,40722.27,23230.14,60,316.4,33724.69,2,0,17,0.4002,0.1909,0.1312,0,2,0,0,0
C05676,21457.02,16614.67,23093.56,17427.18,75,249.78,54456.55,3,2,20,0.599,0.1867,0.1342,0,2,0,1,0
C05677,53461.69,33957.92,59358.14,45416.73,72,683.56,120637.27,6,1,16,0.1897,0.3871,0.2486,0,2,1,0,0
C05678,49941.81,23494.86,40857.27,21786.52,73,267.87,159400.75,2,1,35,0.4472,0.2741,0.0995,0,0,0,1,0
C05679,65957.73,42163.99,61418.14,39033.56,72,426.37,143885.94,1,1,40,0.6025,0.3677,0.0291,0,0,0,0,0
C05680,35428.16,27575.13,43007.15,27953.85,60,483.74,88265.4,1,1,47,0.5968,0.2559,0.1571,0,0,0,0,0
C05681,105592.27,39768.33,107327.67,40087.39,54,770.77,141249.81,0,2,24,0.5001,0.3198,0.0889,0,1,0,0,0
C05682,37931.48,27204.25,49947.13,29489.89,71,404.62,31108.18,2,3,53,0.3427,0.2222,0.1927,1,0,0,1,0
C05683,30352.02,13585.68,27213.3,13053.9,66,253.55,100923.83,2,0,20,0.4168,0.2194,0.2143,0,1,0,0,0
C05684,28774.92,12053.77,35613.36,13477.34,61,197.15,63046.12,1,0,58,0.1082,0.2306,0.1209,1,0,0,0,0
C05685,20622.8,15559.7,20142.61,17352.69,79,220.02,36682.97,1,3,47,0.2628,0.3056,0.1901,0,0,0,1,0
C05686,89688.72,31465.7,103455.25,39130.92,64,661.08,313480.11,1,1,58,0.3406,0.2668,0.2252,1,1,0,0,0
C05687,83399.54,57002.63,84613.35,56497.98,60,1049.29,89576.03,0,3,52,0.1845,0.1137,0.2463,0,0,0,0,0
C05688,58968.17,22953.52,62735.14,25029.36,74,408.32,149185.06,0,0,49,0.2088,0.1482,0.1719,0,0,0,0,0
C05689,30066.83,18884.91,33718.9,21202.11,74,238.53,28368.03,1,2,6,0.3582,0.1647,0.23,0,0,0,1,0
C05690,101670.07,63991.51,99270.41,67135.57,76,1075.41,168003.76,1,1,28,0.4625,0.3582,0.0648,0,0,0,1,0
C05691,38412.73,28358.17,44026.09,29055.78,71,311.33,55754.07,0,0,25,0.4839,0.2514,0.0832,0,0,0,0,0
C05692,39869.07,28712.63,40590.51,23037.54,55,309.51,107218.01,0,0,20,0.4959,0.1566,0.0674,0,0,0,0,0
C05693,85921.07,56563.9,92052.91,59958.14,62,1182.39,149729.32,0,0,52,0.3529,0.2692,0.1754,0,0,0,0,0
C05694,60532.01,31552.09,44344.5,35384.4,68,465.75,81290.4,0,0,50,0.2839,0.3547,0.186,0,1,0,0,0
C05695,121165.68,51481.19,122319.15,53698.08,71,890.81,140962.38,2,0,45,0.4365,0.312,0.2339,0,1,0,0,0
C05696,50329.3,32012.32,60476.95,30607.85,67,531.95,149268.0,0,1,41,0.5482,0.1207,0.1778,0,2,0,0,0
C05697,37637.41,21590.19,42656.79,18319.15,72,281.22,33419.33,0,0,57,0.3978,0.2279,0.0349,0,0,0,0,0
C05698,34170.08,13158.01,39513.78,14531.27,62,192.83,58626.15,2,2,54,0.3311,0.4403,0.2121,0,0,0,0,0
C05699,19599.7,15287.82,20705.09,16112.99,68,226.24,31308.07,0,1,35,0.1881,0.4127,0.0698,0,0,0,0,0
C05700,39697.75,19511.0,49667.95,23740.87,77,365.55,69678.42,1,1,25,0.416,0.1273,0.1653,0,0,0,0,0
C05701,75318.78,26434.13,81691.7,23158.21,84,209.22,180926.31,1,1,47,0.2303,0.248,0.2346,0,1,1,0,0
C05702,58917.48,44527.51,57196.38,44240.89,67,662.68,184189.75,1,0,24,0.2064,0.3202,0.1776,0,0,0,0,0
C05703,45413.12,27687.15,52343.93,24681.52,61,320.53,32710.32,1,0,16,0.5461,0.1555,0.1194,0,0,0,0,0
C05704,28758.75,19552.42,33380.62,22935.74,60,291.03,73761.43,1,1,58,0.6407,0.1637,0.1118,1,2,0,0,0
C05705,49836.88,20866.69,56093.95,25012.58,81,297.95,33470.48,1,2,11,0.2443,0.2181,0.0271,1,0,0,0,0
C05706,70982.17,37767.66,71099.14,48369.42,48,892.54,15755.87,0,1,21,0.5014,0.3058,0.1953,0,0,0,0,0
C05707,54624.7,34974.97,59200.97,38912.13,64,725.03,12353.58,1,0,8,0.1253,0.3085,0.0272,1,0,0,0,0
C05708,48506.28,22455.21,59041.8,25704.76,76,335.78,153135.32,0,0,54,0.1367,0.2263,0.2299,1,1,0,0,0
C05709,31438.45,20927.77,34811.98,23069.31,72,366.75,94091.73,1,1,54,0.4914,0.4299,0.1289,0,1,0,0,0
C05710,66479.54,30256.62,58014.6,33850.28,79,469.96,84813.08,0,0,34,0.1442,0.1586,0.0225,0,2,0,0,0
C05711,12000.0,5329.29,11694.58,5627.14,61,117.23,28102.04,2,0,42,0.6372,0.4018,0.1463,0,0,0,0,0
C05712,53460.5,18990.83,51801.52,21350.62,63,290.1,37150.39,2,2,28,0.2478,0.3372,0.1055,0,0,0,0,0
C05713,143066.19,68222.26,137269.32,89152.79,80,1302.16,384632.1,1,0,26,0.6161,0.358,0.1513,0,0,0,0,0
C05714,22825.87,10523.45,18184.13,11325.77,67,137.36,79769.51,1,0,53,0.4718,0.3,0.0274,0,1,0,0,0
C05715,40368.36,28014.04,51545.12,29495.45,64,561.04,133918.24,0,0,46,0.2752,0.418,0.1693,0,1,0,0,0
C05716,44840.09,27189.66,42366.95,29195.41,70,510.55,102772.43,0,0,12,0.5348,0.2193,0.1323,0,0,0,0,0
C05717,36543.39,15714.42,34845.08,16219.0,60,321.8,61212.0,0,0,53,0.2036,0.3547,0.1765,0,1,0,0,0
C05718,71738.74,43449.1,58610.19,46906.37,74,565.8,101091.69,0,0,9,0.5213,0.3666,0.0453,0,0,0,0,0
C05719,55660.21,25127.78,64230.29,25832.37,60,339.28,61945.08,0,1,43,0.2339,0.1003,0.2457,0,1,0,0,0
C05720,48192.22,26094.93,50076.36,30981.94,60,622.71,23251.12,0,1,4,0.0815,0.1471,0.1098,0,0,0,0,0
C05721,64420.71,48295.79,64929.01,56761.43,66,906.25,57432.73,1,1,5,0.3602,0.1163,0.1757,0,1,1,0,0
C05722,45340.48,30544.31,45986.12,40010.36,63,615.27,92654.68,0,1,55,0.5383,0.3127,0.0378,0,3,0,0,0
C05723,188218.12,121023.31,210905.28,126732.61,73,1645.04,206473.28,1,1,19,0.0928,0.1648,0.1416,0,0,0,0,0
C05724,48171.55,22961.82,47805.32,24905.22,69,274.61,124967.55,1,0,5,0.5503,0.2688,0.0306,0,2,0,0,0
C05725,49133.42,19951.2,39863.51,21540.05,77,304.41,134315.97,1,0,7,0.1662,0.2937,0.1358,0,1,0,0,0
C05726,20841.62,14356.27,18653.58,15417.93,75,208.14,36950.23,0,1,17,0.5696,0.3058,0.1572,0,1,0,0,0
C05727,35237.46,21338.07,31318.47,25298.4,71,454.93,112348.54,2,1,45,0.5081,0.3927,0.2217,0,2,0,1,0
C05728,75413.21,47528.58,81675.38,40637.02,62,724.28,217976.01,0,1,26,0.2802,0.3531,0.1701,1,0,0,0,0
C05729,24672.94,19462.04,28660.14,21511.1,66,416.98,11266.55,1,0,55,0.3287,0.2481,0.1071,0,1,0,0,0
C05730,17043.38,8636.64,20893.42,11136.88,62,140.81,48543.38,1,1,3,0.3793,0.3902,0.2098,0,0,0,0,0
C05731,45659.17,32433.37,38984.38,39359.63,84,519.87,134159.7,1,0,30,0.3069,0.4075,0.1231,0,1,0,0,0
C05732,83387.42,50160.09,93763.52,60183.48,66,1083.82,112055.08,0,0,12,0.474,0.2562,0.1387,0,0,0,0,0
C05733,45866.46,20909.0,44774.44,24067.25,71,361.58,83791.88,1,2,36,0.6023,0.2182,0.0866,0,0,0,0,0
C05734,38683.24,14459.79,54188.06,14148.99,76,199.0,16687.0,0,0,7,0.5735,0.2432,0.1411,0,2,0,0,0
C05735,19498.6,12229.62,23710.82,11740.67,57,163.43,21010.43,0,1,46,0.2313,0.1214,0.1818,0,0,0,0,0
C05736,55156.62,26691.79,69178.95,25649.65,67,341.76,184213.72,2,0,39,0.4717,0.3991,0.1101,0,1,0,0,0
C05737,60596.45,40173.34,69461.27,36693.74,72,550.17,198699.2,0,0,3,0.3921,0.2433,0.0401,0,1,0,0,0
C05738,20183.85,13428.87,22118.0,15625.73,56,274.51,49523.51,1,2,17,0.6269,0.409,0.2181,0,0,0,1,0
C05739,74978.55,41609.89,75105.27,51022.19,77,806.96,19525.53,1,2,24,0.6139,0.106,0.1921,0,1,0,0,0
C05740,63511.78,37559.52,62119.7,41395.52,74,652.47,17717.05,0,1,46,0.3413,0.2522,0.0691,0,0,0,0,0
C05741,74903.8,47335.17,71457.28,54273.28,62,893.73,162067.73,0,2,10,0.0782,0.3621,0.1243,0,0,1,0,0
C05742,58512.99,32818.31,65774.98,35614.96,73,520.63,56162.65,1,1,18,0.2826,0.1395,0.1862,0,0,1,0,0
C05743,60389.77,44979.31,74717.14,50298.17,76,723.91,141952.78,0,1,33,0.0549,0.1135,0.1669,1,0,0,0,0
C05744,56882.45,21852.56,57291.04,17393.64,62,306.67,29375.39,1,1,47,0.5637,0.111,0.1376,0,0,0,0,0
C05745,66518.16,52610.42,64078.15,57227.58,75,852.8,230061.72,0,1,10,0.3034,0.3251,0.0238,0,0,0,1,0
C05746,19850.35,7246.43,17309.1,7238.71,64,112.91,11483.02,1,0,45,0.3218,0.1924,0.2373,0,0,0,0,0
C05747,22901.12,10159.93,24718.62,10618.96,49,167.8,30026.38,0,0,57,0.1363,0.3598,0.1807,0,0,0,0,0
C05748,32312.65,21608.72,38694.79,23274.57,68,435.74,16878.97,1,2,23,0.5165,0.2302,0.2051,0,0,0,1,0
C05749,42446.46,16479.08,51085.13,15887.94,72,156.64,62284.45,0,3,32,0.4167,0.1643,0.2476,0,1,0,0,0
C05750,53587.94,25077.96,65131.46,23094.97,59,277.9,70211.56,0,0,6,0.3396,0.314,0.0881,0,0,0,0,0
C05751,52079.39,21836.34,57279.45,20973.5,64,413.91,121387.31,1,2,54,0.5882,0.2367,0.0264,1,1,0,0,0
C05752,74392.87,50260.36,78917.64,44038.12,74,593.1,225825.46,0,1,10,0.0841,0.2672,0.0346,0,1,0,0,0
C05753,75451.15,46064.44,90833.39,41981.98,72,694.18,216825.21,0,1,34,0.2998,0.228,0.1619,0,1,0,0,0
C05754,30389.26,11518.0,27860.65,10687.01,75,132.72,79574.49,2,1,4,0.6167,0.3846,0.1385,1,2,0,1,0
C05755,50100.04,27908.75,49954.68,24498.02,61,384.97,174989.53,1,0,50,0.6441,0.1076,0.0828,0,3,0,0,0
C05756,30726.89,13637.4,38571.52,15184.61,68,250.82,10566.7,1,0,7,0.5103,0.1291,0.0288,1,1,0,1,0
C05757,41344.99,32475.02,38080.7,30589.53,66,465.94,115993.88,0,1,11,0.0709,0.1115,0.2269,0,0,1,0,0
C05758,52011.7,20729.94,54397.21,17131.62,76,279.6,32768.52,0,1,4,0.0797,0.2497,0.2171,0,1,0,0,0
C05759,12000.0,7429.5,13509.12,7443.24,79,105.04,26481.06,0,0,18,0.4077,0.3755,0.0937,0,1,0,0,0
C05760,133182.76,75492.15,141163.58,69182.01,78,901.46,383145.6,0,1,49,0.1367,0.3656,0.1578,0,0,0,0,0
C05761,58064.03,35427.07,68976.01,43401.35,63,825.21,138343.06,1,1,5,0.6282,0.3021,0.0266,0,1,0,0,0
C05762,34418.56,26861.0,42440.89,28632.47,66,445.51,19894.98,0,0,20,0.3341,0.1987,0.067,0,1,0,0,0
C05763,107123.13,53944.73,118645.26,47123.01,79,524.78,86418.48,1,1,60,0.4537,0.372,0.2081,0,0,0,0,0
C05764,38486.92,26438.39,46831.17,29564.56,53,430.77,120352.84,1,0,35,0.5835,0.3305,0.0967,0,0,0,0,0
C05765,47765.15,26335.79,44830.41,27921.12,77,330.1,153100.54,0,1,5,0.477,0.1099,0.2017,0,1,0,0,0
C05766,36142.17,23396.37,37266.02,23896.28,69,374.28,96257.39,0,1,14,0.451,0.4102,0.2039,0,0,0,0,0
C05767,94637.97,48695.58,126684.56,60331.6,88,883.73,110614.06,0,0,3,0.1972,0.1271,0.0421,1,1,0,0,0
C05768,42923.5,19410.22,55077.35,18108.52,62,335.1,44062.38,1,0,54,0.1943,0.181,0.1028,0,0,0,0,0
C05769,48131.19,18656.96,43162.47,21907.34,73,321.52,21075.33,1,2,32,0.224,0.1884,0.0926,0,0,0,0,0
C05770,77351.85,30614.94,81100.98,30641.19,59,426.6,134901.37,1,0,26,0.2142,0.2525,0.093,0,1,0,0,0
C05771,58555.51,45775.4,62439.44,47963.34,61,883.94,87964.19,1,1,56,0.0512,0.397,0.1615,0,2,0,0,0
C05772,43912.8,30949.98,48303.34,29712.63,75,401.63,44295.91,0,0,10,0.4513,0.1375,0.0925,0,1,0,0,0
C05773,74168.42,34134.65,89216.09,33031.12,84,449.61,173977.14,3,2,41,0.4826,0.2049,0.1111,1,0,0,1,0
C05774,141031.03,82942.64,179208.0,82749.82,59,1289.34,124582.55,2,2,54,0.3241,0.3401,0.2116,0,0,0,1,0
C05775,51909.26,34852.12,54737.79,28645.25,84,336.54,25612.17,0,1,11,0.145,0.2312,0.196,0,1,0,0,0
C05776,47427.61,24123.68,56184.56,26333.35,75,356.59,77150.28,1,2,56,0.2897,0.42,0.1649,0,3,0,0,0
C05777,48591.31,26627.78,54800.48,28326.29,68,382.1,126303.51,1,0,27,0.2212,0.3615,0.108,0,0,0,0,0
C05778,81154.58,54639.1,85006.53,47551.05,62,803.18,65494.27,1,0,44,0.3222,0.3516,0.0306,0,0,0,0,0
C05779,34364.48,15544.93,29079.95,17553.24,66,230.27,73535.77,1,0,25,0.3733,0.2835,0.0438,0,0,0,0,0
C05780,39702.72,23299.74,46540.19,28538.63,64,332.57,19393.49,1,1,39,0.5692,0.3522,0.217,0,0,0,0,0
C05781,22529.22,10015.13,25291.83,9717.26,71,110.45,24481.11,0,1,54,0.476,0.1875,0.1052,0,0,0,0,0
C05782,26414.73,9281.74,28970.38,8871.74,83,106.51,78061.84,0,0,49,0.0973,0.3044,0.2248,0,0,0,0,0
C05783,35646.55,23548.78,33231.43,27872.56,66,312.62,24402.31,0,0,26,0.2084,0.2046,0.1717,0,0,0,0,0
C05784,43881.41,29324.6,56391.85,32209.85,65,461.84,105245.53,1,1,20,0.1775,0.2859,0.0776,0,0,0,0,0
C05785,99758.27,79614.6,106571.43,82296.75,73,1246.19,24653.07,1,0,16,0.3092,0.2124,0.2425,0,1,0,0,0
C05786,57274.71,24711.57,52293.82,28362.65,72,396.79,115213.56,0,0,18,0.3401,0.4178,0.1884,0,0,0,0,0
C05787,29851.26,20382.78,26678.72,22072.37,64,355.97,29850.68,1,0,19,0.3317,0.3538,0.2279,0,3,0,0,0
C05788,32429.59,25184.34,36687.49,30760.66,68,513.28,30296.72,3,0,50,0.1573,0.2121,0.2311,0,3,0,0,0
C05789,83537.81,53469.31,94804.56,56035.27,58,746.37,155721.96,1,1,52,0.2348,0.3672,0.1484,0,0,0,0,0
C05790,74711.73,58530.16,74296.24,64452.05,60,921.97,258459.94,2,1,13,0.0949,0.3687,0.2138,0,0,0,0,0
C05791,45573.66,36344.92,50382.37,42951.25,71,576.83,44354.95,1,1,34,0.1903,0.1716,0.1064,1,1,1,0,1
C05792,36874.7,26207.99,41672.56,19820.07,74,230.58,74519.82,0,0,35,0.5958,0.2425,0.21,0,0,0,0,0
C05793,74655.36,59700.29,79641.66,70811.1,81,842.11,108329.74,1,2,6,0.1817,0.4424,0.2104,0,0,0,0,0
C05794,28779.56,18177.77,27796.42,17984.86,77,288.74,71749.61,1,1,25,0.3589,0.2587,0.1022,0,1,0,0,0
C05795,53681.92,30795.98,62558.9,34183.34,82,320.43,175419.6,1,0,45,0.61,0.3145,0.2423,0,0,1,0,0
C05796,125130.73,95466.78,143964.88,119304.38,61,1714.79,199411.79,2,0,32,0.339,0.3471,0.1246,0,0,0,0,0
C05797,49356.65,35730.77,55186.74,36205.71,63,701.34,157872.33,1,0,56,0.0521,0.1275,0.1233,0,0,0,0,0
C05798,31741.92,12682.5,30153.31,12623.37,67,195.76,102390.05,1,1,35,0.497,0.1385,0.165,1,0,0,0,0
C05799,54126.74,26317.79,48187.75,27460.79,68,517.71,166485.25,1,1,55,0.3134,0.4024,0.2421,0,1,0,0,0
C05800,36421.47,17019.4,38577.0,14904.32,66,181.44,37084.48,2,0,8,0.3854,0.3135,0.222,0,1,0,0,0
C05801,24030.18,17659.0,27912.22,23202.07,63,424.79,60432.73,3,1,19,0.1991,0.1644,0.2202,0,1,0,0,0
C05802,61690.42,28066.7,72476.67,29326.84,61,578.58,81225.58,0,0,15,0.2288,0.3756,0.1965,0,1,0,0,0
C05803,74417.26,36227.82,83356.7,45193.15,65,886.56,61378.15,0,1,19,0.0844,0.3499,0.1613,0,1,0,0,0
C05804,39124.72,22827.51,38966.09,23056.13,56,327.18,67400.2,0,1,45,0.3278,0.1874,0.1382,0,0,0,0,0
C05805,37974.18,14591.72,36208.19,15380.85,84,187.03,67910.72,0,0,33,0.6372,0.3209,0.1912,1,1,0,0,0
C05806,29193.85,22845.74,30594.45,26576.72,67,373.59,68111.35,0,1,35,0.273,0.4404,0.0689,0,0,0,0,0
C05807,42063.97,24017.61,44129.89,22041.78,65,360.67,52992.45,0,1,18,0.5196,0.3457,0.0422,0,1,0,0,0
C05808,34938.76,15222.65,41328.2,15796.45,72,164.04,16226.03,3,0,35,0.476,0.1185,0.0353,0,1,0,0,0
C05809,28551.17,13472.42,28335.16,15612.06,84,182.94,32998.03,1,0,43,0.1334,0.3823,0.0525,0,0,0,0,0
C05810,105439.62,74771.21,105692.89,76598.31,85,646.48,305900.07,4,0,51,0.5369,0.3157,0.2001,0,0,0,1,0
C05811,55511.17,35266.41,71975.72,34985.37,76,407.71,169310.99,0,1,48,0.5861,0.2657,0.0593,1,0,0,0,0
C05812,58220.66,32550.11,71969.28,38533.71,59,779.1,25017.3,1,0,60,0.6215,0.2487,0.0364,1,1,0,0,0
C05813,66966.49,33431.05,63220.81,40723.49,62,643.86,58279.51,1,2,51,0.186,0.4286,0.2028,0,0,0,0,0
C05814,63664.61,48086.38,78068.74,59493.24,74,973.43,25339.24,2,0,38,0.1256,0.2516,0.0973,0,0,0,0,0
C05815,37366.07,26068.59,34203.93,25260.49,74,250.86,69103.66,0,2,43,0.1351,0.1168,0.1083,0,1,0,0,0
C05816,50871.92,34244.46,50765.75,33576.08,63,596.92,39232.41,1,2,19,0.537,0.2712,0.1521,0,0,0,1,0
C05817,39868.99,21955.86,40330.3,21811.18,69,232.65,110366.49,0,0,52,0.3429,0.2105,0.1905,0,1,0,0,0
C05818,54815.4,43387.6,57045.78,49297.96,67,583.65,159641.66,0,0,13,0.3894,0.1161,0.1429,0,1,0,0,0
C05819,52479.54,35136.71,59006.46,31847.36,60,627.48,96660.57,0,0,50,0.1104,0.2335,0.0202,0,0,0,0,0
C05820,37881.59,20479.97,40259.68,18701.48,82,162.34,65753.13,2,0,12,0.3488,0.1254,0.0662,0,0,1,0,0
C05821,24741.4,19353.92,27803.58,18662.59,78,222.12,48739.41,1,0,12,0.167,0.2801,0.1798,0,0,0,0,0
C05822,48060.91,36193.53,48146.42,33928.3,65,658.62,47659.0,0,0,11,0.3323,0.1948,0.1017,0,0,1,0,0
C05823,41047.96,28035.12,44943.69,32412.05,60,428.45,102043.14,1,0,51,0.4307,0.3414,0.0687,0,0,0,0,0
C05824,19220.84,13361.33,20364.02,15339.3,64,304.08,46744.17,1,2,25,0.6133,0.1771,0.2442,0,0,0,1,0
C05825,56549.16,30572.3,49955.55,30333.79,97,255.62,37975.74,0,0,25,0.5666,0.3864,0.0526,0,0,0,0,0
C05826,69481.91,40181.93,76983.26,41256.23,59,602.74,84306.44,1,1,31,0.4201,0.4477,0.2434,0,2,0,0,0
C05827,140389.81,61237.52,149027.52,45636.16,77,641.79,249240.86,2,0,11,0.1595,0.1582,0.1127,0,1,0,0,0
C05828,37736.34,23318.35,36390.32,23204.3,67,243.79,121051.11,0,0,19,0.1088,0.3542,0.0272,0,3,0,0,0
C05829,35312.68,18237.67,35278.04,21871.98,64,384.62,26023.69,1,1,45,0.2684,0.3828,0.1073,1,0,0,0,0
C05830,27314.65,13830.7,27368.22,13672.77,76,223.46,12008.56,1,2,21,0.3485,0.2938,0.2312,0,0,0,1,0
C05831,49429.69,38392.18,50448.43,35278.52,78,413.16,31596.73,0,0,41,0.3494,0.2772,0.219,0,2,0,0,0
C05832,49289.23,20906.15,62157.42,25404.05,70,385.86,47990.51,1,1,51,0.4475,0.1503,0.0467,0,0,1,0,0
C05833,31236.25,22599.05,40633.06,20706.66,78,242.74,69159.65,1,0,50,0.5128,0.3739,0.2066,0,0,0,0,0
C05834,41593.51,19826.0,30066.92,24495.56,75,364.22,12531.99,1,1,60,0.4471,0.1871,0.0691,0,0,1,0,0
C05835,18472.13,6703.44,20477.85,9361.69,69,137.87,5748.8,0,0,8,0.5855,0.1893,0.0945,0,3,0,0,0
C05836,68274.21,25139.13,79511.74,26066.13,70,372.97,214022.07,1,2,51,0.0946,0.1426,0.1722,0,0,0,0,0
C05837,31812.42,17278.28,32578.17,20721.03,73,207.6,18875.38,1,3,56,0.6263,0.1761,0.2256,0,1,0,0,0
C05838,44303.65,24566.7,51452.97,20875.01,86,266.27,56782.53,3,1,9,0.2578,0.3278,0.2194,0,0,0,1,0
C05839,23680.47,11700.83,29565.06,9880.73,54,183.64,32915.95,2,0,16,0.4387,0.4192,0.1285,0,0,0,0,0
C05840,34625.95,22539.79,30657.09,21511.81,67,286.57,97732.59,0,2,3,0.2783,0.3956,0.2465,0,0,1,0,0
C05841,39679.97,22554.26,42300.89,25907.86,77,332.37,127369.69,1,0,7,0.5295,0.4141,0.1359,0,1,0,0,0
C05842,44771.94,17163.36,57523.42,18025.12,65,249.11,122934.82,1,0,46,0.1605,0.2433,0.1173,0,0,0,0,0
C05843,55842.88,28291.79,50340.58,29073.55,57,440.01,103554.35,0,1,32,0.3497,0.1647,0.1945,0,0,0,0,0
C05844,85991.31,34042.52,89101.8,30471.45,63,373.75,170807.15,1,1,38,0.3753,0.2026,0.194,0,0,0,0,0
C05845,62576.04,23673.27,62337.77,24495.16,75,271.7,103083.13,1,0,27,0.1356,0.3342,0.2311,1,0,0,0,0
C05846,69382.63,30787.71,81609.73,29949.25,68,342.57,238316.31,1,3,33,0.5101,0.2953,0.2396,0,0,0,0,0
C05847,86263.74,57387.73,102908.29,53904.32,85,447.77,290831.19,0,1,19,0.2418,0.2957,0.2106,0,0,0,0,0
C05848,58150.3,38565.32,62190.54,35831.68,59,693.95,157651.21,0,2,24,0.6244,0.3777,0.0947,0,0,0,0,0
C05849,44262.78,32649.34,46647.0,35033.81,65,407.83,137514.93,0,1,55,0.1345,0.3766,0.0901,0,0,1,0,0
C05850,70864.02,48923.72,59788.13,47140.97,70,630.96,143946.16,0,1,15,0.4034,0.3104,0.1711,0,3,0,0,0
C05851,72931.21,43100.38,89031.53,45221.69,79,623.08,150058.11,0,0,4,0.0552,0.3046,0.2244,0,2,0,0,0
C05852,60250.88,29563.63,60709.99,24765.99,58,480.21,160124.15,1,1,54,0.4587,0.3214,0.1763,0,1,0,0,0
C05853,23384.66,8245.78,24154.5,9155.93,65,105.08,31756.4,1,0,51,0.0733,0.3198,0.0403,1,0,0,0,0
C05854,30815.12,19759.02,35948.67,21317.72,83,315.63,73429.51,0,1,19,0.6135,0.2107,0.1612,0,0,0,0,0
C05855,39764.64,19101.78,42695.77,19526.52,74,198.88,63443.52,0,1,8,0.1203,0.3517,0.1085,0,0,0,0,0
C05856,63911.03,29561.73,74805.37,31612.78,78,408.51,207200.97,1,0,12,0.41,0.4227,0.219,0,0,0,0,0
C05857,44569.8,35150.93,50025.56,40848.91,64,761.67,61242.48,0,3,50,0.1757,0.1697,0.2353,1,0,0,1,0
C05858,75057.42,32155.2,80645.78,28172.55,68,403.81,172586.82,3,0,40,0.3872,0.1467,0.1459,0,0,0,0,0
C05859,81330.33,29652.68,88426.65,31372.64,68,599.67,21535.78,1,1,17,0.0972,0.1989,0.05,0,1,0,0,0
C05860,77191.49,59995.21,70650.84,53598.71,74,813.75,163679.39,2,1,50,0.5148,0.2537,0.2464,0,0,0,1,0
C05861,77413.08,37754.59,79899.77,40039.24,59,613.0,213611.31,0,0,15,0.4557,0.3646,0.2123,0,1,0,0,0
C05862,28219.56,14872.81,33301.49,15154.46,70,161.44,83216.53,0,2,20,0.3841,0.4487,0.0883,0,0,0,0,0
C05863,55915.88,21607.05,52681.89,22622.82,80,337.95,173095.6,1,0,24,0.4458,0.2191,0.2174,0,0,0,0,0
C05864,34235.89,18207.65,33009.11,20971.74,70,366.2,63912.33,2,2,6,0.2509,0.3518,0.2436,0,0,0,0,0
C05865,21425.52,16872.59,20235.23,19373.46,76,274.9,45757.1,2,1,30,0.5544,0.4094,0.1929,0,0,0,0,0
C05866,39539.51,26187.37,42244.24,30911.7,83,334.6,49409.77,2,1,42,0.3134,0.1075,0.1139,1,0,0,0,0
C05867,81678.77,46003.21,99509.53,46115.22,70,684.82,273349.14,0,1,14,0.5994,0.2607,0.1888,1,0,0,0,0
C05868,55367.7,27039.49,61771.48,30673.07,76,283.18,126604.0,1,3,48,0.5092,0.2985,0.0274,0,1,0,0,0
C05869,111572.73,57428.69,88004.61,63791.6,75,808.39,116625.59,2,0,56,0.3277,0.1032,0.1135,0,1,1,0,0
C05870,48735.91,30462.51,54966.06,30628.68,73,542.0,153186.84,1,1,12,0.384,0.4261,0.241,0,1,0,0,0
C05871,135391.93,62889.89,134978.87,66918.89,66,839.41,311734.51,1,1,20,0.1211,0.3415,0.2393,0,1,0,0,0
C05872,48742.29,20392.62,54158.82,21088.78,75,312.04,119852.95,0,1,6,0.426,0.2687,0.1528,1,2,0,0,0
C05873,45457.54,30152.12,46914.9,36706.77,76,368.5,28056.33,1,2,14,0.3837,0.4354,0.162,0,0,0,0,0
C05874,25303.35,18756.4,23955.83,21517.83,73,335.42,6801.19,0,0,21,0.3983,0.3682,0.1915,1,0,0,0,0
C05875,74174.15,56052.85,77246.7,56596.35,61,894.41,158636.63,0,1,50,0.1263,0.3779,0.1801,0,1,0,0,0
C05876,35898.88,26157.3,35792.03,26192.53,77,307.67,27107.64,1,1,11,0.2731,0.3581,0.1999,0,1,0,0,0
C05877,33632.44,19801.77,36555.97,23067.35,63,367.38,83127.25,3,0,19,0.2021,0.3607,0.2403,0,1,0,0,0
C05878,80095.23,56465.05,75584.21,68367.67,74,1100.53,175634.37,0,1,39,0.2263,0.3969,0.1941,0,1,0,0,0
C05879,75782.14,58114.3,69342.75,63220.47,74,1027.78,96724.8,2,1,55,0.3231,0.2835,0.1314,0,0,0,0,0
C05880,74894.89,27000.59,85219.13,30484.44,56,496.32,122737.71,2,0,20,0.099,0.1331,0.1254,0,0,0,0,0
C05881,38232.14,20471.18,45230.94,24695.93,71,375.56,112279.24,0,0,51,0.179,0.2681,0.2163,0,0,0,0,0
C05882,43979.49,19432.62,49239.74,19996.67,74,241.53,107474.31,0,0,20,0.2812,0.3463,0.047,0,0,0,0,0
C05883,43804.13,34979.61,42584.06,37078.96,80,450.08,53573.45,1,0,22,0.4525,0.3555,0.2043,1,1,1,0,1
C05884,63994.41,49167.2,61510.89,54497.29,66,903.14,118735.89,0,0,44,0.3816,0.2165,0.1048,0,0,0,0,0
C05885,90537.72,64370.84,87649.69,64275.59,70,783.63,153805.06,1,1,51,0.4672,0.4319,0.1919,1,1,1,0,1
C05886,53108.05,25658.94,61437.9,32173.36,47,612.61,19085.46,1,0,19,0.5094,0.4103,0.1455,1,0,1,0,0
C05887,109438.58,85192.03,104075.45,84973.91,78,871.04,151351.8,1,1,29,0.5027,0.2583,0.1004,0,0,1,0,0
C05888,67383.49,24471.17,77901.03,25874.7,80,343.14,40606.53,3,0,8,0.1076,0.123,0.2323,0,0,0,0,0
C05889,40487.88,17596.76,45606.7,22523.24,97,280.34,30878.41,2,2,15,0.096,0.4249,0.0232,0,0,0,0,0
C05890,65338.58,41006.05,78310.06,33895.06,66,642.4,85781.56,0,3,54,0.2593,0.2861,0.0681,0,0,0,0,0
C05891,96963.6,68539.01,114182.23,73742.15,79,1181.37,337984.88,0,0,15,0.4249,0.3533,0.1281,0,1,0,0,0
C05892,110596.95,82686.03,123328.73,80265.98,71,1320.12,239249.3,0,1,8,0.1209,0.3923,0.1555,0,0,0,0,0
C05893,76766.14,37249.15,67075.04,39112.36,75,513.06,93816.37,1,1,22,0.1118,0.3678,0.1774,0,0,0,0,0
C05894,45522.92,23938.78,51132.05,21671.64,59,436.19,33794.29,2,0,14,0.5813,0.1719,0.0973,0,0,0,0,0
C05895,40819.12,22641.23,43425.7,22765.64,81,239.86,59548.74,1,1,53,0.5941,0.3724,0.1331,0,1,0,0,0
C05896,58317.01,21118.82,58620.81,22237.55,66,339.14,64629.16,0,0,5,0.5357,0.3357,0.1004,0,0,0,0,0
C05897,95578.8,70612.29,115981.71,76162.31,68,1401.27,294572.0,0,0,44,0.266,0.3913,0.0371,0,0,1,0,0
C05898,54699.72,27463.46,56441.34,31788.33,61,545.54,105986.17,1,1,50,0.3604,0.2824,0.1956,0,2,0,0,0
C05899,55213.19,24275.88,54465.94,18720.08,68,293.64,181353.31,2,1,40,0.2482,0.443,0.1012,0,0,0,0,0
C05900,46052.94,24598.65,54567.51,25457.04,72,379.3,58651.32,0,3,39,0.1281,0.4123,0.1418,0,1,0,0,0
C05901,38826.83,26004.41,38880.76,26759.5,76,416.27,24256.85,0,0,30,0.3443,0.1446,0.0479,0,0,0,0,0
C05902,41833.69,31036.92,41016.29,32349.36,74,328.07,126080.87,0,1,4,0.5308,0.1903,0.1202,0,1,0,0,0
C05903,47827.66,21375.11,43749.95,22526.65,73,285.21,110468.8,0,2,49,0.2998,0.2553,0.2062,0,1,0,0,0
C05904,97495.62,41696.52,92774.78,39627.78,73,685.02,241943.57,0,0,56,0.3356,0.1712,0.129,0,0,1,0,0
C05905,40398.44,31296.77,38858.18,27051.69,82,421.96,28706.28,1,1,23,0.3102,0.3344,0.2166,0,0,0,0,0
C05906,46078.11,27550.19,51816.02,29645.45,61,503.16,56942.1,0,1,25,0.368,0.1925,0.2265,0,0,0,0,0
C05907,30485.24,15687.62,28281.5,14600.31,75,171.31,11946.95,0,0,12,0.4118,0.2415,0.057,0,0,0,0,0
C05908,62124.87,27315.92,51380.96,30001.87,70,519.0,68404.46,0,2,31,0.2,0.2321,0.2115,0,0,0,0,0
C05909,83235.02,66410.02,90425.49,62261.77,85,904.28,201480.51,0,1,7,0.3967,0.4002,0.0563,0,0,0,0,0
C05910,93474.3,62967.37,91037.04,71350.0,59,1062.23,267837.98,1,1,54,0.1545,0.3201,0.1842,0,1,0,0,0
C05911,49312.45,22094.36,51681.81,23054.7,65,404.52,162141.26,1,0,53,0.1428,0.3498,0.1041,0,1,0,0,0
C05912,58272.01,22788.25,70153.09,23968.56,81,376.01,78204.63,0,1,41,0.2423,0.4274,0.1332,0,0,0,0,0
C05913,41995.6,18464.5,44455.93,18841.89,67,269.78,44418.08,2,0,3,0.5125,0.3267,0.1014,1,0,0,0,0
C05914,57069.56,26336.7,70261.45,26368.23,64,308.55,171624.96,0,0,57,0.124,0.1059,0.1847,0,0,0,0,0
C05915,51828.84,20730.94,53996.45,21187.89,70,363.25,71849.3,1,1,60,0.1892,0.421,0.045,0,1,0,0,0
C05916,46195.46,20942.39,54087.25,24959.1,62,444.5,71786.36,2,0,49,0.5717,0.4142,0.1696,0,1,0,0,0
C05917,47877.79,19273.24,47126.52,16688.23,78,247.1,43945.38,1,1,60,0.1362,0.4239,0.0663,0,0,0,0,0
C05918,55148.39,28676.02,58618.48,27879.5,85,359.48,20661.86,0,0,54,0.6337,0.2197,0.1485,0,1,0,0,0
C05919,39420.81,22422.08,36978.45,26386.29,54,465.1,32927.59,1,0,17,0.6155,0.1132,0.2047,0,2,1,0,0
C05920,40347.88,22388.16,38423.13,25709.96,75,438.34,32596.69,0,1,14,0.6491,0.2824,0.0312,0,0,0,0,0
C05921,97025.65,70163.57,99261.13,84983.77,64,1425.4,256994.29,0,0,52,0.428,0.3681,0.15,0,0,0,0,0
C05922,152384.74,70751.92,135710.18,73786.54,76,985.61,351978.28,1,0,45,0.1268,0.4056,0.195,0,2,0,0,0
C05923,26172.19,19608.0,27981.29,17486.51,62,291.6,10895.54,2,1,28,0.4545,0.1153,0.124,0,1,0,0,0
C05924,25531.18,19369.36,25880.16,17762.85,62,331.81,6519.16,1,0,51,0.1434,0.2836,0.0946,0,1,0,0,0
C05925,29251.88,22872.33,31537.9,23196.08,70,353.06,51515.35,0,3,55,0.3352,0.1517,0.2198,0,1,0,0,0
C05926,42956.27,18533.16,38334.91,21151.59,68,231.46,88999.2,1,0,46,0.1103,0.442,0.0411,0,0,0,0,0
C05927,67340.63,31016.29,76378.27,31619.2,63,434.89,162646.04,1,0,25,0.2149,0.2485,0.0299,0,0,0,0,0
C05928,58716.83,37034.14,73614.08,37411.82,77,489.72,70406.41,2,0,54,0.643,0.1887,0.1646,1,0,0,0,0
C05929,48622.02,20100.4,59726.51,22062.85,63,279.84,99897.81,0,1,32,0.4244,0.3764,0.2169,0,1,0,0,0
C05930,57093.11,22182.36,72991.76,23365.27,66,429.59,125467.42,0,1,47,0.2581,0.4277,0.2268,0,1,0,0,0
C05931,32957.66,12628.18,34773.35,12591.93,69,212.78,9930.93,1,1,46,0.5587,0.4484,0.1543,1,2,0,0,0
C05932,40318.37,25108.97,40629.66,23346.78,67,402.1,139898.48,2,0,29,0.4888,0.2829,0.152,0,3,0,0,0
C05933,44594.92,31756.27,49433.92,36952.69,62,584.44,147996.67,0,1,39,0.1375,0.1792,0.2049,0,0,0,0,0
C05934,22059.98,10290.95,22532.36,12099.46,64,165.23,31790.27,0,0,38,0.3444,0.1801,0.2366,0,1,0,0,0
C05935,26684.23,20549.27,22445.38,18968.57,68,335.51,57599.36,0,0,15,0.3216,0.4169,0.217,0,1,0,0,0
C05936,27165.77,19189.11,31194.89,19221.48,70,250.34,39455.64,0,2,19,0.4097,0.199,0.0324,0,0,0,0,0
C05937,63466.44,24425.51,64854.56,27601.73,56,510.19,188401.55,0,0,25,0.1997,0.3107,0.1889,0,0,0,0,0
C05938,50253.1,26799.29,43917.07,24480.63,62,345.79,25054.31,2,1,5,0.2976,0.2358,0.0633,0,0,0,0,0
C05939,59242.55,22548.11,58591.24,24663.6,67,474.7,45984.38,1,0,30,0.5848,0.1365,0.0939,0,0,0,0,0
C05940,19664.55,14981.19,20148.32,15143.3,70,243.27,51095.15,1,1,17,0.3552,0.1235,0.0658,0,0,0,0,0
C05941,23082.1,15794.18,24268.98,14277.77,67,272.52,23284.92,1,0,45,0.3764,0.4352,0.2424,0,0,0,0,0
C05942,60649.38,39964.63,63855.39,50486.55,69,933.93,209603.88,2,2,27,0.1735,0.1446,0.075,0,1,0,0,0
C05943,12887.54,8469.9,15649.12,8546.36,54,130.66,38101.29,0,1,5,0.0723,0.3631,0.0925,0,1,0,0,0
C05944,78080.92,37348.61,69911.71,41565.9,93,508.86,229334.44,1,1,17,0.6482,0.4355,0.2006,0,0,0,0,0
C05945,19809.66,15255.27,20438.47,13965.58,57,239.97,14926.94,1,2,59,0.3635,0.4253,0.0488,0,0,0,0,0
C05946,65770.26,50330.65,62121.61,62222.82,79,849.16,56515.68,0,0,47,0.0884,0.2052,0.2137,0,1,0,0,0
C05947,30168.53,20598.17,36224.57,26441.59,69,375.36,86820.37,1,1,27,0.2161,0.2455,0.077,0,1,0,0,0
C05948,72144.36,40474.33,70890.89,35202.08,61,423.73,115253.25,2,0,7,0.3429,0.3418,0.0484,0,1,0,0,0
C05949,190630.1,70762.29,192296.29,72903.04,64,1262.77,506780.07,0,0,26,0.482,0.3442,0.0821,0,0,0,0,0
C05950,16179.3,5868.88,19026.26,7097.51,65,108.37,36628.35,1,0,57,0.1383,0.1713,0.1199,0,2,0,0,0
C05951,61533.53,25361.69,74392.37,25204.14,64,307.25,189018.48,1,0,53,0.2265,0.1346,0.1096,0,0,0,0,0
C05952,19945.22,12328.02,24467.09,13549.92,72,205.71,56468.2,0,0,28,0.5879,0.1418,0.1896,0,0,0,0,0
C05953,54527.68,38668.02,46502.65,32804.34,61,427.86,131406.93,1,1,31,0.2868,0.1892,0.0994,0,0,0,0,0
C05954,41001.76,31850.56,45427.89,30430.14,66,565.24,94123.37,1,3,27,0.563,0.3498,0.1324,0,1,0,1,0
C05955,47706.35,20461.87,51638.02,22233.98,75,211.27,135191.83,1,0,37,0.1757,0.1314,0.2317,0,0,0,0,0
C05956,29856.53,14151.62,31165.83,13858.18,67,197.03,54822.2,1,0,57,0.082,0.3663,0.0757,0,0,0,0,0
C05957,63937.5,23934.69,67645.12,24095.91,69,316.29,122949.3,0,0,44,0.4913,0.1403,0.2304,0,1,1,0,0
C05958,23450.73,18645.0,28241.54,16186.3,62,321.1,77510.69,4,0,48,0.3358,0.1856,0.2421,1,0,0,0,0
C05959,78680.81,55187.65,92420.89,62278.59,69,1034.55,221855.39,2,0,20,0.3809,0.288,0.2012,0,0,0,0,0
C05960,37431.02,21197.99,43331.26,18850.32,57,283.97,116354.16,1,0,21,0.2484,0.1687,0.1978,0,1,0,0,0
C05961,23937.63,14578.12,25728.88,18002.28,55,295.67,58018.86,0,1,59,0.5953,0.4419,0.0342,0,1,0,0,0
C05962,92239.09,55618.19,121983.52,53842.69,72,809.03,132673.23,0,0,40,0.1437,0.1353,0.1345,0,0,0,0,0
C05963,43656.77,20276.92,43740.82,23239.07,77,386.54,142005.27,1,0,50,0.093,0.2698,0.0972,0,2,1,0,0
C05964,106176.06,46019.45,90895.69,52198.23,83,593.58,109513.07,0,5,25,0.635,0.3001,0.1126,1,0,0,1,0
C05965,77965.99,37707.4,79382.69,35135.4,68,620.45,97322.77,2,0,49,0.5995,0.446,0.0511,0,1,1,0,0
C05966,31421.64,14492.26,33210.43,14215.59,76,211.5,29780.52,1,1,9,0.2819,0.3897,0.0433,0,2,0,0,0
C05967,43311.45,26025.32,52250.16,25897.98,69,421.79,110779.36,1,1,8,0.0726,0.2401,0.0675,0,3,0,0,0
C05968,47519.0,23222.12,46981.21,23297.4,59,332.99,101517.97,0,0,36,0.275,0.2005,0.2195,0,1,0,0,0
C05969,89433.82,60638.38,99177.42,54227.68,70,556.12,187288.32,0,2,30,0.0628,0.3113,0.1264,0,0,0,0,0
C05970,54792.07,33180.59,47818.72,36965.31,61,594.91,137797.78,1,1,6,0.3658,0.1119,0.0756,0,0,0,1,0
C05971,48715.35,28718.61,57472.92,27780.95,81,365.4,142892.55,2,3,31,0.55,0.1878,0.056,0,2,0,1,0
C05972,41129.13,32001.85,43522.78,33163.48,60,545.3,43649.97,0,2,58,0.2431,0.1834,0.0322,1,0,0,0,0
C05973,43987.78,21777.66,44706.24,25496.46,70,338.95,119523.7,1,1,6,0.4471,0.3151,0.1735,0,1,0,0,0
C05974,80941.68,51468.5,105693.51,57573.47,79,636.3,155419.24,0,1,7,0.2733,0.366,0.2103,0,1,0,0,0
C05975,45075.1,15777.31,53115.99,15389.87,65,287.82,141573.99,0,1,44,0.4191,0.3607,0.1136,0,1,0,0,0
C05976,37671.87,25677.74,34854.73,30169.08,61,396.58,12492.27,1,1,11,0.3259,0.2071,0.1267,0,0,0,0,0
C05977,34905.15,20110.42,36192.2,22722.05,86,185.8,33983.73,1,0,23,0.4445,0.1654,0.1609,0,1,0,0,0
C05978,35074.28,15565.03,48344.93,15024.9,84,136.82,27822.29,2,1,12,0.4209,0.3941,0.1026,0,1,1,0,0
C05979,23944.04,8396.69,30826.94,8298.57,61,131.37,9207.6,1,1,25,0.1043,0.1974,0.1354,1,0,1,0,0
C05980,32104.42,21449.76,37265.38,25097.51,71,366.24,77240.78,1,0,42,0.3674,0.3931,0.1213,0,0,0,0,0
C05981,88318.68,57249.52,73159.15,65461.46,56,1307.5,248007.84,1,0,39,0.056,0.2856,0.0664,0,1,0,0,0
C05982,41004.95,26629.98,49610.17,23159.88,65,369.32,79371.39,0,3,8,0.6499,0.1341,0.1422,0,2,0,1,0
C05983,61784.2,33786.98,60164.09,31399.22,64,530.27,182363.28,1,1,39,0.2234,0.1773,0.1223,0,1,0,0,0
C05984,14749.69,9405.64,17829.75,10660.78,72,114.03,34023.84,1,0,55,0.4291,0.1114,0.2148,0,0,0,0,0
C05985,58113.77,35280.91,55979.82,32072.99,62,498.4,135388.15,0,0,51,0.2647,0.1724,0.0863,0,0,0,0,0
C05986,41848.41,19145.76,46395.64,21952.39,64,386.15,40522.47,0,0,54,0.4878,0.1847,0.1818,1,0,0,0,0
C05987,36234.6,21140.92,35262.28,27108.88,73,332.19,122700.66,2,0,54,0.0621,0.1476,0.0879,0,0,0,0,0
C05988,48817.77,28390.79,49130.52,31082.09,66,402.38,89363.82,1,0,52,0.5261,0.3029,0.1384,0,0,0,0,0
C05989,36000.8,25943.27,40488.79,24366.99,69,305.65,121605.86,1,0,32,0.3138,0.1326,0.1743,0,0,0,0,0
C05990,17303.67,9431.71,15430.24,10103.07,75,124.94,26479.42,1,0,24,0.6216,0.4022,0.2236,0,2,0,0,0
C05991,68147.47,37224.77,90955.76,43707.6,74,414.78,114980.99,2,1,49,0.4541,0.3306,0.089,0,1,0,0,0
C05992,50200.27,39807.91,46522.27,42270.8,59,890.2,127299.54,1,0,19,0.2538,0.1394,0.1663,0,1,0,0,0
C05993,39071.31,29401.5,35946.46,32578.64,67,400.45,111378.64,1,1,39,0.5038,0.1377,0.0619,0,1,0,0,0
C05994,29133.22,13372.98,32775.34,12758.77,67,231.18,28342.69,0,0,49,0.4545,0.3656,0.0705,0,0,0,0,0
C05995,23224.94,17642.4,27986.82,16992.45,73,170.78,80850.79,1,0,14,0.2786,0.1009,0.1169,1,1,0,0,0
C05996,49770.09,20509.51,50325.31,23764.92,60,343.6,16370.94,1,1,26,0.4022,0.2755,0.1681,0,2,0,0,0
C05997,93010.36,68272.02,85701.95,65851.95,61,1107.62,34008.89,1,1,4,0.0999,0.4349,0.0574,0,1,0,1,0
C05998,49308.05,21325.51,46315.77,15773.53,67,185.2,28517.84,0,0,48,0.6016,0.35,0.2469,0,1,0,0,0
C05999,24153.27,13079.52,22375.53,13252.69,53,323.15,49782.89,0,1,9,0.1275,0.1895,0.2335,0,1,0,0,0
C06000,49797.51,39477.71,54128.98,42940.05,69,645.29,114591.54,1,1,38,0.4803,0.3435,0.0854,0,1,1,1,0
C06001,43932.67,17295.06,45760.34,20356.66,60,401.77,139225.88,0,2,21,0.5885,0.4374,0.1196,0,1,0,0,0
C06002,66385.73,48322.47,73097.32,60281.95,63,829.24,111656.8,1,3,56,0.4062,0.1211,0.0584,0,0,0,1,0
C06003,59127.28,33858.07,64672.49,35895.11,67,436.13,164792.33,0,2,27,0.4218,0.2576,0.0519,0,1,0,0,0
C06004,12000.0,5000.0,13787.01,5645.17,69,100.0,26682.69,1,0,29,0.2637,0.3071,0.1973,0,1,0,0,0
C06005,57513.6,44781.31,57560.0,47668.59,66,601.25,90094.76,0,0,40,0.4393,0.2526,0.044,0,0,0,0,0
C06006,28648.38,17107.5,27542.99,18689.74,67,259.38,59961.61,0,1,48,0.3552,0.1257,0.0732,0,2,0,0,0
C06007,23733.43,17711.98,25365.23,18200.42,55,378.67,21565.46,1,3,30,0.1132,0.1566,0.0566,1,0,0,0,0
C06008,41340.78,30637.58,43135.02,33590.21,68,415.0,112428.79,0,0,38,0.3062,0.3661,0.0514,0,2,0,1,0
C06009,54141.42,19306.05,58491.91,18580.32,74,274.41,107642.0,0,0,56,0.1983,0.1491,0.2108,0,1,0,0,0
C06010,21506.0,10090.15,20744.57,12992.18,68,243.34,62759.88,1,2,51,0.0717,0.3014,0.1426,0,1,1,0,0
C06011,61788.79,30994.16,69640.04,23650.18,61,396.59,87193.11,0,0,11,0.4464,0.4317,0.1397,0,0,0,0,0
C06012,63444.47,37475.94,57645.34,41917.07,61,592.44,52676.57,1,0,9,0.1452,0.404,0.2395,0,2,0,0,0
C06013,45961.39,17572.87,45830.58,19125.35,83,291.26,82644.21,2,0,8,0.2875,0.343,0.072,0,0,0,0,0
C06014,30454.44,15989.65,36103.28,17501.53,78,280.44,55496.1,2,0,35,0.0559,0.1285,0.1602,0,0,1,0,0
C06015,28960.78,20752.92,26477.16,18844.94,69,293.51,36270.92,1,1,57,0.5008,0.2009,0.0234,0,0,1,0,0
C06016,71402.43,30555.67,83971.34,25930.23,65,459.03,156693.18,2,0,5,0.124,0.33,0.2331,0,0,1,0,0
C06017,22796.62,15172.85,20081.73,17034.45,63,311.27,27103.11,0,1,13,0.4249,0.1826,0.091,0,0,0,0,0
C06018,72651.51,40477.66,62463.8,49015.21,68,697.07,156631.35,0,0,34,0.3572,0.3185,0.1104,0,3,0,0,0
C06019,41776.04,15950.81,36375.92,17169.89,53,278.32,81761.38,0,1,48,0.6357,0.2466,0.2233,0,1,0,0,0
C06020,43100.6,18525.43,45859.76,21241.86,74,212.42,11695.79,1,0,7,0.2341,0.2742,0.1396,0,0,0,0,0
C06021,20863.95,8626.49,23733.82,8583.55,70,100.0,50087.93,1,0,28,0.2737,0.1435,0.2338,0,0,0,0,0
C06022,42124.94,26491.24,50765.24,28869.86,73,289.44,65401.39,0,2,22,0.0862,0.4258,0.1672,0,0,0,0,0
C06023,59309.88,23089.1,70907.61,27639.48,63,370.04,168884.82,1,2,17,0.2807,0.4298,0.087,1,0,0,0,0
C06024,24662.35,17766.05,28448.61,17985.89,77,179.29,63982.81,0,1,19,0.4459,0.34,0.1924,0,1,0,0,0
C06025,56319.94,40155.93,53514.42,47877.35,67,520.63,158213.4,0,2,16,0.3864,0.2538,0.0291,0,1,1,0,0
C06026,46839.08,18081.19,44456.83,15438.65,68,238.38,50068.76,3,0,14,0.3066,0.3326,0.2393,0,3,0,0,0
C06027,33682.3,25251.24,38550.57,24656.31,78,285.73,89737.76,1,1,54,0.5289,0.3289,0.238,1,0,0,0,0
C06028,66106.39,51670.23,80686.62,57638.66,76,985.62,156873.75,2,1,3,0.0749,0.2941,0.2271,1,1,0,0,0
C06029,16703.98,6173.13,15472.28,7891.35,66,131.59,54056.31,0,1,35,0.6115,0.2332,0.2181,0,1,0,0,0
C06030,52597.51,40902.37,63394.73,43017.55,63,862.67,123654.96,2,0,51,0.6416,0.3859,0.1285,0,0,0,1,0
C06031,93261.59,44369.94,76433.42,41083.46,60,505.91,53251.24,2,1,47,0.3538,0.3975,0.0675,0,0,0,0,0
C06032,86024.91,55842.46,94351.35,71233.17,55,1110.1,170187.07,2,1,41,0.165,0.1708,0.0628,0,1,0,0,0
C06033,53628.22,22988.65,55641.6,23790.11,88,315.97,124009.0,0,0,34,0.5049,0.2479,0.0673,0,0,0,0,0
C06034,39287.49,28202.73,40289.21,31862.69,75,454.99,127172.09,0,1,24,0.2745,0.1087,0.2178,0,1,0,0,0
C06035,33803.06,24637.73,35620.06,24880.88,70,326.05,38173.5,0,0,7,0.3799,0.3028,0.0831,0,1,0,0,0
C06036,39265.48,31029.69,37206.1,33110.95,77,517.92,54651.3,0,0,47,0.5246,0.2547,0.0937,0,0,1,0,0
C06037,57476.48,45788.06,63426.98,44988.88,65,692.33,167681.88,0,2,23,0.3273,0.3439,0.022,0,3,0,0,0
C06038,31293.26,12020.87,33085.75,15878.57,74,268.19,69229.36,1,1,49,0.176,0.1034,0.0594,0,1,1,0,0
C06039,63275.82,40881.47,73541.52,48769.46,69,726.87,105704.71,0,0,34,0.6064,0.1734,0.222,0,0,0,0,0
C06040,117517.2,55570.45,145820.85,70139.62,82,900.41,303570.44,2,1,50,0.0951,0.3687,0.1858,0,1,0,0,0
C06041,43764.15,17790.57,46618.89,16996.83,73,206.25,13072.99,0,1,32,0.3141,0.2356,0.1996,1,1,0,0,0
C06042,24573.9,10246.28,23388.3,8514.63,56,113.73,36242.5,0,0,22,0.3038,0.2872,0.1452,0,0,0,0,0
C06043,24570.03,18953.24,22443.54,19234.61,75,181.58,38556.02,2,1,48,0.3466,0.2453,0.054,0,1,0,0,0
C06044,63823.21,41972.84,80020.92,56746.29,71,697.92,30671.23,0,0,56,0.3214,0.119,0.0219,0,1,0,0,0
C06045,43806.26,16326.92,54251.63,16512.64,76,262.93,148240.41,1,2,46,0.1529,0.118,0.1293,0,1,0,0,0
C06046,66768.83,52941.24,77217.13,62270.26,68,826.71,228946.08,2,1,25,0.1955,0.4382,0.1295,0,0,0,0,0
C06047,35393.46,25253.78,37417.35,23410.73,91,308.77,76997.58,2,0,40,0.3717,0.1253,0.0659,0,0,0,0,0
C06048,65394.82,31986.61,75061.48,30403.89,75,524.82,85185.69,0,1,59,0.0651,0.3608,0.1678,0,1,0,0,0
C06049,41905.95,23546.54,50561.03,24498.4,77,305.01,98213.98,1,1,55,0.2304,0.1523,0.1251,0,1,0,0,0
C06050,32363.64,21908.87,31581.9,28550.83,71,386.58,105480.45,0,1,8,0.0515,0.1892,0.1366,0,2,1,0,0
C06051,37570.27,24579.02,39583.12,29053.08,80,439.74,115832.53,1,2,59,0.2351,0.1915,0.1254,0,0,0,0,0
C06052,26258.45,14662.36,24085.61,11782.93,63,193.79,33228.13,0,1,35,0.2363,0.2787,0.1768,0,0,0,0,0
C06053,110153.44,63952.38,113955.12,72266.68,68,1274.51,280691.57,2,0,5,0.321,0.3837,0.0344,0,2,0,0,0
C06054,43089.99,15919.31,53229.61,14520.83,71,229.33,30511.62,1,2,20,0.4765,0.3205,0.0922,0,0,0,0,0
C06055,60141.12,34598.28,70931.99,33498.49,80,387.21,145590.54,0,0,57,0.4108,0.2431,0.1895,0,0,0,0,0
C06056,35341.98,17780.94,37681.64,19759.01,55,390.63,34635.79,1,1,57,0.5934,0.1865,0.0616,0,1,0,1,0
C06057,28030.55,13406.26,20372.94,16326.3,65,180.04,80612.18,1,1,24,0.0545,0.2521,0.0356,0,1,0,0,0
C06058,40504.63,19091.05,39342.34,23136.67,72,321.6,101313.96,0,0,42,0.339,0.4487,0.0608,0,0,0,0,0
C06059,73862.05,47421.36,78462.82,51679.23,72,540.98,17503.29,0,0,47,0.2633,0.2017,0.1733,0,0,0,0,0
C06060,35599.56,19336.47,36457.16,21105.25,60,362.65,73095.17,0,0,3,0.6082,0.1538,0.06,0,0,0,0,0
C06061,30414.61,16472.89,32054.95,19957.66,75,315.94,51508.33,0,0,41,0.2803,0.3028,0.0401,0,1,0,0,0
C06062,48260.89,20348.44,52078.84,17518.68,70,199.23,159139.81,0,0,11,0.5564,0.1376,0.1477,1,0,0,0,0
C06063,56329.74,44097.1,55538.78,55971.68,84,624.49,113209.13,0,0,23,0.4448,0.2593,0.1339,0,1,0,0,0
C06064,94249.37,42484.49,98876.67,40856.57,68,617.48,53670.91,2,0,42,0.5692,0.1049,0.2164,0,0,0,0,0
C06065,52765.11,28110.57,54457.12,30395.22,61,409.19,148718.04,0,2,51,0.196,0.1139,0.0745,1,1,0,0,0
C06066,60127.01,26190.85,58059.59,25940.72,63,296.37,186227.59,1,0,56,0.2105,0.1038,0.2158,1,0,0,0,0
C06067,62198.84,41450.2,79089.59,37772.69,79,335.11,126237.65,2,1,8,0.3204,0.1722,0.0294,0,0,0,0,0
C06068,26784.02,14630.99,26591.85,16172.96,91,151.65,82736.5,1,2,28,0.3124,0.2833,0.1345,0,0,0,0,0
C06069,29170.65,15639.62,22738.37,16865.53,71,210.01,35778.72,1,0,16,0.3905,0.141,0.1056,0,0,0,0,0
C06070,27630.19,20551.14,34924.34,21318.78,66,316.18,32155.42,0,1,49,0.2418,0.3952,0.138,0,0,0,0,0
C06071,24709.73,17093.35,23435.86,17634.87,77,276.9,77127.38,2,0,48,0.4527,0.2848,0.2429,0,0,0,0,0
C06072,64368.18,37587.4,74537.65,46349.53,74,594.92,101549.43,1,1,14,0.2098,0.2007,0.185,0,0,0,0,0
C06073,51274.06,28757.86,49648.35,37762.99,62,456.86,178476.78,2,0,32,0.437,0.1151,0.2248,0,0,1,0,0
C06074,46638.94,36469.58,52156.95,43776.2,80,490.24,153294.2,0,0,41,0.2448,0.2628,0.0476,0,1,0,0,0
C06075,14012.36,10935.36,14632.02,11846.16,73,143.39,27621.12,0,0,8,0.4761,0.1059,0.1192,0,1,0,0,0
C06076,113480.05,75707.86,132776.17,64618.78,74,909.85,316445.56,1,2,27,0.2152,0.3277,0.1404,0,0,1,1,0
C06077,30091.42,20825.27,30824.31,23433.81,77,331.47,85432.25,1,1,40,0.1388,0.3993,0.1453,0,1,1,0,0
C06078,113293.1,85490.04,110048.56,96652.21,75,902.48,155847.0,0,0,39,0.3449,0.1362,0.0378,0,2,0,0,0
C06079,23441.4,18376.63,25336.46,20996.4,72,298.59,40386.16,0,1,26,0.1877,0.1444,0.0237,0,0,0,0,0
C06080,31220.72,12083.16,31348.76,11032.92,76,123.07,99291.54,1,2,50,0.2981,0.3086,0.2068,1,1,1,0,1
C06081,16699.52,13339.62,13668.55,15367.35,79,225.04,31341.7,0,1,6,0.0888,0.2682,0.131,0,0,1,1,0
C06082,52964.33,35293.31,51789.58,43671.6,67,588.24,63193.25,2,0,26,0.5328,0.2216,0.0789,0,0,1,0,0
C06083,27415.18,16907.91,38223.68,15759.61,69,285.38,17052.79,0,3,5,0.4229,0.1348,0.0562,0,0,0,1,0
C06084,27766.0,14880.5,23085.64,16847.09,80,197.62,44631.3,0,0,33,0.1922,0.3127,0.2472,0,3,0,0,0
C06085,24264.91,12165.83,26180.04,11589.01,70,150.7,40871.24,0,1,9,0.2972,0.1541,0.1788,1,1,0,0,0
C06086,63845.89,45451.55,65177.24,47155.42,60,613.54,116751.12,2,3,18,0.6074,0.2696,0.1998,0,0,0,1,0
C06087,61980.58,39946.22,78738.3,37395.94,74,406.75,166617.35,0,0,23,0.2253,0.297,0.1832,0,0,0,0,0
C06088,101705.13,44782.53,93230.59,45136.96,80,623.15,348501.32,1,0,20,0.1985,0.3883,0.1465,0,1,0,0,0
C06089,33052.41,20639.91,35106.83,20822.47,73,297.48,49081.8,1,1,37,0.2999,0.4142,0.0549,0,0,0,0,0
C06090,49656.59,20534.23,56228.33,22576.83,81,287.12,142653.47,0,0,3,0.5017,0.3494,0.1165,0,1,1,0,0
C06091,25190.37,14449.03,25907.91,16715.26,62,210.24,57404.56,1,0,43,0.3265,0.4258,0.1651,0,2,0,0,0
C06092,38702.14,23707.23,37072.53,28352.45,65,333.04,116276.68,0,0,58,0.3036,0.3999,0.2124,0,0,0,0,0
C06093,35629.79,22662.61,37316.38,22022.71,69,307.33,57171.38,2,1,41,0.31,0.1896,0.2424,0,2,0,0,0
C06094,55460.16,23036.38,56173.41,25183.0,60,533.88,96145.93,0,0,6,0.3215,0.3339,0.1449,0,0,0,0,0
C06095,71116.71,27950.24,72007.35,25664.48,78,313.33,85080.74,1,1,9,0.2562,0.4252,0.2107,0,0,0,0,0
C06096,70290.91,32784.99,81655.93,33988.77,73,578.4,176498.66,0,0,18,0.142,0.4407,0.0386,0,0,0,0,0
C06097,30796.37,19191.17,33825.32,20249.16,68,381.32,34600.28,0,0,49,0.3,0.2241,0.025,0,0,0,0,0
C06098,70525.41,54252.18,78721.31,50958.84,85,459.62,109359.88,0,0,23,0.324,0.1416,0.073,0,1,0,0,0
C06099,44116.07,30907.97,48070.44,34527.06,61,710.17,83914.38,0,0,49,0.441,0.2669,0.0356,0,0,0,0,0
C06100,38884.43,26657.99,45307.58,27492.63,56,556.17,113145.07,0,2,50,0.5603,0.4064,0.1953,0,3,0,0,0
C06101,32714.96,16311.83,39470.96,17429.58,56,235.63,76571.85,0,1,22,0.6285,0.3101,0.1826,0,2,0,0,0
C06102,34977.02,14000.19,35522.47,16757.41,69,276.05,68962.52,1,1,46,0.1779,0.3004,0.0762,1,2,0,0,0
C06103,98563.77,74058.13,113184.35,73960.28,56,1315.38,44775.06,0,0,47,0.6379,0.1178,0.0437,0,1,0,0,0
C06104,51676.2,29733.66,46222.16,34253.89,70,383.57,22008.92,1,0,43,0.1346,0.2809,0.2282,0,1,0,0,0
C06105,48678.52,19239.2,37951.39,23532.34,76,260.98,67230.68,0,0,14,0.5736,0.326,0.1156,0,0,0,0,0
C06106,39990.88,23624.05,50755.17,28721.94,68,475.19,11196.14,0,2,44,0.1998,0.2239,0.0277,0,1,0,0,0
C06107,135280.83,88464.82,136633.23,90890.86,72,1125.4,127528.61,1,1,12,0.5038,0.2674,0.0239,0,0,0,0,0
C06108,80956.92,39989.08,87457.5,37321.03,88,539.11,270226.44,1,0,15,0.4443,0.1398,0.1912,0,1,0,0,0
C06109,32530.71,11521.14,29374.39,11115.69,60,220.86,29741.62,0,0,31,0.1566,0.3374,0.1157,0,0,0,0,0
C06110,39786.82,25054.68,35706.23,21536.96,59,376.86,112917.19,2,0,47,0.0627,0.4165,0.1284,0,0,0,0,0
C06111,40864.12,15039.75,39411.27,17029.85,71,257.96,97037.21,1,0,8,0.4606,0.2578,0.0778,0,2,0,0,0
C06112,48053.01,26177.22,54162.85,29836.01,61,612.06,29510.05,1,0,45,0.2862,0.2413,0.028,0,0,0,0,0
C06113,32822.39,23669.83,32429.01,25186.77,67,335.45,28664.53,3,1,36,0.3605,0.1621,0.0405,0,1,0,1,0
C06114,54824.1,43830.85,55356.18,38784.33,77,597.09,16391.0,0,1,24,0.1142,0.1947,0.0321,0,0,0,0,0
C06115,86496.34,44687.15,83093.46,44962.69,87,500.93,25924.12,0,2,34,0.5232,0.4204,0.091,0,1,0,0,0
C06116,24916.49,8946.44,29648.0,10875.57,78,170.5,77947.34,1,0,48,0.3455,0.4328,0.1373,0,0,0,0,0
C06117,27085.44,15487.63,31262.66,17395.08,57,225.56,92981.55,2,0,10,0.4315,0.3734,0.1339,0,1,0,0,0
C06118,36206.59,17173.65,35913.4,19646.07,72,308.54,118229.78,0,2,32,0.1065,0.2083,0.0693,0,1,0,0,0
C06119,36969.92,27792.09,41853.42,40214.24,56,851.03,50687.89,2,0,42,0.1158,0.2139,0.2443,0,1,0,0,0
C06120,110605.76,74125.37,112881.09,80749.88,64,1347.49,49020.34,2,0,52,0.1948,0.2626,0.0855,0,0,0,0,0
C06121,70628.35,37570.43,71298.9,29716.77,67,388.58,192217.72,1,2,32,0.1378,0.332,0.1837,0,2,0,0,0
C06122,68827.79,47691.65,71858.6,43774.64,72,479.57,78505.79,0,0,10,0.2128,0.3226,0.1193,0,0,0,0,0
C06123,39952.77,20117.92,45034.28,21861.48,75,333.3,33642.6,0,1,7,0.3007,0.2853,0.1614,0,0,0,0,0
C06124,39560.12,23134.5,37302.66,24343.25,61,310.03,67872.12,4,2,60,0.1578,0.1201,0.0232,0,0,0,0,0
C06125,23415.43,17918.73,25997.85,18444.85,72,309.1,10919.71,1,0,37,0.4944,0.1691,0.0437,0,1,0,0,0
C06126,63972.01,28152.21,86345.48,29038.11,76,382.34,18001.27,0,0,42,0.4418,0.4393,0.1361,0,1,0,0,0
C06127,56128.13,27551.96,60167.92,26336.03,64,382.38,104591.83,0,1,27,0.3506,0.4195,0.048,0,1,0,0,0
C06128,80267.22,60081.38,84624.62,65780.56,67,826.68,182652.1,3,0,49,0.5208,0.3978,0.1681,0,0,0,1,0
C06129,40926.96,22830.91,42559.95,27792.6,80,246.6,90587.62,0,2,37,0.3186,0.2062,0.096,0,0,0,0,0
C06130,42218.64,20815.9,46752.31,26183.92,71,458.46,11959.95,0,0,45,0.3235,0.2922,0.2037,0,0,1,0,0
C06131,48578.59,17817.87,41619.78,22352.13,83,286.17,23663.05,0,1,38,0.1483,0.3055,0.0646,0,0,1,0,0
C06132,67223.06,36201.56,84306.47,33858.74,79,480.25,54640.63,0,0,13,0.3484,0.2831,0.1939,0,0,0,0,0
C06133,23221.2,13358.47,27116.38,13994.05,63,285.26,30232.66,1,0,26,0.1045,0.1327,0.1255,0,0,0,0,0
C06134,62670.31,33393.86,60956.78,33805.91,63,446.03,163205.31,2,1,45,0.4638,0.3661,0.1191,1,1,0,0,0
C06135,44586.87,21172.37,46985.01,23735.01,65,269.35,12623.92,2,2,10,0.6458,0.325,0.0494,1,2,1,0,1
C06136,27946.05,14423.19,27474.27,15001.22,61,243.67,22871.27,1,3,54,0.5464,0.3818,0.1246,0,2,1,0,0
C06137,17612.17,11255.94,19125.2,11513.98,77,142.45,46771.71,0,0,39,0.4631,0.1685,0.1706,0,1,0,0,0
C06138,42319.56,31785.2,44747.1,38922.55,58,495.42,62782.15,2,0,26,0.5262,0.22,0.0513,0,0,0,1,0
C06139,86326.22,55452.0,93010.98,58879.23,59,981.37,146748.83,1,0,60,0.5245,0.3814,0.0373,0,1,0,0,0
C06140,95609.35,61263.9,88591.76,65240.05,59,1133.22,51665.52,0,0,50,0.4061,0.111,0.0661,0,0,0,0,0
C06141,52803.73,37891.62,52392.64,41665.19,74,433.59,62328.58,0,0,31,0.6123,0.2104,0.1905,0,1,0,0,0
C06142,108805.84,46167.87,129209.87,52222.47,84,694.53,143678.95,0,0,43,0.6068,0.3393,0.0622,0,1,1,0,0
C06143,44138.79,21429.12,43518.42,24254.22,64,343.89,148345.04,0,0,48,0.3369,0.1327,0.2069,0,1,0,0,0
C06144,69106.52,25760.56,50639.92,31846.66,73,453.1,140565.93,1,0,34,0.474,0.3859,0.2051,0,0,1,0,0
C06145,36730.54,18634.76,37903.14,16691.64,75,240.86,23464.14,0,3,56,0.4992,0.3753,0.0658,0,0,0,0,0
C06146,35697.94,28539.46,47813.07,31077.63,74,384.24,95348.32,0,1,8,0.1263,0.1283,0.0984,0,1,0,0,0
C06147,33174.56,16527.25,38212.63,17150.57,62,315.71,108324.06,1,0,40,0.5431,0.2816,0.1804,0,2,1,0,0
C06148,17804.02,13119.75,17446.21,13302.04,66,220.32,5675.53,1,0,41,0.3656,0.368,0.0972,0,1,0,0,0
C06149,80306.78,31207.21,83834.48,35605.36,68,384.62,154583.79,1,0,14,0.2436,0.339,0.1816,0,0,0,0,0
C06150,33714.5,18774.61,38150.75,22634.39,74,238.73,51736.75,0,1,49,0.3371,0.3285,0.1822,0,0,0,0,0
C06151,31375.11,15943.52,26331.56,15608.53,71,159.8,70634.0,2,2,41,0.5896,0.1194,0.1112,0,1,0,1,0
C06152,26461.09,11661.73,25065.87,14605.52,77,231.76,14661.32,0,1,49,0.3093,0.4197,0.2391,0,2,0,0,0
C06153,41046.3,21246.71,45060.7,18658.91,66,257.13,28754.0,0,0,21,0.5389,0.2791,0.059,0,0,1,0,0
C06154,99507.6,63990.87,123522.6,71722.97,62,1178.18,201507.02,0,1,42,0.2914,0.363,0.1541,1,0,0,0,0
C06155,115452.94,65881.91,115139.05,62134.39,73,865.62,208675.77,1,1,13,0.219,0.3349,0.0618,0,0,1,0,0
C06156,21312.04,15556.73,26385.21,15136.51,63,236.37,53395.75,0,1,36,0.0541,0.132,0.1107,0,0,0,0,0
C06157,38365.59,29051.42,36811.06,30713.44,69,418.32,98694.92,0,0,41,0.0846,0.4088,0.064,0,0,0,0,0
C06158,28253.05,16015.29,19777.14,16049.59,65,224.01,82338.85,2,0,49,0.2059,0.448,0.1114,0,0,0,0,0
C06159,70204.64,55586.41,79981.15,39266.62,80,419.91,187913.58,1,0,43,0.2249,0.1292,0.1612,0,1,0,0,0
C06160,51194.37,19577.21,57073.94,21992.57,70,264.51,170070.57,0,3,20,0.2007,0.1635,0.2357,0,1,0,0,0
C06161,33791.4,16029.04,38466.17,18330.35,61,326.81,73474.34,3,1,56,0.2056,0.2274,0.0474,0,1,0,0,0
C06162,46493.87,24991.39,52707.89,25757.93,74,390.39,127682.24,1,0,26,0.3053,0.277,0.1599,0,0,0,0,0
C06163,36300.23,22223.57,38950.51,22695.67,72,266.72,116765.87,0,2,44,0.391,0.3167,0.085,0,1,0,0,0
C06164,93044.07,55423.41,94806.53,55714.56,76,573.31,164993.75,2,0,28,0.4478,0.3368,0.0845,0,0,0,0,0
C06165,57558.07,34856.56,58911.68,29440.7,68,503.59,34022.9,2,1,33,0.0996,0.2962,0.1637,0,1,0,0,0
C06166,60830.0,45824.02,60510.75,38122.16,73,388.69,180579.57,1,2,37,0.4895,0.1395,0.1427,0,0,0,0,0
C06167,13552.21,6436.0,13578.68,7378.46,76,100.09,7998.42,1,0,40,0.0943,0.3033,0.1596,0,0,0,0,0
C06168,43667.65,31335.22,36361.0,36905.49,75,487.86,56827.8,1,1,7,0.2635,0.2362,0.1694,0,0,0,1,0
C06169,114905.2,69069.54,103906.82,77469.75,56,1546.38,320177.65,1,1,59,0.3105,0.1152,0.0348,0,1,0,0,0
C06170,81729.95,46644.98,84213.68,51100.06,71,847.64,73036.65,1,0,19,0.1056,0.1659,0.2222,0,2,0,0,0
C06171,19598.88,9500.28,15308.6,10867.62,59,230.84,17709.19,0,1,38,0.0898,0.2397,0.149,0,0,0,0,0
C06172,39080.39,19025.54,31618.35,21611.75,81,230.6,114576.33,0,0,60,0.2768,0.1874,0.0819,0,1,0,0,0
C06173,26205.75,13753.19,26464.82,13145.05,65,146.23,34673.13,0,1,29,0.271,0.3771,0.1111,0,0,0,0,0
C06174,97189.06,67408.36,100551.83,72578.27,67,1128.32,182936.48,1,1,53,0.5205,0.2801,0.2092,1,1,0,0,0
C06175,50228.76,28355.63,50851.46,28765.97,62,431.4,53474.53,2,1,38,0.4735,0.191,0.2432,0,0,0,0,0
C06176,31853.73,13353.89,24349.35,13568.3,66,198.68,44751.81,1,2,13,0.2022,0.1984,0.1483,0,0,0,0,0
C06177,45697.04,31619.54,56494.68,37526.85,74,610.8,127147.31,3,0,45,0.3268,0.2833,0.1729,0,1,0,0,0
C06178,13920.3,9027.6,12217.18,11184.84,64,160.19,42359.42,0,1,21,0.5635,0.2274,0.1992,0,2,0,0,0
C06179,27616.96,21462.72,26286.39,16492.79,68,248.27,48294.93,0,0,53,0.3752,0.3266,0.2322,0,0,0,0,0
C06180,45744.07,26908.32,41105.07,27430.11,74,289.64,84739.88,0,1,8,0.4593,0.3475,0.1383,0,0,0,0,0
C06181,65839.27,42432.75,79394.5,42988.94,60,842.27,161194.02,0,1,14,0.2073,0.2188,0.0479,0,2,0,0,0
C06182,18785.23,10626.78,20674.47,12639.24,63,199.4,21318.48,1,2,34,0.3222,0.3213,0.2132,0,0,0,0,0
C06183,37907.26,24880.47,37649.9,21794.17,65,300.3,102242.95,0,1,9,0.0644,0.3697,0.2176,0,0,0,0,0
C06184,70882.32,38719.66,69802.17,27103.76,78,334.38,235400.17,2,1,42,0.3713,0.1305,0.2394,0,0,0,0,0
C06185,23418.08,9649.08,25093.67,11082.09,65,143.89,17926.37,2,0,30,0.3889,0.3011,0.0834,0,1,1,0,0
C06186,49888.71,39612.01,44920.47,46169.86,82,584.14,70370.04,1,0,39,0.4377,0.3799,0.1251,0,0,0,0,0
C06187,46356.01,31251.54,50791.76,26123.77,70,311.74,29560.81,0,0,46,0.3867,0.3574,0.1964,0,0,0,0,0
C06188,97332.57,60724.0,95791.07,62853.7,63,913.05,54729.6,0,0,27,0.4746,0.4306,0.0488,0,0,0,0,0
C06189,40572.93,22990.22,45131.58,28361.24,68,313.64,87028.56,1,1,8,0.3066,0.1751,0.0939,0,0,1,0,0
C06190,41655.87,27915.39,46166.64,25699.88,73,309.85,46771.41,0,0,48,0.5767,0.26,0.2292,0,0,0,0,0
C06191,66114.92,26911.99,64711.07,28583.93,67,396.34,70191.89,0,0,55,0.6207,0.2821,0.2482,0,0,0,0,0
C06192,24774.27,12306.64,19910.45,13672.13,78,204.54,37198.97,2,1,25,0.3152,0.1537,0.1938,1,1,0,0,0
C06193,40742.23,16546.02,41572.59,14538.72,67,236.34,101068.54,2,0,58,0.3818,0.1703,0.2384,0,0,0,0,0
C06194,36656.33,14908.54,32113.27,14645.24,77,146.61,42968.04,1,2,45,0.5478,0.3493,0.2027,0,0,1,0,0
C06195,42273.15,15201.7,44785.71,12877.35,75,182.2,82506.68,2,0,60,0.4194,0.3882,0.176,0,0,0,0,0
C06196,65920.23,45494.98,67186.65,46871.49,57,794.0,188663.05,1,1,49,0.121,0.1356,0.1845,0,0,0,0,0
C06197,57744.91,26117.38,56557.71,24944.21,69,343.22,25156.22,0,1,39,0.3403,0.1825,0.0702,0,2,0,0,0
C06198,32128.88,23274.28,28740.33,25018.04,64,298.04,25744.45,0,1,44,0.1377,0.352,0.228,0,0,0,0,0
C06199,47855.07,36226.08,57063.09,40797.05,60,714.48,92982.46,1,1,45,0.2969,0.1102,0.0917,0,0,0,0,0
C06200,88002.15,37476.13,87611.25,45594.79,67,547.68,97259.09,1,2,3,0.6056,0.2124,0.2134,0,0,0,1,0
C06201,30955.41,20708.83,41245.06,27540.12,86,277.81,102290.63,0,1,24,0.1892,0.3923,0.1803,0,1,1,0,0
C06202,48037.77,26763.65,50641.01,28768.88,68,504.18,20816.18,3,2,24,0.1843,0.3688,0.0445,0,1,0,0,0
C06203,41253.67,31498.52,45056.88,31876.87,62,377.59,53037.36,1,1,56,0.1303,0.2364,0.1913,0,0,0,0,0
C06204,43742.07,24844.96,46135.0,24970.18,74,394.05,9516.86,1,0,7,0.1364,0.1671,0.1635,0,0,0,0,0
C06205,21603.74,11244.6,23569.44,10504.89,66,148.63,4710.67,0,1,9,0.0956,0.2994,0.1329,0,1,0,0,0
C06206,84902.69,40970.16,100280.48,45221.98,77,511.38,35979.97,0,1,30,0.617,0.2078,0.2084,0,0,0,0,0
C06207,31759.89,24030.47,37556.3,23804.95,63,378.86,49240.14,0,2,22,0.1777,0.2896,0.1464,0,1,0,0,0
C06208,71406.93,32260.27,59839.51,35878.78,76,405.72,92883.51,1,0,21,0.5798,0.1526,0.228,0,0,0,1,0
C06209,34023.21,24580.81,39217.19,23057.7,73,380.87,54314.7,1,0,57,0.3061,0.168,0.1418,0,0,0,0,0
C06210,33960.07,14853.6,37684.02,14765.53,63,170.36,47781.77,0,0,12,0.0779,0.3379,0.0989,0,1,0,0,0
C06211,77677.68,49677.1,81896.13,54738.32,69,874.57,34769.16,3,2,33,0.1366,0.3058,0.0246,0,1,0,1,0
C06212,70380.1,38918.76,88362.65,40281.35,72,662.11,154811.94,1,1,52,0.3829,0.245,0.1346,0,1,0,0,0
C06213,49430.23,19627.45,62298.5,16085.9,75,177.75,63435.38,2,1,44,0.4648,0.4178,0.1744,0,0,0,0,0
C06214,63382.02,25775.56,73431.34,27017.34,69,455.23,124804.35,0,1,36,0.3,0.2553,0.1332,0,0,0,0,0
C06215,39520.27,18838.49,38918.61,17967.91,60,290.67,112387.16,1,0,33,0.6472,0.1645,0.2283,0,1,0,0,0
C06216,44830.87,31157.16,40657.21,37132.21,86,558.46,143688.0,0,3,44,0.0928,0.3935,0.1794,0,0,0,0,0
C06217,33412.55,22654.48,38107.95,26427.2,89,274.99,102941.45,2,1,3,0.5589,0.4323,0.0647,0,2,0,1,0
C06218,67592.14,29896.28,81999.0,23200.96,66,313.98,95194.52,0,0,52,0.545,0.401,0.0713,0,1,0,0,0
C06219,32937.98,18586.61,26566.49,21303.59,67,392.93,25769.67,0,1,17,0.081,0.3672,0.0861,0,1,0,0,0
C06220,87793.09,34559.24,103627.05,37901.67,56,741.65,179634.79,1,0,49,0.2738,0.4271,0.1062,0,1,0,0,0
C06221,39038.06,26240.44,39796.03,22879.43,73,364.54,120149.05,1,3,15,0.1897,0.1972,0.1,0,0,0,0,0
C06222,45417.22,32109.34,37828.9,37099.09,74,476.02,129843.14,1,1,54,0.3881,0.1536,0.0892,0,1,0,1,0
C06223,63312.96,47616.44,70044.87,42684.04,77,551.77,108058.53,1,1,13,0.3564,0.3607,0.1486,0,1,0,0,0
C06224,45485.86,34050.06,52723.86,40432.59,72,724.06,125420.6,0,2,37,0.5614,0.3962,0.1081,0,3,0,0,0
C06225,39354.24,19757.86,39662.71,19213.67,62,317.39,31959.42,0,0,28,0.6057,0.4458,0.245,0,1,0,0,0
C06226,44396.11,20623.78,40982.83,17898.02,68,302.16,12613.64,0,0,60,0.3489,0.2526,0.1249,0,1,0,0,0
C06227,67281.19,50694.04,84468.24,66129.85,72,1182.68,216268.01,0,1,47,0.4753,0.2207,0.0598,0,1,0,0,0
C06228,33394.09,13882.03,32384.37,12000.19,84,162.28,111309.09,1,1,7,0.4711,0.3361,0.1791,1,1,0,0,0
C06229,42514.95,16015.59,50556.09,15267.29,79,218.15,110403.92,2,0,30,0.6278,0.1609,0.1514,0,0,0,0,0
C06230,45208.79,22216.02,39260.85,21700.82,76,219.69,59373.38,0,0,12,0.0583,0.1009,0.0225,0,0,0,0,0
C06231,66401.91,45959.09,73036.83,45743.99,89,425.08,31663.47,2,3,51,0.1388,0.283,0.1494,0,0,0,1,0
C06232,43022.88,28497.92,47174.63,32312.48,68,555.58,13547.1,1,1,43,0.3174,0.3224,0.1368,0,0,0,0,0
C06233,101534.34,80636.02,117252.86,85228.2,55,1998.44,28449.6,1,1,19,0.6469,0.2764,0.1003,0,1,0,0,0
C06234,41939.17,21464.05,51549.86,25124.02,74,326.02,49000.72,1,0,48,0.0581,0.1669,0.2288,0,0,0,0,0
C06235,40435.37,19171.67,38509.21,20985.89,70,346.84,44048.85,0,0,23,0.4208,0.3223,0.2399,0,1,0,0,0
C06236,41666.52,21674.65,46353.72,18406.98,88,147.81,43828.41,0,1,44,0.3222,0.1848,0.1044,0,0,0,0,0
C06237,24882.73,17468.06,22046.39,19494.05,66,228.75,77697.33,2,1,50,0.0524,0.2435,0.1606,0,1,0,0,0
C06238,28222.95,12599.71,24967.44,13583.2,86,118.02,21798.54,1,0,16,0.2734,0.2068,0.1066,0,0,0,0,0
C06239,35440.75,27519.27,34753.2,26832.51,67,305.83,20894.29,1,0,45,0.6206,0.1479,0.1154,0,0,0,1,0
C06240,75022.34,43561.51,82458.5,56579.74,74,561.69,115175.24,0,2,5,0.091,0.3955,0.2297,0,0,1,0,0
C06241,44334.17,31141.0,55471.99,34971.4,91,274.72,122932.8,0,0,5,0.3795,0.3128,0.109,0,1,0,0,0
C06242,36182.39,26133.38,46062.84,30393.31,70,478.65,63641.09,0,1,22,0.4377,0.3269,0.1767,0,1,0,0,0
C06243,78147.9,44190.04,78727.21,51578.12,73,681.05,187339.0,3,0,31,0.5894,0.4369,0.0474,0,1,1,0,0
C06244,90440.5,61826.68,98278.45,61801.55,78,812.37,212809.07,0,0,21,0.2078,0.1166,0.0631,0,1,0,0,0
C06245,79168.98,40701.76,92086.25,45830.43,65,637.71,55744.9,0,0,6,0.4175,0.1791,0.2034,0,0,0,0,0
C06246,30654.27,21915.28,35002.45,23842.14,77,291.26,81093.36,1,1,42,0.403,0.1726,0.1533,0,0,0,1,0
C06247,36010.14,25954.54,37078.39,25517.38,70,290.11,21524.89,1,0,47,0.5544,0.3951,0.0921,0,1,0,0,0
C06248,101783.06,61557.65,107801.76,55611.8,71,850.13,259768.55,1,0,51,0.5031,0.3201,0.1202,0,0,0,0,0
C06249,50157.87,22479.08,52002.59,23668.39,55,335.68,162876.38,0,0,30,0.3922,0.2375,0.1737,0,0,0,0,0
C06250,39894.17,31380.77,40891.33,35160.01,60,720.02,23222.11,1,2,59,0.4775,0.1648,0.1944,1,1,0,0,0
C06251,62172.89,48254.93,62734.36,50761.73,75,588.48,38376.4,0,1,40,0.5783,0.3944,0.2082,0,0,0,0,0
C06252,70806.24,44531.4,73329.84,45783.74,75,522.92,245044.63,2,2,42,0.0669,0.3967,0.1212,0,0,1,0,0
C06253,34796.27,27584.62,34841.59,29054.41,81,293.48,118509.52,0,1,25,0.2008,0.2711,0.1824,0,0,0,0,0
C06254,49670.46,28623.02,45386.38,29068.46,56,396.8,89733.85,0,0,57,0.1833,0.4214,0.0297,0,0,0,0,0
C06255,68279.84,35435.05,78761.45,43794.83,63,591.25,47533.48,0,1,4,0.4418,0.301,0.1234,0,1,0,0,0
C06256,26696.52,14876.01,29685.22,16102.22,71,294.51,61572.34,0,0,37,0.2981,0.2885,0.1756,1,0,0,0,0
C06257,45250.69,16772.54,57703.29,16632.06,66,180.05,87700.91,4,0,11,0.2717,0.1793,0.1342,1,2,0,0,0
C06258,27253.64,16273.28,29824.81,13556.24,65,207.68,40426.78,0,1,15,0.4567,0.1275,0.1702,0,0,0,0,0
C06259,28906.06,18783.29,28905.04,19277.95,68,258.73,75509.49,0,1,16,0.4821,0.2641,0.2021,0,1,0,0,0
C06260,34927.25,13945.89,34048.06,13677.87,60,266.03,34526.37,2,0,60,0.4386,0.2898,0.2006,0,1,0,0,0
C06261,55777.26,25937.48,58883.16,25323.4,61,443.85,154379.06,1,0,5,0.6248,0.295,0.1267,0,1,0,1,0
C06262,38929.5,26259.23,43458.75,30542.46,74,296.32,91249.4,0,0,17,0.4969,0.3694,0.0363,1,0,0,0,0
C06263,33611.7,23767.36,34305.27,25183.14,71,265.37,19625.09,0,2,21,0.5135,0.286,0.1564,0,1,0,0,0
C06264,46056.18,36552.04,40233.26,31000.02,76,446.57,74142.94,0,1,13,0.2427,0.4016,0.2491,0,2,0,0,0
C06265,26857.07,12460.36,25818.21,14008.68,72,216.76,51276.25,0,2,20,0.6217,0.1566,0.2391,0,0,0,1,0
C06266,54577.62,39767.86,57424.55,34206.55,71,521.53,97065.92,0,0,34,0.2219,0.3507,0.184,0,3,0,0,0
C06267,74872.49,32003.97,85267.34,36266.85,91,435.66,130715.83,0,0,48,0.546,0.2737,0.0417,0,0,0,0,0
C06268,43424.36,17756.02,37853.07,17631.57,72,294.17,122019.88,0,0,37,0.3824,0.415,0.233,1,1,0,0,0
C06269,41077.91,27856.64,44438.49,29539.98,68,403.82,81541.95,0,3,19,0.294,0.2553,0.172,0,0,0,0,0
C06270,53234.71,29313.3,57308.99,30691.35,67,408.22,50065.93,0,0,46,0.1681,0.3593,0.1246,0,0,0,0,0
C06271,18062.74,12775.15,17987.07,13186.83,79,199.05,38549.11,0,0,54,0.2741,0.2528,0.1909,0,0,0,0,0
C06272,57295.97,27339.01,56125.38,29393.34,70,377.95,66628.65,1,0,11,0.2665,0.3928,0.0215,0,1,1,0,0
C06273,181728.01,81039.29,174757.13,85887.55,78,1404.26,153471.42,0,2,17,0.5294,0.3583,0.1015,0,1,0,0,0
C06274,42583.13,25420.4,45431.8,32394.93,66,555.8,148293.39,0,1,12,0.4915,0.3483,0.0603,0,0,0,0,0
C06275,42651.23,17141.09,50551.02,18458.79,68,304.37,97613.62,0,0,25,0.1319,0.2455,0.2028,0,2,0,0,0
C06276,62883.62,29897.21,75066.32,32278.89,74,542.81,81248.63,0,1,26,0.5771,0.1066,0.1597,0,0,0,0,0
C06277,94354.8,40082.55,86346.19,38673.95,71,631.84,103340.23,0,1,14,0.5826,0.3917,0.1853,0,0,0,0,0
C06278,69783.53,34474.55,71706.95,37774.02,74,370.46,109354.89,0,2,27,0.1541,0.3162,0.1352,0,0,0,0,0
C06279,17058.34,11846.58,13421.14,10983.79,71,150.81,46939.47,0,0,43,0.5595,0.3109,0.0483,0,1,0,0,0
C06280,57985.44,23445.49,61644.45,27853.6,73,353.61,157617.43,1,0,48,0.2578,0.1792,0.0542,1,0,0,0,0
C06281,143169.76,89529.92,160596.06,78059.19,67,1112.88,294636.46,0,0,15,0.3342,0.2053,0.1108,0,0,0,0,0
C06282,59546.7,36510.75,73749.51,34639.97,64,470.31,173184.8,1,1,40,0.5122,0.4009,0.1483,0,0,0,0,0
C06283,26764.91,15849.08,22365.43,13543.1,76,148.41,52015.39,2,1,20,0.5724,0.4421,0.047,0,1,0,1,0
C06284,51084.74,29011.61,46968.99,31923.13,63,519.77,144524.23,1,1,11,0.2891,0.2092,0.0221,0,2,0,0,0
C06285,25288.59,16405.65,26990.42,16391.46,62,302.91,71955.62,0,1,47,0.248,0.4376,0.117,1,0,0,0,0
C06286,78368.66,57468.9,67067.38,65072.68,66,799.11,161175.91,0,0,20,0.3488,0.2542,0.1132,0,1,0,0,0
C06287,29268.6,12378.17,31336.88,11547.96,77,129.82,23540.46,2,1,35,0.1627,0.126,0.205,0,0,0,0,0
C06288,46528.83,33331.35,52333.78,37123.69,79,516.38,122144.97,1,1,60,0.4828,0.3327,0.0323,0,2,0,0,0
C06289,30589.64,11552.61,27415.83,12934.07,80,177.99,90288.21,0,2,27,0.6323,0.2205,0.1196,0,0,0,0,0
C06290,35189.96,19951.16,37509.34,21455.79,68,237.17,68753.94,1,0,44,0.05,0.1085,0.1686,0,0,0,0,0
C06291,87832.38,50956.79,79447.44,53693.42,72,556.71,222819.33,2,1,57,0.3003,0.2011,0.2371,0,0,0,0,0
C06292,47144.54,20692.38,57283.03,22067.68,73,301.82,85480.98,0,1,33,0.238,0.1586,0.0541,0,0,0,0,0
C06293,34988.57,13657.89,37605.63,12848.21,81,190.66,7747.64,0,1,24,0.569,0.3474,0.2411,0,3,0,0,0
C06294,26878.05,10313.37,26157.51,9498.28,79,100.17,74663.69,1,0,53,0.4634,0.3978,0.1079,0,1,0,0,0
C06295,19383.01,7108.82,17472.29,7928.22,74,139.17,32769.32,0,0,41,0.3915,0.4249,0.0445,0,0,0,0,0
C06296,25625.46,15583.27,28103.38,15672.99,72,282.86,86650.08,1,1,41,0.5351,0.3015,0.1767,0,0,1,1,0
C06297,47325.26,19874.88,57403.28,21949.96,77,302.68,13919.07,1,0,45,0.1805,0.2194,0.092,0,0,0,0,0
C06298,69949.09,49937.85,66970.62,61729.11,73,1079.3,214504.46,3,1,17,0.1075,0.2823,0.1912,0,0,0,0,0
C06299,34970.48,26386.23,34874.06,26258.02,73,336.58,22775.95,0,0,55,0.236,0.2053,0.1771,0,0,0,0,0
C06300,91232.13,43935.9,87559.41,42968.84,69,623.37,42448.48,0,0,59,0.4684,0.2526,0.2164,1,0,0,0,0
C06301,32582.89,13815.47,40293.93,13968.63,81,193.48,50123.59,2,0,24,0.3129,0.4443,0.1369,0,0,0,0,0
C06302,40429.4,21602.45,33191.05,22783.6,70,241.64,32302.1,1,1,49,0.4242,0.4087,0.1458,0,1,1,1,0
C06303,27683.95,20671.79,33338.99,23228.82,67,402.65,65430.33,1,0,22,0.2013,0.2159,0.0654,0,1,0,0,0
C06304,70281.27,37243.35,70614.13,38978.65,71,692.84,154686.26,0,0,40,0.0859,0.1115,0.1992,0,2,0,0,0
C06305,115646.98,46114.39,120435.48,59922.22,66,946.15,342360.52,3,1,7,0.1729,0.174,0.1807,0,0,0,0,0
C06306,20365.55,16151.93,20551.36,17775.23,59,250.49,61208.71,1,1,41,0.6435,0.3554,0.2026,0,1,0,1,0
C06307,38508.91,22137.0,41541.56,25318.06,73,269.87,44854.97,1,0,13,0.3904,0.1188,0.0999,0,1,0,0,0
C06308,79504.48,40075.6,76517.04,41902.12,66,527.37,218624.08,0,1,22,0.4501,0.244,0.054,0,0,0,0,0
C06309,23465.63,17649.19,27619.19,20674.61,73,232.47,77534.03,1,3,22,0.4327,0.2424,0.1141,0,0,0,1,0
C06310,58071.22,44559.88,68633.2,45690.24,73,761.15,73044.46,0,0,35,0.0923,0.3093,0.0311,0,0,0,0,0
C06311,77970.07,44720.67,72667.39,43499.49,81,420.06,107731.94,0,0,21,0.1194,0.2624,0.1501,0,0,0,0,0
C06312,46612.35,22747.87,52676.43,26356.62,75,450.54,32827.58,1,0,5,0.6048,0.1426,0.1886,0,1,0,0,0
C06313,57643.69,32694.65,58059.92,34104.62,87,457.57,200968.92,1,0,6,0.4312,0.1144,0.2273,0,0,0,0,0
C06314,99391.7,44594.76,104977.11,48137.0,72,761.81,332698.63,3,0,37,0.5866,0.2157,0.1808,0,0,0,0,0
C06315,108143.0,61123.2,133342.28,71381.25,60,1273.44,274580.36,0,3,9,0.5076,0.3057,0.0285,1,0,0,0,0
C06316,43762.5,19835.09,42410.93,21157.65,66,233.03,12183.26,1,0,12,0.6484,0.42,0.0587,0,0,0,0,0
C06317,35413.48,22310.18,41121.63,23026.12,68,383.06,67030.18,0,0,19,0.2562,0.3376,0.1319,1,2,0,0,0
C06318,29745.31,20582.27,32864.25,20289.02,73,258.35,91618.42,0,2,8,0.2163,0.4063,0.2102,0,0,0,1,0
C06319,69846.25,54916.09,71712.3,64658.3,68,736.13,34479.35,0,0,20,0.293,0.1823,0.186,0,0,0,0,0
C06320,24272.97,17698.8,26556.78,17857.96,82,261.16,38517.14,1,0,49,0.3462,0.1708,0.1513,0,1,0,0,0
C06321,40165.33,15614.7,43370.9,16299.69,70,209.58,20336.98,1,1,4,0.2879,0.3217,0.225,0,0,0,0,0
C06322,47128.26,20980.81,42933.73,22752.2,68,355.15,148736.45,0,0,37,0.2869,0.1202,0.1902,0,0,0,0,0
C06323,35884.71,21145.47,35066.29,22920.3,75,242.61,82339.09,0,0,37,0.4022,0.4327,0.0649,0,1,0,0,0
C06324,51038.57,23779.68,47188.72,27861.32,63,343.51,114664.88,4,1,32,0.1982,0.3905,0.0932,1,1,0,0,0
C06325,142692.72,50864.87,145090.77,52981.95,75,683.76,177700.63,1,0,17,0.4242,0.3067,0.229,0,0,0,0,0
C06326,42603.79,29381.95,51610.41,35703.96,67,386.77,65852.78,1,0,40,0.2981,0.2823,0.1566,0,0,0,0,0
C06327,36993.05,18903.35,41421.98,19284.24,68,303.07,99787.31,1,0,27,0.3179,0.2321,0.1405,0,0,1,0,0
C06328,71062.64,26985.69,62399.35,29535.6,57,387.21,35071.85,1,0,52,0.4721,0.2032,0.0532,0,1,0,0,0
C06329,50122.76,29019.89,50984.66,29830.91,70,431.97,125349.84,1,0,45,0.5766,0.2046,0.1206,0,0,0,0,0
C06330,86001.4,67919.08,92712.52,88374.74,78,1038.21,158234.63,1,0,42,0.5462,0.2583,0.1008,0,0,0,0,0
C06331,48461.61,31758.95,55211.86,32010.59,67,427.22,76391.83,0,0,16,0.5256,0.2304,0.2233,1,1,0,0,0
C06332,40240.42,16959.12,39109.99,17277.54,64,313.56,92161.61,3,0,13,0.4575,0.2811,0.1461,0,1,0,0,0
C06333,20165.76,11725.04,18179.6,12472.73,66,186.06,5200.34,0,0,42,0.4449,0.2152,0.2225,0,1,0,0,0
C06334,21710.19,16408.02,22648.92,16703.16,73,186.74,42405.53,0,0,28,0.2084,0.4346,0.1295,0,4,0,0,0
C06335,19699.6,7375.72,22029.73,8022.85,64,116.88,40828.72,0,1,51,0.5213,0.2057,0.0481,0,1,0,0,0
C06336,53376.21,34003.42,57549.24,40718.77,67,566.23,30368.46,1,0,30,0.1599,0.1932,0.2353,0,2,0,0,0
C06337,24377.25,16444.23,23008.19,17557.12,58,307.98,14295.08,0,0,59,0.269,0.3459,0.138,0,0,0,0,0
C06338,79175.93,52794.93,99805.55,56602.09,64,962.19,116419.3,1,0,14,0.6,0.1332,0.1744,1,0,1,0,1
C06339,45616.68,19048.46,47356.6,19477.09,68,253.14,147929.53,2,0,35,0.0631,0.3723,0.0755,0,1,0,0,0
C06340,40317.21,30571.54,43270.25,30247.22,71,378.53,89172.45,0,1,49,0.3644,0.4366,0.0767,0,0,0,0,0
C06341,30781.93,15237.73,29875.83,16176.13,80,237.9,62959.53,0,0,25,0.1798,0.2415,0.219,0,1,0,0,0
C06342,59541.82,22226.0,70424.93,23357.57,68,277.61,203284.31,0,0,4,0.1919,0.2147,0.0556,0,0,0,0,0
C06343,31331.95,12139.55,35048.6,14455.67,66,239.3,61979.95,2,1,23,0.2271,0.3527,0.1208,0,2,0,0,0
C06344,28882.69,16056.17,31417.42,15011.08,81,239.6,8264.86,0,0,35,0.5178,0.1811,0.2312,0,0,0,0,0
C06345,76816.54,28267.86,70041.43,34615.25,91,444.78,227481.79,1,0,23,0.0918,0.1917,0.1919,0,0,1,0,0
C06346,52785.79,36992.21,62354.99,38190.1,74,443.92,177200.37,0,0,55,0.5082,0.4428,0.1664,0,1,0,0,0
C06347,40485.51,29943.92,46187.02,31974.84,71,324.35,137750.25,3,0,19,0.3445,0.271,0.0771,0,1,0,0,0
C06348,60057.79,21381.65,70375.24,19718.58,73,235.91,53887.39,2,1,38,0.194,0.197,0.082,0,0,0,0,0
C06349,45181.23,32282.27,47641.06,36073.25,68,372.37,90039.72,0,1,34,0.3903,0.1792,0.0815,0,1,1,0,0
C06350,53464.53,42319.47,55657.46,39557.82,82,507.15,82393.39,0,0,6,0.1682,0.3569,0.0952,1,1,0,0,0
C06351,31158.31,11331.21,32035.38,12405.48,75,161.32,51578.97,0,1,15,0.5681,0.3568,0.0668,0,0,0,0,0
C06352,114244.61,77256.23,151200.43,83674.99,66,1344.72,143930.08,1,1,33,0.5118,0.1523,0.0532,0,0,0,0,0
C06353,34668.57,27720.72,34145.3,28023.58,67,491.36,10108.44,1,1,13,0.2359,0.2793,0.2468,0,0,0,0,0
C06354,90637.66,64235.22,82267.33,51527.38,66,654.99,78287.89,1,2,50,0.1259,0.4425,0.2318,0,0,0,0,0
C06355,41333.43,23866.36,41548.74,31247.63,61,472.98,20290.37,1,1,7,0.6205,0.3428,0.025,0,1,0,1,0
C06356,64706.15,48411.22,63801.86,44707.62,75,582.21,116679.46,2,1,57,0.5776,0.3828,0.0969,0,2,0,1,0
C06357,62618.64,41864.92,75216.36,45328.39,69,763.01,50263.64,0,2,44,0.3268,0.2984,0.2196,0,0,0,0,0
C06358,75395.36,36310.65,66896.87,34946.22,67,507.59,139872.2,1,1,15,0.4723,0.1396,0.062,1,2,0,0,0
C06359,30826.72,13901.12,30291.72,16344.39,77,175.47,26526.01,0,0,35,0.4738,0.1343,0.1318,0,1,0,0,0
C06360,73017.45,42397.21,78337.7,42586.38,73,721.94,178845.86,1,0,41,0.2335,0.3322,0.1436,0,0,0,0,0
C06361,103292.05,53489.35,124177.2,51337.1,76,498.26,333950.08,1,1,39,0.3453,0.3638,0.08,0,0,0,0,0
C06362,40054.89,19957.77,45485.36,22381.02,66,367.47,85105.31,1,3,58,0.1271,0.394,0.1791,0,0,0,0,0
C06363,45708.31,19657.6,56874.04,17640.04,61,255.43,24811.44,1,0,51,0.5386,0.3663,0.0471,0,2,0,0,0
C06364,35556.09,25969.41,38809.3,25979.97,80,322.36,25613.39,0,1,54,0.2139,0.4492,0.2459,0,0,0,0,0
C06365,38504.16,25692.15,39488.54,29104.82,56,665.3,111645.23,2,0,45,0.4711,0.2117,0.1125,0,0,0,0,0
C06366,97203.11,48513.56,112042.8,59711.51,80,788.53,152913.42,1,2,57,0.3398,0.3451,0.0795,0,0,0,1,0
C06367,28638.64,13086.43,25372.14,12229.41,73,184.87,70129.35,1,0,29,0.2922,0.1139,0.1902,0,0,0,0,0
C06368,29450.44,12005.83,24880.14,11725.05,78,164.0,71661.11,0,1,14,0.1007,0.1627,0.2108,0,1,0,0,0
C06369,92904.11,37220.25,108433.19,40654.06,73,629.98,83921.08,1,1,14,0.1384,0.1415,0.2049,0,0,0,0,0
C06370,59603.2,37637.35,64089.42,30497.89,67,439.9,69468.62,0,0,5,0.512,0.2034,0.1982,0,1,0,0,0
C06371,116842.76,46616.49,136201.32,56541.84,82,489.79,300859.96,0,0,6,0.6029,0.2597,0.1651,0,1,0,0,0
C06372,36743.64,28737.04,34822.51,26727.18,66,499.67,8791.56,1,1,53,0.6496,0.2094,0.215,0,0,0,0,0
C06373,47631.25,22653.94,57356.31,22597.55,65,360.47,86495.48,0,0,33,0.2429,0.3332,0.0443,0,1,0,0,0
C06374,33426.8,12087.54,37787.09,13070.27,74,220.43,21536.4,0,1,6,0.0605,0.1157,0.0822,0,0,0,0,0
C06375,47997.46,35273.25,50218.09,37253.79,65,654.45,90577.15,0,0,12,0.2362,0.4124,0.1663,0,3,0,0,0
C06376,20253.32,10438.85,21769.93,9753.71,70,160.51,36675.61,0,0,6,0.3625,0.4057,0.0627,0,0,0,0,0
C06377,61245.6,30888.28,66857.62,38813.44,81,523.04,124148.97,1,0,39,0.6412,0.4366,0.2449,0,0,1,0,0
C06378,52051.09,20996.33,49302.39,15557.95,76,261.41,71021.12,1,0,18,0.2243,0.4249,0.236,0,0,0,0,0
C06379,43849.48,28378.94,44016.03,25976.92,72,424.5,41943.39,1,1,26,0.3702,0.4416,0.0472,0,0,0,1,0
C06380,37750.49,19307.75,41138.02,18797.78,61,296.23,66116.04,1,0,24,0.6096,0.2675,0.0435,0,2,0,0,0
C06381,30084.89,21671.58,30054.33,20285.37,71,246.87,52287.57,1,0,16,0.0616,0.4183,0.1423,0,0,0,0,0
C06382,62435.45,39570.23,54547.97,47339.71,74,599.52,108683.7,1,2,50,0.0642,0.1951,0.2101,0,0,1,0,0
C06383,26567.06,19817.98,28835.53,16865.07,80,170.56,52099.51,1,2,38,0.2405,0.2725,0.1777,0,0,0,0,0
C06384,56657.01,35702.56,65173.92,44160.33,64,581.61,101715.08,0,0,36,0.4512,0.1498,0.0927,0,0,0,0,0
C06385,114453.16,80194.49,134851.47,81527.64,78,833.53,151881.84,0,2,43,0.1976,0.3518,0.086,0,0,0,0,0
C06386,87807.52,58255.26,97806.8,51654.17,80,474.07,100503.3,0,2,51,0.4647,0.4186,0.2118,0,1,0,0,0
C06387,22859.23,12759.26,26246.89,10180.5,74,128.75,59948.18,0,2,25,0.4929,0.3377,0.1244,0,1,0,0,0
C06388,35344.06,23323.66,41299.57,23887.73,95,290.57,70427.61,0,0,26,0.1082,0.2611,0.1644,0,0,0,0,0
C06389,54397.34,35283.62,57637.18,34075.64,73,346.15,30578.5,2,0,24,0.4816,0.4341,0.2361,0,2,0,0,0
C06390,43599.06,15391.19,34693.08,16597.55,50,360.19,38464.88,1,1,48,0.1771,0.1638,0.1408,0,1,0,0,0
C06391,23973.04,15927.38,28508.11,15862.58,74,276.07,41745.23,0,2,22,0.6215,0.447,0.1727,0,0,0,0,0
C06392,53519.96,25045.83,50458.71,29170.79,67,423.45,16326.73,0,0,40,0.4358,0.1359,0.1928,0,0,0,0,0
C06393,44797.61,26601.73,40958.22,27476.96,59,403.3,27568.24,2,1,9,0.5364,0.2226,0.242,0,1,0,0,0
C06394,106496.16,42609.07,97719.93,42572.04,70,652.76,69083.39,0,2,53,0.0837,0.1551,0.1492,0,1,0,0,0
C06395,40153.5,14469.72,54132.91,16883.13,77,243.44,123076.11,1,2,50,0.1128,0.2856,0.2361,0,0,0,0,0
C06396,76116.42,27158.63,83946.19,29260.18,79,324.44,111042.93,0,0,8,0.4238,0.2518,0.0656,0,1,0,0,0
C06397,25443.82,10716.62,23535.68,12248.62,76,151.41,77427.05,0,1,15,0.215,0.3883,0.2179,0,0,0,0,0
C06398,28333.88,10170.49,27426.91,12080.91,81,188.47,39888.87,4,0,11,0.5261,0.3219,0.0275,0,0,0,1,0
C06399,62265.68,25502.7,65373.55,25878.72,73,360.17,157732.62,1,1,16,0.0675,0.3821,0.0791,0,1,0,0,0
C06400,73283.93,44089.67,81718.06,46496.52,71,846.18,140897.86,2,1,26,0.3183,0.1687,0.0554,0,1,0,0,0
C06401,29248.72,15505.41,31691.43,17850.71,84,213.64,27946.28,2,0,13,0.486,0.2145,0.1231,0,0,0,0,0
C06402,45490.22,35998.08,42695.63,27211.71,77,282.13,144557.54,0,1,49,0.4551,0.142,0.1881,0,1,0,0,0
C06403,24166.13,17252.5,26294.14,17904.43,51,414.02,74681.26,3,1,48,0.4424,0.1654,0.031,0,1,1,0,0
C06404,41475.94,17256.03,40507.79,17653.19,60,357.56,110724.44,2,2,8,0.4033,0.1623,0.1432,0,0,0,1,0
C06405,65580.46,35253.12,77098.34,38598.16,56,495.07,156805.73,0,0,29,0.159,0.2728,0.2446,0,2,0,0,0
C06406,37000.49,20125.93,39100.48,19197.46,72,224.01,61504.88,1,0,11,0.6302,0.2793,0.2108,0,1,0,0,0
C06407,40229.35,20635.75,38575.12,24380.18,54,438.03,25720.5,2,0,3,0.3766,0.3057,0.1811,0,0,0,0,0
C06408,27065.36,15508.87,30656.24,14911.29,82,227.7,42965.01,2,0,4,0.0941,0.1831,0.028,0,0,0,0,0
C06409,33612.61,21896.72,36839.06,21785.44,67,400.15,87199.36,0,2,16,0.1279,0.3245,0.169,1,1,0,0,0
C06410,99266.92,63372.04,98573.65,61488.04,66,1017.54,176992.52,1,0,11,0.2571,0.3752,0.1958,0,1,0,0,0
C06411,46501.23,23747.93,52900.31,28440.18,76,433.4,160098.67,0,1,18,0.4845,0.3404,0.1319,0,1,0,0,0
C06412,28663.48,19126.3,32260.58,15295.89,80,150.43,65272.58,2,1,42,0.0597,0.1853,0.1155,0,2,0,0,0
C06413,39056.73,18757.71,46642.27,23717.73,71,347.59,28605.98,1,0,13,0.1656,0.2045,0.1599,0,0,0,0,0
C06414,21929.22,15919.75,24894.42,19530.42,65,351.38,10047.3,1,1,35,0.1939,0.2062,0.2152,0,1,0,0,0
C06415,28511.02,22351.71,29204.59,21954.21,62,297.9,25919.85,1,0,27,0.1832,0.1497,0.1675,0,0,0,0,0
C06416,82997.91,40057.4,70310.55,46996.58,65,560.51,164697.97,0,2,13,0.5894,0.3873,0.2205,0,0,0,0,0
C06417,42205.28,29674.95,45260.84,31621.95,75,446.89,143101.61,1,0,54,0.594,0.4319,0.0346,0,0,0,0,0
C06418,105371.38,75450.29,114961.92,94188.33,73,1615.21,364671.76,1,1,35,0.2595,0.1352,0.2252,0,1,0,0,0
C06419,43110.04,24609.09,45530.4,28646.91,71,518.15,117242.89,3,1,3,0.5193,0.2285,0.129,0,1,0,1,0
C06420,44277.3,17245.4,30994.11,22646.27,81,267.18,44246.3,0,2,15,0.1917,0.3802,0.1699,1,0,0,0,0
C06421,60043.23,42257.34,67936.49,36448.75,70,510.49,208708.96,2,0,12,0.101,0.1742,0.1985,0,0,0,0,0
C06422,13517.67,7209.86,12714.1,7735.9,69,120.61,44574.02,0,1,25,0.1803,0.2524,0.1059,0,0,1,0,0
C06423,49347.41,21892.09,55875.41,18457.39,67,199.06,116004.31,1,0,22,0.2286,0.1046,0.1468,0,2,0,0,0
C06424,44018.88,27819.6,55203.29,27478.94,72,391.39,11091.19,0,0,47,0.1937,0.4475,0.2242,0,0,0,0,0
C06425,87827.97,48008.71,89555.04,63369.5,72,947.57,90025.04,0,4,28,0.1199,0.2171,0.1035,1,0,0,0,0
C06426,69461.19,27048.72,76589.17,29920.86,65,356.75,125220.78,1,1,43,0.2416,0.2955,0.0597,0,0,0,0,0
C06427,27017.94,21415.87,28475.11,25016.84,61,491.1,31944.61,0,1,13,0.6409,0.1869,0.1725,0,1,0,0,0
C06428,78698.56,36209.04,87597.01,40252.6,77,533.87,174883.36,3,0,8,0.213,0.1716,0.1641,0,1,0,0,0
C06429,39989.66,23191.38,42485.55,25604.56,72,434.24,83284.92,0,0,31,0.4343,0.3098,0.18,0,0,0,0,0
C06430,29953.87,19478.39,29593.3,19231.37,80,248.25,103128.78,0,0,56,0.5277,0.3041,0.106,0,0,1,0,0
C06431,49173.7,19757.51,46292.46,19065.27,73,231.11,80786.8,1,0,25,0.1926,0.3814,0.0542,0,0,0,0,0
C06432,41075.68,28043.79,50969.0,27597.92,69,369.88,12212.72,1,4,22,0.5477,0.2629,0.0863,0,1,0,1,0
C06433,89924.63,57707.33,99153.27,41685.05,72,737.05,32879.88,1,2,56,0.5253,0.1415,0.2035,0,0,0,1,0
C06434,52454.3,30013.77,60304.71,31218.98,68,445.63,37864.1,0,1,57,0.2524,0.3062,0.1482,0,0,0,0,0
C06435,49363.39,29013.26,54195.45,31298.98,63,499.32,50789.32,0,2,4,0.591,0.3355,0.1269,0,0,0,1,0
C06436,67488.26,52617.75,78765.02,51338.8,63,941.3,162725.6,2,0,4,0.3531,0.1008,0.1876,0,1,0,0,0
C06437,73585.99,55918.29,69353.62,57837.31,67,1026.47,179295.17,1,0,56,0.3766,0.2933,0.1111,0,1,0,0,0
C06438,64025.71,25635.42,67866.09,28532.37,75,476.36,190928.62,1,2,35,0.6118,0.3272,0.0205,0,1,0,0,0
C06439,85235.76,43976.4,94667.81,50844.47,68,834.2,18401.47,1,0,44,0.0662,0.2468,0.172,0,1,1,0,0
C06440,59179.17,34474.65,71318.02,31243.1,66,416.0,144319.95,1,1,17,0.5489,0.3757,0.228,0,0,0,0,0
C06441,48526.29,37073.56,66518.34,35391.41,78,358.3,99608.36,0,0,12,0.0986,0.1942,0.0962,0,0,0,0,0
C06442,78593.57,56387.23,86366.65,64301.47,69,909.06,82278.75,1,1,24,0.0716,0.147,0.0293,0,2,0,0,0
C06443,43196.49,22631.38,41929.45,25362.56,66,290.76,93996.26,0,1,30,0.4375,0.409,0.0581,0,0,0,0,0
C06444,45678.3,34203.67,41408.42,41431.86,77,671.74,31221.23,1,3,36,0.1075,0.1875,0.0493,0,0,0,1,0
C06445,97648.29,50793.81,91928.27,61275.16,42,1878.99,26150.2,1,2,54,0.4495,0.2543,0.1291,0,1,0,0,0
C06446,93366.1,44072.24,89361.23,59047.31,77,776.58,164540.36,0,1,17,0.1482,0.2828,0.1674,0,0,0,0,0
C06447,44834.74,27997.13,31468.17,28413.4,73,281.51,103302.08,0,1,16,0.1139,0.2433,0.2424,0,1,0,0,0
C06448,36692.2,18718.74,35551.86,23200.52,63,323.18,74073.97,0,1,18,0.3629,0.2273,0.2367,0,0,0,0,0
C06449,86928.9,54772.46,98752.0,51464.11,74,648.89,243896.05,0,0,33,0.5751,0.3005,0.1179,1,1,0,0,0
C06450,64511.97,34472.48,68321.27,46099.57,79,545.26,63057.44,0,0,29,0.1106,0.388,0.2222,0,0,0,0,0
C06451,51866.55,36726.5,52850.2,40566.76,72,632.08,68930.2,2,2,52,0.1441,0.2142,0.0655,0,0,0,0,0
C06452,38932.13,30345.25,33301.2,33836.24,70,623.01,83411.66,0,1,58,0.2991,0.2468,0.1449,0,1,0,0,0
C06453,52244.05,24640.34,61441.57,28799.41,72,285.88,77297.41,1,1,8,0.2399,0.3071,0.1259,0,1,0,0,0
C06454,44562.54,25824.2,49527.6,22915.27,58,505.45,123063.54,3,1,28,0.3668,0.1572,0.1062,0,1,0,0,0
C06455,33371.77,22559.14,34988.57,20777.63,81,320.69,8039.4,1,0,40,0.0625,0.3331,0.1652,0,1,0,0,0
C06456,47690.47,20093.6,37470.29,21377.19,81,320.31,130721.26,1,3,50,0.6259,0.3337,0.1363,0,0,0,1,0
C06457,50708.99,35909.97,50258.06,39195.24,67,562.63,146250.16,1,2,13,0.1562,0.2139,0.1249,0,1,0,0,0
C06458,38005.65,23272.28,41883.98,30251.78,75,377.12,95490.33,1,2,51,0.5329,0.2726,0.1175,0,0,0,1,0
C06459,67584.86,28208.79,70732.42,26406.14,61,427.56,136100.48,2,0,6,0.6193,0.2768,0.2055,0,1,0,1,0
C06460,80369.69,59530.09,86239.29,73509.14,83,967.26,80894.17,2,0,26,0.1886,0.1299,0.0652,0,0,0,0,0
C06461,69624.5,37737.56,78832.58,38421.72,67,491.91,47482.28,1,0,49,0.4094,0.1009,0.1312,0,2,0,0,0
C06462,39739.7,17067.36,42464.6,17348.23,60,271.82,124952.85,0,1,50,0.5778,0.1692,0.2126,0,1,0,0,0
C06463,63230.21,27690.3,71321.21,28530.39,48,758.29,221237.3,1,3,39,0.6257,0.4403,0.0863,0,0,0,1,0
C06464,46606.74,32786.81,44219.27,33225.06,64,386.3,34684.87,0,0,18,0.4092,0.2754,0.0995,0,0,0,0,0
C06465,25805.22,19897.69,23309.01,22054.29,66,274.49,37705.67,1,0,52,0.3452,0.3104,0.0927,0,0,0,0,0
C06466,60909.59,31685.93,67444.18,31768.53,74,311.19,58174.23,0,3,18,0.4234,0.1586,0.1192,0,1,0,0,0
C06467,48058.63,18525.29,54397.04,16316.06,74,232.82,42124.6,1,0,59,0.425,0.1162,0.1675,0,0,0,0,0
C06468,144569.32,57158.43,160801.1,58179.44,79,745.14,364350.82,0,1,33,0.6323,0.2816,0.1751,0,0,0,0,0
C06469,86698.31,55878.39,92402.22,61734.26,57,800.64,285082.33,3,1,12,0.1862,0.1077,0.2423,0,0,0,0,0
C06470,61971.84,32029.42,62660.66,28241.0,69,399.94,93860.8,0,1,32,0.6499,0.4345,0.1684,0,0,0,0,0
C06471,50339.46,27271.86,54130.94,30539.57,65,383.96,149739.33,1,2,17,0.3089,0.3696,0.0925,0,0,0,0,0
C06472,48440.56,24301.24,53067.41,28958.87,77,409.05,149469.52,3,0,15,0.3031,0.3637,0.0964,1,1,0,1,0
C06473,28645.67,16027.03,31588.03,19674.65,73,319.37,70769.7,2,1,4,0.5329,0.3035,0.1111,0,2,0,0,0
C06474,20575.85,13160.26,28041.94,14351.52,80,137.1,57014.16,0,0,29,0.3029,0.3453,0.1535,1,0,0,0,0
C06475,30386.88,18035.0,28548.58,15031.12,70,247.58,15065.44,0,1,37,0.4259,0.2823,0.2147,0,2,0,0,0
C06476,44044.03,18670.65,63296.52,21055.16,56,362.66,123792.94,1,2,20,0.0679,0.1339,0.0283,0,1,0,0,0
C06477,17447.04,9963.65,15688.05,11618.22,78,150.12,12109.05,0,2,24,0.3397,0.3155,0.2489,0,3,0,0,0
C06478,35223.65,19629.29,38614.99,18970.06,64,287.41,91242.48,2,0,20,0.212,0.3923,0.1871,0,1,0,0,0
C06479,40255.1,23975.2,36496.03,24964.85,66,427.43,135027.57,0,2,10,0.5099,0.2756,0.2035,0,0,0,0,0
C06480,40842.39,16328.85,44385.44,18092.89,76,268.37,46525.12,0,0,40,0.0899,0.3585,0.1354,0,0,0,0,0
C06481,33411.06,14002.15,39019.26,17705.31,72,258.75,59615.41,0,0,17,0.3624,0.1678,0.0813,0,0,0,0,0
C06482,38589.54,22714.18,40669.9,23152.52,54,358.32,67752.75,0,1,27,0.4586,0.3627,0.2333,0,1,0,0,0
C06483,97750.15,46328.27,114051.91,53599.52,64,777.24,80705.96,0,1,39,0.3117,0.2535,0.1311,0,0,0,0,0
C06484,60620.18,38376.47,60569.15,41751.9,59,841.04,15896.55,0,0,58,0.4084,0.2994,0.1596,0,2,0,0,0
C06485,34971.28,18105.96,28117.48,19444.56,65,265.58,95041.17,0,0,19,0.4726,0.1741,0.0281,0,1,0,0,0
C06486,43637.02,19607.45,49100.6,23718.28,79,375.54,137030.74,0,0,14,0.1797,0.3821,0.0887,0,0,0,0,0
C06487,44430.29,28674.32,46815.16,27247.18,64,371.57,48231.33,2,0,24,0.1045,0.2648,0.0829,0,1,0,0,0
C06488,31851.44,16793.94,31610.84,18097.97,73,255.41,77047.83,2,2,34,0.4182,0.2221,0.0694,0,0,0,1,0
C06489,31834.6,13400.0,31857.93,14113.71,80,188.21,70666.37,3,1,6,0.2736,0.1391,0.1027,0,1,0,1,0
C06490,70909.07,50626.52,77914.16,44003.04,75,470.08,90123.28,1,0,20,0.432,0.4396,0.0602,0,3,0,0,0
C06491,37254.01,20277.04,35475.35,24290.06,78,310.01,41036.32,0,1,14,0.561,0.1253,0.2208,1,1,0,0,0
C06492,27496.24,20946.13,30109.19,24077.2,75,275.02,84464.07,1,1,29,0.3967,0.2259,0.2072,0,0,0,0,0
C06493,44134.83,19288.26,52636.81,20331.09,63,272.19,66709.51,0,1,30,0.4983,0.167,0.2381,0,3,0,0,0
C06494,47454.29,35322.96,61558.1,35981.19,63,566.9,165634.62,0,1,42,0.3077,0.3504,0.0753,0,0,1,0,0
C06495,18521.75,13283.05,22569.55,13947.55,68,180.25,54550.2,1,2,32,0.6196,0.171,0.2249,0,1,0,1,0
C06496,44182.4,17529.9,47249.08,19894.42,70,300.09,130488.44,2,0,30,0.2019,0.3214,0.0931,0,0,0,0,0
C06497,66503.43,39187.58,71884.87,41395.7,74,629.53,61086.77,0,1,16,0.5527,0.3191,0.1751,1,0,0,0,0
C06498,55131.2,35513.16,55239.81,34444.21,87,450.11,86500.72,2,1,24,0.5404,0.2979,0.038,0,1,0,1,0
C06499,122740.24,70326.11,122018.87,69478.71,62,924.95,73932.79,1,1,51,0.3451,0.1484,0.2337,0,1,0,0,0
C06500,79016.9,41532.74,91236.38,43548.95,60,654.65,113934.87,3,1,36,0.0595,0.1353,0.0232,1,0,0,0,0
C06501,86373.66,66916.18,87505.05,62773.32,89,904.17,301731.97,0,1,59,0.2016,0.3033,0.2158,0,0,1,0,0
C06502,158650.1,105560.92,173552.42,115061.28,67,2145.74,362804.26,1,1,8,0.5583,0.2572,0.2241,0,0,0,1,0
C06503,63296.68,49665.19,59150.67,47422.22,68,873.27,82761.52,0,0,47,0.3424,0.2193,0.1947,0,0,1,0,0
C06504,48426.35,35390.15,58810.78,33106.76,56,629.65,56363.95,1,1,15,0.3203,0.1776,0.113,0,1,0,0,0
C06505,69744.99,50056.62,70533.47,71739.94,69,1076.65,63137.11,2,1,3,0.4952,0.1972,0.0751,0,1,0,1,0
C06506,34988.03,23670.61,41305.39,30364.24,76,407.27,19757.29,1,2,44,0.1976,0.2118,0.0687,0,1,0,0,0
C06507,47234.35,30264.73,45606.71,32300.74,61,602.66,35854.51,0,2,29,0.525,0.2871,0.1388,0,0,0,0,0
C06508,33622.15,25185.95,32250.19,29017.28,75,281.59,47369.72,2,0,31,0.4511,0.2483,0.1869,0,2,0,0,0
C06509,53825.94,33696.89,65095.15,39510.07,67,469.6,86893.0,1,0,13,0.087,0.2773,0.2332,1,1,0,0,1
C06510,33558.94,12882.6,32715.91,13410.1,69,167.62,49041.19,0,0,54,0.4137,0.2307,0.0621,0,1,0,0,0
C06511,33034.24,20222.03,28470.63,21919.28,79,301.41,23217.27,2,0,43,0.3416,0.4242,0.2349,1,1,0,0,0
C06512,54202.42,21479.11,50148.46,21877.32,68,276.25,60929.93,0,2,37,0.3485,0.119,0.1414,0,1,0,0,0
C06513,42295.99,32871.83,48759.03,39468.57,71,435.96,70453.66,0,1,8,0.1417,0.1279,0.1397,1,0,0,0,0
C06514,18902.19,12116.33,21572.59,14567.85,77,143.47,9027.46,0,2,23,0.5371,0.2719,0.1474,1,2,0,1,0
C06515,23374.88,14025.88,22404.82,17356.05,73,294.27,8545.42,1,1,11,0.4358,0.214,0.0258,0,0,0,0,0
C06516,26853.4,11789.17,26160.42,12754.93,58,243.09,75727.43,0,1,37,0.4906,0.3668,0.2377,0,0,0,0,0
C06517,30244.83,17605.37,34199.7,23065.44,76,289.14,25988.79,2,1,7,0.5702,0.2496,0.1283,0,2,0,1,0
C06518,54225.59,27337.23,65499.66,28453.63,87,248.23,65103.94,0,0,33,0.5433,0.225,0.059,0,2,1,0,0
C06519,49659.26,32473.37,51732.24,42073.53,71,640.95,26357.23,0,1,33,0.5354,0.4046,0.1606,0,2,0,0,0
C06520,72677.96,45204.56,81145.57,44951.6,72,669.51,58802.06,1,0,55,0.132,0.2821,0.0876,0,2,0,0,0
C06521,63144.35,36288.31,72919.85,32452.9,69,331.29,186940.77,0,0,10,0.0709,0.435,0.1356,0,0,0,0,0
C06522,72894.91,33803.81,95372.81,43719.71,67,582.56,236857.82,0,1,60,0.0747,0.129,0.14,0,1,0,0,0
C06523,59171.55,34709.11,53923.86,39195.09,59,770.43,92305.36,4,0,42,0.2141,0.2199,0.1985,0,1,0,0,0
C06524,49452.78,27582.96,47956.99,30680.38,76,491.97,44600.44,0,2,36,0.2375,0.1847,0.1104,0,0,0,0,0
C06525,73800.89,54101.19,73005.55,54465.93,78,595.1,184028.42,2,2,8,0.4954,0.2748,0.1165,0,2,0,1,0
C06526,68060.58,51212.31,78222.23,48579.08,66,712.36,59424.61,3,1,4,0.1782,0.1451,0.1073,0,0,0,1,0
C06527,53298.35,36864.45,54352.05,35388.76,85,484.53,130442.21,1,0,25,0.577,0.4354,0.1615,0,1,0,0,0
C06528,79729.91,39373.66,86703.85,41996.96,67,663.1,196381.47,2,0,52,0.6113,0.3028,0.2258,0,0,0,0,0
C06529,15659.19,5749.12,16671.1,5932.95,79,100.0,44464.34,2,0,53,0.2165,0.1036,0.0737,0,1,0,0,0
C06530,39486.31,30262.36,41468.86,24728.29,82,386.89,41038.29,1,0,36,0.1543,0.1774,0.0724,0,2,1,0,0
C06531,39214.9,31230.96,41681.03,39140.24,73,539.49,49338.4,2,0,21,0.3093,0.1741,0.1476,0,0,0,0,0
C06532,75593.46,30778.58,88715.59,30767.34,64,517.1,77948.02,0,0,55,0.0914,0.1109,0.1001,0,1,0,0,0
C06533,91267.09,60101.86,85200.54,72038.64,68,1061.7,210792.69,1,0,34,0.6078,0.3338,0.0427,0,1,0,0,0
C06534,23431.51,12683.85,24185.66,12244.0,71,134.02,80156.36,3,1,13,0.0615,0.1102,0.2355,0,0,0,0,0
C06535,84918.14,35396.78,76780.15,37824.33,77,504.74,134667.27,1,2,35,0.6346,0.2893,0.0864,0,0,0,0,0
C06536,26562.81,21227.55,28613.11,24765.71,60,358.28,34824.0,0,3,46,0.1354,0.241,0.1322,0,0,0,0,0
C06537,26926.63,20732.24,27641.17,23844.59,72,236.59,56928.75,1,2,37,0.274,0.1266,0.163,0,0,0,0,0
C06538,40497.24,32080.86,47718.27,32653.34,67,388.51,55350.17,0,1,52,0.1285,0.355,0.194,0,1,0,0,0
C06539,38996.41,16173.89,40923.66,17971.06,62,363.96,22191.16,0,0,19,0.1078,0.165,0.0642,0,0,0,0,0
C06540,22317.58,12751.51,22244.81,14423.4,67,254.1,40922.46,0,0,36,0.4054,0.3881,0.243,0,1,0,0,0
C06541,60286.46,45401.64,61515.99,46865.77,76,439.84,128642.93,0,1,13,0.1672,0.1069,0.1538,1,1,0,0,0
C06542,61092.77,39943.76,76782.06,36602.61,65,600.13,99396.68,0,0,3,0.5004,0.3873,0.0339,1,1,0,0,0
C06543,72311.36,39450.97,62302.77,38466.74,81,500.12,196944.85,1,0,51,0.4416,0.1332,0.1121,0,0,0,0,0
C06544,37025.53,21567.83,36088.71,21664.72,80,266.07,90219.55,1,0,59,0.3871,0.4129,0.0241,0,1,1,0,0
C06545,44205.55,16239.82,46606.83,17102.6,72,186.8,75880.4,1,1,58,0.5094,0.2011,0.0719,0,1,0,0,0
C06546,44388.05,27750.64,43217.48,34440.92,64,678.81,147942.2,1,0,46,0.1811,0.3982,0.1177,0,0,0,0,0
C06547,96183.75,70875.11,106656.41,82137.02,64,1298.85,205536.03,1,1,56,0.6281,0.1975,0.1774,1,1,0,0,0
C06548,12569.24,5000.0,13112.5,4760.36,79,100.0,17446.46,0,0,6,0.5058,0.4251,0.2492,0,1,0,0,0
C06549,29254.62,12344.98,31616.0,15682.85,81,234.22,42055.4,1,3,6,0.3196,0.2641,0.0567,0,1,0,0,0
C06550,45112.34,26304.81,48005.82,27371.21,63,555.12,12270.3,0,0,17,0.4748,0.2043,0.1316,0,0,0,0,0
C06551,27609.39,16632.83,28648.46,18806.32,69,208.67,66711.42,0,2,15,0.4224,0.125,0.1806,0,1,0,0,0
C06552,40061.6,20211.42,35859.19,18944.6,71,248.29,106513.42,0,0,30,0.2615,0.243,0.1137,0,0,0,0,0
C06553,42518.04,15415.79,45542.4,15349.99,81,192.4,39795.23,0,0,41,0.2746,0.2079,0.1623,0,1,0,0,0
C06554,33471.81,22915.48,28062.47,26915.43,60,469.63,91562.23,1,0,20,0.1987,0.2219,0.064,0,2,0,0,0
C06555,46324.62,21277.65,44905.45,20097.49,71,352.74,112842.37,2,0,12,0.2222,0.4449,0.0693,0,0,0,0,0
C06556,59699.86,38211.48,66189.51,40375.03,71,562.3,22682.04,0,1,36,0.4266,0.1497,0.1752,0,0,0,0,0
C06557,40461.16,24342.08,48260.56,26934.74,70,446.27,43567.07,0,1,52,0.3192,0.2311,0.1658,0,0,0,0,0
C06558,36698.1,19959.26,48879.29,18507.17,72,249.3,128437.2,0,0,57,0.6049,0.1472,0.0786,0,0,0,0,0
C06559,41765.4,25712.05,41707.33,21513.17,53,377.69,9449.67,0,0,51,0.1079,0.3991,0.137,1,1,0,0,0
C06560,44849.67,29724.9,42436.08,34447.77,75,393.16,145171.06,1,0,42,0.3319,0.1863,0.1528,0,0,0,0,0
C06561,20563.52,12492.54,22880.5,17409.68,69,222.58,59574.83,0,2,13,0.2317,0.3941,0.1914,0,0,0,0,0
C06562,55387.93,33281.86,70586.17,36778.58,72,552.59,144059.92,0,1,11,0.3337,0.1589,0.0255,0,1,0,0,0
C06563,36734.34,20065.58,45327.58,22635.77,68,244.09,74817.54,1,1,46,0.438,0.3609,0.1476,0,0,1,0,0
C06564,79388.48,43148.87,73497.1,40728.71,71,509.04,82380.3,0,0,18,0.2932,0.3507,0.0468,0,0,0,0,0
C06565,58711.55,33520.46,60657.19,41108.19,60,756.98,43432.2,0,0,22,0.3297,0.199,0.0798,0,0,0,0,0
C06566,76187.12,42164.62,87770.92,42366.51,74,431.53,29615.88,1,0,33,0.4723,0.3715,0.0329,0,0,0,0,0
C06567,28551.54,15633.71,33130.21,18598.58,89,214.05,58617.33,0,1,45,0.3203,0.4216,0.1848,0,1,0,0,0
C06568,38074.26,16930.35,42682.14,19010.68,51,363.63,118233.2,0,0,56,0.1965,0.1177,0.0341,0,1,0,0,0
C06569,25727.39,17396.27,25628.34,19584.78,90,160.83,18090.02,2,1,38,0.6483,0.1259,0.0694,0,0,0,0,0
C06570,32763.87,13427.57,36694.09,15054.95,65,172.75,32485.11,3,2,32,0.6324,0.2979,0.0325,0,1,1,1,0
C06571,79052.32,59994.36,91821.02,67036.03,60,1184.85,54679.92,1,4,14,0.5259,0.1243,0.2288,1,3,0,1,1
C06572,87885.36,55471.55,82450.32,60131.54,78,783.88,198235.93,0,0,42,0.2314,0.1485,0.0962,0,1,0,0,0
C06573,26842.93,9985.71,32469.97,11646.45,77,171.28,72913.98,2,0,43,0.1262,0.2491,0.2222,0,2,0,0,0
C06574,36614.25,23672.92,42803.35,22794.05,72,340.19,108936.01,0,1,34,0.5201,0.2679,0.1417,0,0,0,0,0
C06575,43483.19,22293.02,41785.81,22768.79,70,323.73,42655.87,1,0,22,0.5527,0.3884,0.1425,0,0,0,0,0
C06576,58567.8,45003.16,67996.58,55181.55,61,867.62,147125.61,2,2,58,0.3757,0.1316,0.0415,0,0,0,0,0
C06577,20383.95,15720.8,23392.08,16833.02,69,217.37,34364.84,1,1,31,0.0691,0.3032,0.0235,0,0,0,0,0
C06578,21874.3,15982.85,25202.22,16156.86,82,142.67,75801.5,0,0,50,0.0739,0.1371,0.1573,0,0,0,0,0
C06579,56092.06,33965.54,69504.61,39881.8,69,431.72,141311.48,0,1,18,0.0856,0.1978,0.0705,0,0,0,0,0
C06580,18720.05,14295.19,19632.55,16446.5,81,212.55,10085.07,2,1,32,0.5504,0.3714,0.0631,0,1,0,0,0
C06581,36803.89,23643.33,40108.24,21137.65,94,235.62,44318.66,0,1,4,0.3444,0.3473,0.1434,0,0,0,0,0
C06582,48405.03,36004.05,35497.96,40957.92,61,488.21,117876.23,0,0,57,0.5733,0.2248,0.0889,0,2,0,0,0
C06583,54255.92,22897.3,64233.52,24419.52,81,289.69,135875.64,1,1,26,0.4811,0.4316,0.1391,0,1,0,0,0
C06584,42219.8,31955.37,49496.4,36283.03,71,648.85,63073.03,1,0,48,0.4263,0.2287,0.1549,0,2,1,0,0
C06585,38170.84,24723.86,46290.7,25991.81,61,346.34,45113.83,2,2,4,0.0981,0.2854,0.0369,0,0,0,1,0
C06586,65806.55,32013.13,61700.11,35397.43,75,547.9,68699.77,0,0,40,0.4773,0.4081,0.2486,0,1,0,0,0
C06587,51162.41,40879.59,59627.0,33941.51,72,473.71,64802.38,1,0,14,0.0786,0.2883,0.025,1,2,0,0,0
C06588,33632.91,22167.38,39426.17,20895.14,76,320.77,16417.21,0,3,16,0.1691,0.1823,0.0565,0,1,0,0,0
C06589,45770.41,34730.0,44483.8,39550.95,65,525.16,64225.42,0,1,55,0.0778,0.1146,0.2088,0,3,0,0,0
C06590,53468.28,18848.29,62916.96,25719.85,66,502.97,39431.35,1,0,36,0.5047,0.2691,0.0281,0,1,0,0,0
C06591,97501.64,58359.83,107794.39,63849.92,58,1008.38,90409.46,1,0,53,0.4636,0.182,0.1783,0,1,0,0,0
C06592,64104.09,42990.75,54247.35,41566.18,71,629.98,61639.65,3,1,15,0.6031,0.104,0.2216,0,0,0,1,0
C06593,77727.81,27685.21,87065.85,29519.34,63,520.17,59727.68,2,1,32,0.5592,0.3018,0.1484,0,0,0,0,0
C06594,34188.49,23697.81,32750.36,22342.04,67,365.59,63544.29,3,2,5,0.1142,0.1531,0.1629,0,2,0,1,0
C06595,35544.31,22860.39,30173.15,27431.98,66,423.04,84869.24,2,0,35,0.4906,0.3128,0.2125,0,0,0,0,0
C06596,40477.31,19171.75,44281.62,20240.95,72,310.9,124311.11,0,0,21,0.6178,0.4137,0.0526,0,0,0,0,0
C06597,42184.58,27842.89,43963.1,32753.96,63,575.84,81340.86,1,2,34,0.0507,0.1852,0.1923,1,0,0,0,0
C06598,28589.84,11690.54,34835.5,12059.79,71,194.08,10681.97,0,1,54,0.129,0.4361,0.1382,0,0,0,0,0
C06599,79545.77,57337.93,85257.66,68062.14,69,1120.29,102270.1,0,0,49,0.4755,0.2212,0.0613,0,1,0,0,0
C06600,66965.04,49540.83,76569.32,42365.76,75,623.57,130590.58,0,0,20,0.573,0.1095,0.1891,0,1,1,0,0
C06601,39216.89,22293.41,43572.2,23473.57,64,457.15,100609.43,1,0,34,0.3811,0.2263,0.0806,0,0,0,0,0
C06602,60065.3,34738.7,70427.46,38724.99,83,578.06,57133.54,1,1,5,0.4509,0.3552,0.0346,0,1,0,0,0
C06603,49747.84,26412.35,46943.61,26882.43,73,267.19,134036.69,0,1,35,0.24,0.2263,0.2064,0,1,0,0,0
C06604,62214.31,31443.13,66807.25,34371.78,73,606.75,163326.94,2,2,47,0.1747,0.177,0.1531,1,0,0,0,0
C06605,24574.87,18254.32,25388.58,19917.38,75,312.43,65631.74,0,2,34,0.0862,0.1662,0.1746,0,1,0,0,0
C06606,42144.96,20532.72,47558.14,24143.61,58,439.62,100958.91,0,2,55,0.3396,0.1717,0.156,0,0,1,0,0
C06607,43839.93,23291.39,47377.71,26193.11,71,392.9,42376.42,0,0,31,0.2592,0.3752,0.0275,0,1,0,0,0
C06608,59578.9,28893.52,58167.8,31700.57,60,493.07,127191.7,1,0,55,0.2195,0.1558,0.0612,0,0,0,0,0
C06609,33915.28,21893.01,34235.71,25298.16,82,295.63,37704.07,3,0,35,0.5428,0.3252,0.1656,0,1,0,1,0
C06610,14609.82,10466.45,18230.43,9290.37,65,132.56,47095.44,0,0,30,0.2279,0.3092,0.1822,0,0,0,0,0
C06611,27657.52,11725.44,23417.01,11253.03,77,185.53,10287.37,0,0,56,0.2489,0.3021,0.0876,0,3,0,0,0
C06612,43780.6,20341.96,49696.4,17977.59,66,288.41,106559.81,0,2,5,0.4611,0.3105,0.0662,0,0,1,0,0
C06613,46312.43,18379.02,55527.38,20507.9,78,209.11,142383.89,0,0,20,0.0687,0.1873,0.0909,0,0,0,0,0
C06614,96000.09,40519.99,107468.31,44558.11,58,892.88,125300.71,0,1,5,0.2718,0.2854,0.0906,1,1,0,0,0
C06615,58492.49,31182.16,75251.82,37924.84,76,557.2,60634.41,1,1,57,0.2738,0.1727,0.1522,0,0,0,0,0
C06616,46681.65,32637.21,54273.11,35646.36,65,592.27,26554.35,2,2,52,0.3764,0.146,0.1909,0,0,0,0,0
C06617,44348.83,26331.15,48610.53,25651.69,63,349.54,84707.77,1,1,35,0.445,0.3493,0.1829,1,1,0,0,0
C06618,73961.52,27659.71,73517.2,29487.47,77,410.22,60886.09,3,0,54,0.2666,0.2638,0.059,0,1,0,0,0
C06619,34505.29,21782.81,37897.86,17969.72,72,296.95,73980.49,2,1,24,0.6419,0.2733,0.2168,0,2,0,0,0
C06620,42247.06,29906.14,47815.3,29936.43,70,342.27,88256.79,1,1,34,0.3983,0.1028,0.1583,0,1,0,0,0
C06621,27563.61,14527.69,28953.37,11162.32,55,208.72,17307.36,1,2,9,0.1531,0.4002,0.0789,0,1,0,0,0
C06622,85214.38,39220.4,81879.16,42727.59,64,551.04,211568.94,1,0,23,0.0941,0.1091,0.1454,1,2,0,0,0
C06623,53693.23,37250.86,48618.86,37864.91,62,629.91,173282.24,2,1,59,0.3458,0.1673,0.0671,0,1,0,0,0
C06624,32729.51,11807.42,35094.17,12210.38,69,192.05,107110.14,0,2,42,0.4297,0.3177,0.0919,0,1,0,0,0
C06625,42740.96,30645.95,37285.59,28752.33,63,541.49,29558.93,1,3,28,0.0737,0.2599,0.1834,0,1,0,0,0
C06626,56599.79,40294.34,56227.08,39074.93,75,520.51,165078.37,1,1,56,0.4288,0.2794,0.0639,0,0,0,0,0
C06627,40198.87,30132.82,30478.43,34143.92,74,580.56,107225.53,0,1,48,0.184,0.3716,0.1664,0,1,1,0,0
C06628,35380.14,13807.67,40685.83,12118.6,50,302.19,119315.78,0,0,52,0.301,0.2953,0.1736,0,1,0,0,0
C06629,33523.25,13358.73,39841.9,14837.3,72,245.25,33960.68,2,2,40,0.4975,0.3096,0.2426,0,0,0,1,0
C06630,52415.13,38930.75,55532.46,37087.51,70,547.36,110148.63,0,1,48,0.3109,0.372,0.2324,0,0,0,0,0
C06631,38303.38,21598.06,48636.67,18321.19,69,216.04,75402.42,1,0,9,0.0979,0.3999,0.1572,0,1,0,0,0
C06632,36688.8,19318.57,44455.32,23127.45,64,394.07,107649.41,2,1,21,0.231,0.3729,0.1728,0,1,0,0,0
C06633,24666.22,14996.62,27319.67,18138.44,68,299.71,11095.07,1,0,11,0.1589,0.1493,0.236,0,0,0,0,0
C06634,46600.01,17538.49,48296.92,17280.04,76,226.64,89669.02,0,0,11,0.051,0.1933,0.1098,0,0,0,0,0
C06635,41475.88,26530.97,41810.68,26108.78,73,457.86,69941.4,0,0,46,0.2201,0.2538,0.245,0,0,0,0,0
C06636,38936.06,30186.64,43511.0,30787.2,79,295.49,134232.71,1,1,54,0.61,0.4285,0.0515,0,0,1,0,0
C06637,49210.61,32187.38,50837.16,30667.88,71,523.74,143178.94,0,1,34,0.1892,0.2361,0.1385,0,1,0,0,0
C06638,63008.11,35224.11,70303.67,34306.11,65,655.66,211282.4,1,1,32,0.2328,0.1805,0.2424,0,0,0,0,0
C06639,61705.12,48277.87,69399.41,53299.12,65,883.04,153910.15,0,1,21,0.6072,0.4456,0.1546,0,2,0,0,0
C06640,57707.68,38077.4,59003.25,49457.49,75,812.86,57026.36,3,0,14,0.4342,0.3911,0.1804,0,1,0,1,0
C06641,40381.06,15168.43,47709.99,15281.2,71,178.05,96458.36,1,2,15,0.4932,0.3358,0.0466,0,1,0,0,0
C06642,34866.04,22715.95,35653.1,26640.65,76,317.99,103004.51,0,2,55,0.5587,0.1896,0.2345,0,0,0,0,0
C06643,28131.8,10601.84,29610.42,11580.88,65,144.11,33016.79,1,1,55,0.361,0.3587,0.2128,0,0,0,0,0
C06644,34458.03,16824.25,32138.9,14289.37,58,218.81,73211.04,1,1,46,0.279,0.4131,0.0769,0,1,0,0,0
C06645,45399.68,28468.21,46195.35,29808.14,80,297.79,24306.91,1,0,14,0.1975,0.43,0.247,0,0,0,0,0
C06646,31589.78,14121.49,41350.51,14573.29,63,184.67,21585.58,0,0,3,0.1052,0.3545,0.1361,1,0,0,0,0
C06647,46987.81,17253.23,44260.34,21148.05,69,220.21,71155.01,0,0,56,0.5894,0.3006,0.1898,0,2,0,0,0
C06648,29142.77,18303.97,32130.65,22525.2,56,461.29,55735.62,0,0,50,0.146,0.445,0.177,0,0,0,0,0
C06649,21310.85,10200.13,21214.12,11171.35,81,121.54,34392.56,0,0,43,0.6092,0.3775,0.1654,0,1,0,0,0
C06650,65065.55,38377.87,51032.98,45888.84,75,652.63,20989.47,0,1,50,0.3199,0.1992,0.206,1,1,0,0,0
C06651,36349.34,16993.88,40604.99,17545.11,63,310.99,104018.06,0,0,20,0.4005,0.4002,0.0406,0,1,0,0,0
C06652,30876.56,20344.35,30359.84,24094.28,64,415.13,36363.53,1,0,20,0.2367,0.3719,0.1618,0,0,1,0,0
C06653,27506.75,20714.38,29935.18,21999.52,67,413.21,88417.78,4,2,37,0.053,0.3574,0.1312,0,0,0,0,0
C06654,54436.16,21173.17,63623.15,25020.78,64,442.5,53551.31,1,1,25,0.4108,0.3223,0.2411,0,0,0,0,0
C06655,83543.79,58801.75,90072.89,70205.13,65,1155.2,199885.51,0,0,42,0.6219,0.4288,0.0434,0,1,0,0,0
C06656,37535.2,15773.9,40890.7,17918.74,65,214.86,64116.02,0,1,22,0.1507,0.2493,0.158,1,1,0,0,0
C06657,40839.88,20347.83,38628.28,19554.46,70,199.11,10933.46,1,1,23,0.3984,0.3838,0.0459,1,0,0,0,0
C06658,72886.02,37231.23,82712.44,37213.9,77,548.59,161142.54,3,0,8,0.3286,0.4157,0.2309,0,0,0,1,0
C06659,19924.73,8823.46,20467.44,10061.13,80,153.49,6068.09,0,0,41,0.5295,0.3291,0.2442,1,0,0,0,0
C06660,109044.21,41857.21,88346.37,48437.81,78,657.81,41189.01,1,1,31,0.5284,0.1791,0.229,0,0,0,0,0
C06661,135166.54,94051.43,155342.76,100541.62,61,2133.48,322062.72,0,1,29,0.3886,0.4032,0.1896,0,1,0,0,0
C06662,13313.93,9414.71,15789.76,9532.63,81,145.08,24510.43,1,1,24,0.4741,0.4151,0.2085,0,0,0,1,0
C06663,43068.25,34393.23,52876.38,36902.78,63,739.99,134008.88,1,1,15,0.2215,0.3425,0.181,0,1,0,1,0
C06664,32561.69,25091.12,42672.05,25507.2,66,440.0,55189.78,0,3,49,0.0673,0.4456,0.2297,0,1,0,0,0
C06665,39945.47,21793.81,45650.64,22169.77,69,410.67,138102.15,0,0,54,0.4771,0.2195,0.1215,0,1,1,0,0
C06666,37277.47,15284.68,41440.5,19643.93,62,335.93,9995.91,1,1,43,0.0526,0.2306,0.0778,0,1,0,0,0
C06667,64842.04,23006.93,76577.52,22844.53,83,270.09,210250.3,0,0,14,0.6145,0.4401,0.1549,0,0,0,0,0
C06668,42777.23,25203.61,40362.91,27999.57,76,268.01,39542.2,0,0,17,0.1033,0.4252,0.151,0,0,0,0,0
C06669,29867.0,22019.59,25367.95,23524.65,69,427.22,24643.61,1,0,46,0.3159,0.2564,0.1362,1,1,0,0,0
C06670,41644.91,19596.29,41343.36,17691.81,65,255.0,75079.11,0,0,26,0.5015,0.1282,0.2202,0,0,0,0,0
C06671,56730.69,24934.48,68262.3,22408.06,63,269.68,133438.28,0,1,28,0.3817,0.1172,0.1323,0,1,0,0,0
C06672,26416.48,14463.79,25641.63,15046.18,74,229.23,59715.83,1,0,10,0.3924,0.1595,0.2081,1,1,0,0,0
C06673,21452.85,16134.47,23724.13,13160.51,78,151.82,29317.53,1,2,23,0.2997,0.14,0.082,0,0,0,1,0
C06674,110321.27,61035.6,123426.96,77493.77,66,1205.01,245903.26,0,1,6,0.2704,0.3383,0.1861,0,0,0,0,0
C06675,33702.45,22756.59,36375.45,22906.93,70,424.72,56902.0,2,1,9,0.0869,0.1214,0.1097,0,0,0,0,0
C06676,42302.82,23610.76,37932.26,23535.61,61,421.69,37529.33,0,5,21,0.3063,0.3794,0.0249,0,1,0,1,0
C06677,37624.47,19483.13,41052.98,23316.78,74,225.29,12100.61,1,4,37,0.1769,0.1313,0.1005,1,1,0,1,0
C06678,57587.29,31581.47,57553.52,32627.25,68,351.9,135666.83,0,0,52,0.3153,0.2121,0.2243,0,0,0,0,0
C06679,99924.81,69525.7,125340.01,78433.7,79,1040.3,217765.49,1,0,38,0.3991,0.2193,0.0853,1,0,0,1,0
C06680,58418.51,40278.55,69309.2,39524.93,67,430.93,108788.03,0,0,6,0.5093,0.196,0.0741,0,1,0,0,0
C06681,22723.47,12368.18,22806.29,13054.02,67,137.12,38428.74,2,2,50,0.5752,0.3371,0.1865,0,0,0,1,0
C06682,24138.47,11355.41,30460.06,13242.88,77,153.54,44990.37,1,0,40,0.5338,0.3027,0.022,0,0,0,0,0
C06683,37604.67,15515.96,41035.93,14687.13,67,160.91,21522.07,0,0,59,0.0516,0.2609,0.1027,0,0,0,0,0
C06684,39883.29,13983.74,33877.01,15568.49,73,258.95,97667.42,4,0,38,0.4803,0.1667,0.16,0,2,0,0,0
C06685,20734.2,8313.71,21576.08,6318.57,68,100.0,63007.58,1,1,3,0.3524,0.2404,0.0419,0,0,0,0,0
C06686,65063.64,27593.16,81084.48,33163.13,63,520.06,37583.81,2,1,18,0.1254,0.3566,0.1135,0,0,0,0,0
C06687,27600.07,18229.07,26264.76,17923.37,69,300.1,75687.98,0,0,39,0.4249,0.3019,0.1577,0,0,0,0,0
C06688,88115.48,63272.39,91799.69,65785.64,78,757.91,139394.25,2,0,36,0.2,0.1178,0.1891,1,1,0,0,0
C06689,102099.43,69593.58,90543.66,72255.23,53,1218.22,286001.11,1,0,13,0.1219,0.442,0.0626,0,0,0,0,0
C06690,40243.5,27182.66,36455.14,25361.89,58,376.57,75016.65,0,0,47,0.559,0.1287,0.1724,0,0,0,0,0
C06691,54827.95,43722.24,52080.59,40390.79,60,865.58,51043.9,1,0,46,0.0686,0.1025,0.2461,0,0,0,0,0
C06692,25849.37,20244.43,23334.54,22523.16,68,273.5,40223.15,0,0,46,0.4743,0.1647,0.2253,0,0,0,0,0
C06693,59579.81,28060.97,58138.41,31377.79,70,497.79,35922.25,0,0,44,0.617,0.4273,0.1764,0,0,0,0,0
C06694,35962.47,14935.05,45262.15,14095.21,61,251.15,9239.77,1,1,12,0.5346,0.245,0.1216,0,0,0,0,0
C06695,27588.71,11559.23,28848.72,12887.71,75,167.86,8301.22,0,2,6,0.3324,0.3265,0.0543,0,1,0,0,0
C06696,39506.36,29749.2,45205.65,33228.29,79,486.79,133072.63,1,0,24,0.5429,0.1833,0.0774,0,3,0,0,0
C06697,36491.37,14452.63,43095.88,14519.31,62,189.27,126510.39,0,0,5,0.4237,0.2589,0.2259,0,0,0,0,0
C06698,38874.59,19556.44,35647.52,17498.72,61,214.44,12839.69,1,0,17,0.2613,0.3156,0.0667,0,1,0,0,0
C06699,68993.92,40613.68,65559.3,42461.39,86,534.9,57013.87,4,1,59,0.388,0.4321,0.0774,0,0,0,1,0
C06700,31603.7,19785.58,36088.2,21641.66,66,280.87,57154.76,0,3,60,0.3668,0.2355,0.0311,0,0,0,0,0
C06701,98240.92,60720.72,95675.46,63327.83,56,1384.9,228726.22,0,1,3,0.39,0.2328,0.2047,0,1,0,0,0
C06702,24788.64,17448.32,28109.09,17080.17,81,219.82,19059.24,0,0,43,0.3438,0.1349,0.1813,0,1,0,0,0
C06703,93093.66,56532.24,116486.12,62526.71,77,658.26,83935.88,1,2,19,0.3146,0.378,0.066,0,1,0,0,0
C06704,28480.87,20875.65,24930.85,25089.17,48,455.21,54012.6,0,0,46,0.536,0.4327,0.2015,0,0,0,1,0
C06705,44979.49,17455.8,45301.9,16715.05,63,280.77,16342.45,2,0,48,0.6458,0.1012,0.1596,0,0,0,0,0
C06706,36092.11,26583.08,37037.99,26961.6,81,419.1,70768.46,0,0,12,0.574,0.3923,0.1626,0,0,0,0,0
C06707,38551.1,23728.26,38043.61,32725.47,59,515.34,120049.84,1,0,33,0.6437,0.1645,0.2493,0,2,0,0,0
C06708,64539.23,29063.28,63057.61,31530.88,77,301.31,223116.22,1,0,49,0.2679,0.4289,0.2479,0,1,0,0,0
C06709,88374.6,69814.55,87574.41,62692.3,63,1108.39,175424.57,0,0,16,0.4804,0.2956,0.1351,0,1,0,0,0
C06710,76891.75,59428.13,80595.62,58993.72,68,896.9,109335.31,1,0,16,0.1991,0.3998,0.1446,0,0,0,0,0
C06711,37505.11,27400.36,40122.45,26281.59,84,360.59,102654.05,2,1,60,0.1454,0.3105,0.224,0,0,1,0,0
C06712,48890.22,37167.24,56928.22,40722.18,65,627.07,155290.35,1,0,13,0.4905,0.343,0.0523,0,0,0,0,0
C06713,31649.66,16519.98,33136.74,17956.01,72,234.23,56794.46,0,1,43,0.1954,0.4159,0.1226,1,0,0,0,0
C06714,28802.58,13033.52,34107.46,12689.71,61,199.31,86106.47,2,0,6,0.052,0.1927,0.146,0,0,0,0,0
C06715,26865.07,11613.95,26300.48,14781.74,57,307.86,43228.55,2,0,28,0.0638,0.2812,0.036,0,1,0,0,0
C06716,36956.98,27466.13,33476.98,29120.03,81,335.74,62284.8,0,0,22,0.6413,0.4113,0.0201,0,0,0,0,0
C06717,50349.32,36351.41,51025.48,36181.0,73,484.94,106061.11,0,1,53,0.3344,0.3651,0.1994,0,0,0,0,0
C06718,19036.26,15065.72,21044.57,13611.36,65,178.04,30966.22,1,0,33,0.1637,0.1312,0.2139,0,0,0,0,0
C06719,44071.06,32247.39,50825.21,30397.29,68,316.72,45352.58,1,0,51,0.6165,0.1792,0.1524,0,0,0,0,0
C06720,89021.13,56489.67,109071.19,50867.65,65,647.19,274622.06,0,0,53,0.174,0.3222,0.1416,0,0,0,0,0
C06721,74553.91,30867.32,80877.87,31704.8,77,487.63,249709.8,0,0,31,0.6327,0.1632,0.1102,0,4,0,0,0
C06722,34581.87,14668.99,39435.89,13844.65,68,254.34,69088.81,1,1,23,0.4132,0.1957,0.1527,0,0,0,1,0
C06723,24000.38,13516.17,29142.55,15463.55,96,184.43,67284.42,1,0,45,0.1732,0.1972,0.2432,0,1,0,0,0
C06724,55344.99,38492.88,52936.95,37717.95,53,684.86,52596.29,0,0,29,0.284,0.1743,0.1782,0,1,0,0,0
C06725,15860.31,6787.8,16253.38,7811.56,70,123.65,39480.82,1,0,18,0.3878,0.343,0.0774,0,0,0,0,0
C06726,74160.51,56509.04,102527.62,62667.18,69,703.23,90259.47,0,0,41,0.0686,0.2007,0.0836,0,1,0,0,0
C06727,40876.21,26884.52,47120.73,30311.24,70,327.02,31399.18,1,0,10,0.2654,0.3983,0.1788,0,0,0,0,0
C06728,102590.74,50324.77,114007.45,58256.45,82,577.31,185504.16,1,4,33,0.2277,0.4489,0.1061,0,2,0,1,0
C06729,20687.47,15486.47,23940.42,19965.14,78,271.94,6231.72,0,0,16,0.1419,0.2342,0.1869,0,1,1,0,0
C06730,68021.8,42131.59,60520.27,39945.82,75,507.16,79026.74,0,0,23,0.5753,0.4106,0.0371,0,0,0,0,0
C06731,43010.04,29243.44,41822.14,33674.4,55,495.8,40407.39,1,2,51,0.1286,0.2751,0.0821,0,0,1,0,0
C06732,38771.67,20294.99,36000.43,22279.32,77,297.27,71287.14,2,1,9,0.3266,0.3306,0.1094,0,0,0,0,0
C06733,24294.09,12805.36,26729.15,15079.51,73,257.58,44631.02,0,1,14,0.2396,0.4311,0.1386,0,1,0,0,0
C06734,58835.71,20926.56,59172.49,22251.13,72,318.55,144004.73,1,2,15,0.5228,0.304,0.1248,0,1,0,0,0
C06735,61003.08,36117.23,64751.51,43020.01,81,536.71,36673.62,1,0,4,0.6053,0.4457,0.1721,1,0,1,1,1
C06736,100481.14,69568.97,101755.04,62264.76,77,738.28,166384.97,0,1,52,0.1748,0.1824,0.0659,0,1,0,0,0
C06737,70830.17,55670.47,60547.85,51744.75,79,463.36,24635.67,0,1,34,0.0765,0.4431,0.1213,0,0,0,0,0
C06738,34446.58,25886.67,39827.03,25412.81,78,276.13,97924.2,1,0,30,0.4668,0.161,0.0267,0,0,0,0,0
C06739,28643.44,11146.48,24018.56,11603.82,64,162.83,90125.24,1,3,14,0.5281,0.4198,0.1981,0,0,0,0,0
C06740,24308.87,19234.01,23401.72,20302.7,74,266.85,84332.34,0,0,3,0.2302,0.3436,0.1035,0,2,0,1,0
C06741,87322.96,36436.93,77904.6,35023.06,68,645.52,167121.66,0,0,27,0.4076,0.4233,0.042,0,1,0,0,0
C06742,31705.31,11683.45,29943.48,10878.41,55,174.12,95157.09,1,1,5,0.5053,0.3646,0.1306,1,0,1,0,1
C06743,87598.68,60181.91,94100.52,58458.61,58,894.84,150241.51,1,0,57,0.117,0.2057,0.2085,0,0,0,0,0
C06744,56993.94,43181.39,68290.29,36483.23,68,478.89,49581.15,0,2,48,0.3873,0.1571,0.0662,0,1,1,0,0
C06745,52201.89,40581.87,45033.56,41207.8,65,525.25,154968.09,1,0,46,0.1296,0.4479,0.1099,0,1,0,0,0
C06746,39195.88,28269.61,38534.85,29484.96,73,387.59,13857.4,2,0,30,0.5969,0.3574,0.0349,0,0,0,0,0
C06747,60580.03,26788.96,50894.17,29546.2,82,413.86,130877.2,0,0,9,0.1339,0.4001,0.0498,0,2,0,0,0
C06748,44687.81,18737.66,43675.65,20049.75,61,375.02,147024.97,1,0,36,0.0963,0.3111,0.0591,0,0,0,0,0
C06749,38111.52,14350.35,40345.88,18156.18,78,163.49,41741.24,0,2,54,0.4976,0.1042,0.1455,0,0,0,0,0
C06750,61550.91,37662.15,70294.17,43216.74,87,576.76,63579.08,0,2,8,0.254,0.4102,0.1678,0,0,0,0,0
C06751,42177.0,24009.24,33563.3,27333.98,75,341.07,23028.0,1,1,4,0.6374,0.3444,0.1907,0,0,0,0,0
C06752,31418.97,12541.75,35065.65,13717.72,63,154.97,58460.92,0,2,30,0.5776,0.4058,0.0866,0,0,0,0,0
C06753,58943.81,32959.74,55011.26,36726.61,67,709.63,135710.19,1,0,24,0.2614,0.2052,0.1495,0,1,0,0,0
C06754,43722.77,26465.2,39527.88,27087.43,66,502.46,82390.3,1,1,16,0.2439,0.2536,0.2455,0,0,0,0,0
C06755,56073.99,37868.42,59331.8,40214.54,57,645.24,73789.67,0,0,36,0.4658,0.4018,0.0337,0,1,0,0,0
C06756,36687.11,19678.56,41282.45,25200.11,70,399.32,59334.79,2,1,15,0.1597,0.4033,0.2471,0,0,0,0,0
C06757,26116.25,12882.07,27107.25,13417.88,74,196.31,77080.5,0,1,40,0.4832,0.3758,0.1465,0,0,0,0,0
C06758,98243.17,63814.41,90268.22,56806.07,60,1222.52,325661.12,1,1,45,0.5125,0.2387,0.1881,0,2,0,0,0
C06759,90254.88,59378.74,93673.94,67312.75,66,825.03,115058.97,2,0,56,0.3165,0.3774,0.0987,0,1,0,0,0
C06760,66978.1,31593.09,64498.48,36490.81,69,437.82,154193.43,0,0,47,0.6063,0.2671,0.07,1,0,0,0,0
C06761,37793.9,13565.0,42423.04,14494.78,75,212.98,110413.75,0,1,27,0.4869,0.1296,0.1712,1,1,0,0,0
C06762,39311.59,30488.53,46350.05,25140.79,71,263.83,90117.23,1,0,55,0.5291,0.2305,0.0482,0,1,0,0,0
C06763,83823.2,57827.86,98188.44,69647.45,85,977.15,262597.35,0,0,27,0.4413,0.3367,0.2043,0,1,0,0,0
C06764,38376.26,16904.62,40204.13,18216.23,74,203.93,91763.01,2,1,3,0.2909,0.3464,0.2179,0,0,1,0,0
C06765,33852.48,20465.5,40105.69,20726.83,64,375.75,34360.9,3,1,40,0.4366,0.2803,0.1982,0,0,0,1,0
C06766,104498.02,64551.18,96920.07,76981.62,67,910.17,228888.96,2,0,54,0.0919,0.409,0.1832,0,1,0,0,0
C06767,44044.81,17912.8,55670.17,14456.41,70,236.3,90001.14,0,0,4,0.2531,0.2854,0.1247,0,0,0,0,0
C06768,99728.74,43506.23,92429.61,46265.54,64,540.86,131407.47,0,1,48,0.1219,0.3814,0.1091,1,1,1,0,1
C06769,23983.98,18719.93,19340.34,18441.09,70,200.87,11225.53,0,2,42,0.071,0.4211,0.1515,0,0,1,0,0
C06770,56817.57,32874.93,68968.15,40405.18,59,499.32,167421.28,1,2,14,0.459,0.165,0.0752,0,1,0,0,0
C06771,114279.78,49843.01,110255.29,53787.88,72,818.58,321658.5,2,0,24,0.6038,0.1517,0.0819,0,0,0,0,0
C06772,45606.5,32330.84,48525.71,30592.78,77,317.58,13413.2,0,0,13,0.3756,0.4008,0.1213,0,1,0,0,0
C06773,39959.26,22447.43,37014.39,26635.86,80,305.67,103648.89,1,0,14,0.6342,0.2629,0.196,0,0,0,0,0
C06774,26606.99,16956.25,35483.95,12800.55,80,197.33,62900.7,1,2,14,0.5778,0.1367,0.1462,0,1,0,1,0
C06775,73238.18,35438.17,92911.28,39369.98,66,531.11,102595.73,0,1,16,0.3972,0.1036,0.2326,0,0,0,0,0
C06776,31820.31,11966.25,39316.75,10750.54,73,117.62,89291.81,1,0,60,0.3235,0.3307,0.1235,0,1,0,0,0
C06777,43120.51,18292.79,45733.73,18192.32,79,253.72,126570.14,2,1,9,0.4254,0.3513,0.2119,0,2,0,0,0
C06778,25819.67,20342.45,30149.21,20772.06,78,211.8,78540.96,1,0,20,0.4134,0.1105,0.2442,0,1,0,0,0
C06779,90673.49,57180.05,94629.92,66283.88,70,1077.0,41221.8,1,1,22,0.1393,0.4106,0.0997,0,0,0,0,0
C06780,75668.42,54783.05,89641.66,72007.36,74,941.1,109446.96,0,2,17,0.6201,0.3638,0.0338,0,1,0,1,0
C06781,44364.93,15957.35,44397.18,13347.58,65,258.85,13304.99,1,1,41,0.463,0.3418,0.0263,0,0,0,0,0
C06782,26770.36,18590.9,33199.66,20516.11,63,273.33,69892.65,0,1,19,0.2793,0.3955,0.2433,0,1,0,0,0
C06783,89821.17,51038.94,89344.69,67080.21,82,811.43,142952.41,1,1,50,0.2019,0.4325,0.1849,0,0,0,0,0
C06784,38167.84,24785.76,38485.59,24320.98,82,359.11,102022.03,1,2,17,0.4803,0.4377,0.0432,0,1,0,0,0
C06785,27366.52,13989.55,27202.77,13623.03,85,174.59,77188.4,0,0,19,0.3196,0.3757,0.1173,0,0,0,0,0
C06786,20362.79,12816.16,21851.2,13819.84,68,167.24,8515.06,0,0,45,0.4395,0.174,0.1064,0,0,0,0,0
C06787,33648.83,12316.44,33763.79,14157.26,82,128.18,111532.16,0,0,31,0.3778,0.4245,0.1918,0,1,0,0,0
C06788,23384.55,8664.32,25921.08,9781.26,60,168.99,43030.59,0,0,17,0.289,0.232,0.1603,0,1,0,0,0
C06789,34001.11,24122.98,33738.67,24290.78,70,361.35,115321.55,1,1,36,0.4235,0.2582,0.1949,0,0,0,1,0
C06790,62906.31,25540.55,72021.09,24357.91,65,310.58,40869.7,0,2,31,0.2147,0.1223,0.2052,0,0,0,0,0
C06791,38005.56,13541.11,46830.6,16356.78,68,282.51,51575.75,0,1,32,0.3173,0.3459,0.0911,0,0,0,0,0
C06792,52811.26,40168.53,55943.27,38443.36,68,475.89,90433.67,3,0,4,0.2094,0.1372,0.0322,1,0,0,1,0
C06793,32497.46,15257.21,42773.14,12511.79,62,258.96,107311.87,1,0,55,0.5203,0.4271,0.0703,1,1,0,0,0
C06794,46339.21,28362.93,54926.03,24834.37,57,491.0,25333.31,1,0,26,0.0777,0.214,0.206,0,2,0,0,0
C06795,106811.74,77706.89,139558.98,76219.83,48,1688.62,214548.57,1,1,38,0.1609,0.2772,0.2407,0,1,0,0,0
C06796,38468.66,26376.35,40109.58,32419.19,80,442.95,24556.94,0,1,35,0.4351,0.3794,0.0201,0,0,0,0,0
C06797,53498.61,19847.05,45507.25,18009.15,82,154.6,50172.48,1,0,57,0.261,0.2453,0.1832,0,0,0,0,0
C06798,22246.29,13401.76,21473.53,16519.42,76,199.21,49057.09,0,0,57,0.3748,0.1036,0.1922,0,0,0,0,0
C06799,89184.77,52958.72,87178.43,63911.55,83,939.48,100345.64,1,2,46,0.1263,0.1919,0.0689,0,2,0,0,0
C06800,36303.69,18425.43,33967.08,19844.7,64,388.51,41604.78,0,1,59,0.6081,0.2465,0.0843,0,0,0,0,0
C06801,72197.3,49751.4,56782.56,37020.45,74,407.63,174061.52,0,1,11,0.2267,0.3741,0.1563,0,0,0,0,0
C06802,42573.47,33369.2,49936.88,30296.32,69,544.04,122075.87,0,0,27,0.5837,0.3273,0.0402,0,1,0,0,0
C06803,59256.37,24664.51,48993.03,24022.64,71,312.6,18511.15,1,3,11,0.3128,0.336,0.2286,0,0,0,0,0
C06804,60862.55,25279.31,70689.76,31793.39,69,514.94,57268.15,2,3,59,0.4958,0.1072,0.0225,0,0,0,1,0
C06805,36710.56,24986.35,48174.01,24529.1,69,435.54,71157.79,1,0,49,0.3516,0.4341,0.059,0,0,0,0,0
C06806,73554.04,40784.79,70361.8,39041.16,62,524.78,235455.29,0,1,38,0.4248,0.1304,0.2142,0,2,0,0,0
C06807,31980.27,22637.19,35066.64,24280.56,92,206.28,45540.43,0,0,54,0.1489,0.2611,0.1215,1,0,0,0,0
C06808,63862.54,26406.2,64000.74,23260.08,83,275.66,73632.31,1,0,3,0.1488,0.1399,0.2431,0,0,0,0,0
C06809,37753.19,13890.76,43387.83,14544.25,89,175.47,19270.9,0,1,46,0.1355,0.1804,0.0263,0,0,0,0,0
C06810,52665.66,34973.7,47750.41,33370.96,75,463.06,46952.9,1,5,28,0.2985,0.1907,0.1609,0,0,0,1,0
C06811,36553.09,29155.47,37802.66,40016.76,100,443.35,67271.47,1,1,17,0.4351,0.1014,0.1818,0,1,0,1,0
C06812,46023.48,18071.54,54516.73,16985.17,57,372.85,53838.47,0,0,49,0.5603,0.326,0.0451,1,0,0,0,0
C06813,27744.85,20502.12,28969.39,26275.35,66,306.06,59920.9,1,1,30,0.3964,0.2893,0.127,0,0,0,0,0
C06814,50302.92,26327.56,42987.1,24041.8,72,426.79,60170.72,0,0,40,0.2441,0.274,0.1354,0,0,0,0,0
C06815,45903.76,16413.13,55038.53,17751.34,73,193.68,45290.86,1,1,17,0.5353,0.2567,0.1825,0,1,0,0,0
C06816,35289.78,20450.77,31566.1,22701.13,72,397.14,82101.37,0,1,3,0.1629,0.3965,0.0414,0,1,0,0,0
C06817,43899.37,20873.46,46509.1,22272.23,96,268.0,113956.7,0,1,17,0.496,0.207,0.1009,0,1,0,0,0
C06818,47797.08,31643.17,53528.78,33530.62,69,576.73,154601.69,1,1,11,0.4786,0.163,0.1352,0,0,0,0,0
C06819,34100.15,16351.83,36295.59,18859.79,75,307.98,70462.34,2,0,52,0.4724,0.3931,0.2413,0,0,0,0,0
C06820,42466.74,24068.66,57520.88,26477.55,65,312.7,141294.54,0,1,9,0.1883,0.3926,0.1731,0,0,0,0,0
C06821,28621.67,12600.82,32573.11,12969.41,72,197.84,26159.36,2,0,58,0.3493,0.3641,0.2491,0,0,0,0,0
C06822,129313.85,93448.11,132639.54,90557.57,58,1417.08,251471.34,1,1,30,0.1101,0.1429,0.0217,0,0,1,0,0
C06823,72476.75,55549.39,81342.08,57222.03,87,610.48,124876.68,0,0,22,0.2099,0.1209,0.2245,0,0,0,0,0
C06824,50884.32,27045.07,54710.48,27819.36,63,448.5,126509.72,3,0,5,0.2589,0.2945,0.2091,1,1,0,0,0
C06825,76257.31,42093.73,80476.2,43199.46,92,497.42,73544.14,0,0,12,0.1218,0.1688,0.0202,0,0,0,0,0
C06826,18467.25,14629.9,19930.86,15495.17,80,217.24,11630.21,2,0,35,0.5615,0.3381,0.1807,0,0,0,0,0
C06827,14235.04,5892.62,14205.28,5190.7,66,100.0,23452.16,1,0,8,0.1839,0.3838,0.1852,0,2,0,0,0
C06828,37599.15,26841.24,40439.7,24873.52,66,315.12,91991.84,1,2,8,0.1306,0.152,0.1662,0,0,0,0,0
C06829,24198.94,14647.02,23941.0,16841.33,61,253.25,62175.8,2,1,20,0.0753,0.2583,0.073,1,0,0,0,0
C06830,40454.99,30192.79,33272.47,23548.86,61,469.73,98077.95,0,1,52,0.572,0.3003,0.1236,0,0,0,0,0
C06831,49363.34,23773.03,58585.6,28376.53,81,395.31,115395.8,1,1,39,0.3057,0.2542,0.0429,0,0,0,0,0
C06832,68091.27,32906.54,66875.59,32344.81,68,464.22,49553.49,1,0,47,0.6408,0.4265,0.2346,1,1,0,0,0
C06833,26962.41,13390.04,28767.99,16742.06,71,198.69,75830.28,1,3,22,0.5912,0.4292,0.1868,0,2,0,1,0
C06834,53865.83,19256.17,51643.83,23052.45,70,394.95,110361.88,0,0,47,0.4821,0.3945,0.2347,0,0,0,0,0
C06835,45292.34,19315.0,43588.06,19521.9,67,247.58,19257.48,1,0,57,0.1161,0.1231,0.0657,0,0,0,0,0
C06836,52617.13,41965.53,48687.75,42937.2,73,730.8,54827.22,1,0,19,0.3918,0.4326,0.1369,0,1,1,0,0
C06837,35614.94,16455.06,41448.51,20423.87,71,277.28,38378.73,4,0,9,0.3513,0.3673,0.0832,0,1,0,0,0
C06838,83853.67,30100.34,100017.86,36204.33,69,575.86,53526.62,0,0,7,0.6058,0.3402,0.1578,0,0,0,0,0
C06839,42952.02,20416.95,45233.29,23821.04,78,254.56,28587.78,0,1,29,0.1761,0.24,0.1651,0,0,0,0,0
C06840,99987.43,53370.85,98547.72,63367.37,59,850.6,314082.82,2,1,57,0.2973,0.4482,0.2403,0,0,0,0,0
C06841,31531.52,18808.68,26701.89,17294.54,53,274.83,53097.7,1,0,42,0.5781,0.1335,0.107,0,0,1,0,0
C06842,62861.56,23941.12,72004.88,25727.98,76,350.16,98515.49,1,0,8,0.1519,0.4205,0.214,0,0,0,0,0
C06843,43807.79,30914.85,42441.56,29602.66,69,477.39,125874.52,1,1,26,0.5116,0.4276,0.2208,0,0,0,0,0
C06844,38829.43,28014.48,35564.99,25672.82,68,373.37,54414.49,0,0,44,0.1785,0.3042,0.1276,0,0,0,0,0
C06845,59811.89,26671.45,63012.52,28529.56,73,458.18,74732.02,0,0,44,0.4482,0.34,0.0787,1,1,0,0,0
C06846,39331.84,27897.61,39721.42,27907.07,86,256.68,34556.24,2,0,16,0.5986,0.1887,0.1145,0,0,0,0,0
C06847,13582.44,6962.93,11787.3,7172.17,54,167.65,6639.1,0,0,29,0.2823,0.1292,0.1969,0,0,0,0,0
C06848,12000.0,6484.79,10611.76,6419.92,87,100.0,10272.58,1,0,34,0.5224,0.2064,0.1809,0,0,0,0,0
C06849,79778.37,61539.02,86989.16,55352.06,76,654.98,231469.09,2,1,47,0.1297,0.3897,0.2139,0,1,0,0,0
C06850,78278.96,58815.44,76033.68,73731.93,58,1307.33,161326.3,2,0,35,0.1282,0.2173,0.2349,0,0,0,0,0
C06851,105210.8,54583.34,116913.5,58333.17,63,893.73,225334.12,1,0,18,0.2332,0.3547,0.1536,0,1,0,0,0
C06852,44646.45,25432.83,47663.82,22302.99,82,322.27,63090.39,1,2,45,0.5162,0.1028,0.1305,0,1,0,0,0
C06853,25152.99,12046.67,29572.5,12912.06,72,156.36,45834.31,0,0,53,0.3014,0.4053,0.0404,0,0,0,0,0
C06854,37257.37,21681.76,35399.81,26724.21,65,441.75,88464.81,0,0,5,0.1876,0.3747,0.1111,0,0,1,0,0
C06855,45231.94,29710.99,48756.69,34614.71,77,511.67,71199.92,1,0,13,0.5231,0.3018,0.1183,0,0,0,0,0
C06856,28602.53,11203.63,32223.41,11066.42,67,211.98,36979.44,1,0,43,0.5203,0.2897,0.2176,0,0,0,0,0
C06857,94492.56,72185.56,92116.44,71509.55,66,817.38,97309.9,2,2,16,0.4927,0.3937,0.233,0,1,0,1,0
C06858,123277.61,83026.64,146116.56,77642.44,62,1343.66,110719.9,0,1,40,0.6257,0.136,0.1516,0,0,0,0,0
C06859,55806.41,21961.98,47438.06,21103.92,93,208.27,116234.62,0,0,17,0.5593,0.2368,0.2309,0,0,0,0,0
C06860,44780.55,33184.4,42543.63,32211.89,70,430.57,19639.44,0,0,57,0.2072,0.4321,0.0549,0,2,0,0,0
C06861,25126.61,17203.12,21245.99,15032.21,84,170.97,18291.0,0,1,7,0.3151,0.2161,0.1695,0,0,1,0,0
C06862,90247.67,44303.22,86790.73,44158.01,67,594.43,194222.69,0,2,59,0.2355,0.422,0.133,0,0,0,0,0
C06863,46572.05,27228.11,48036.74,29713.42,72,419.87,133317.6,0,0,23,0.5651,0.2173,0.1197,0,0,0,0,0
C06864,39509.4,29120.75,45427.12,29130.08,73,337.73,42451.03,0,1,6,0.6361,0.3793,0.0916,0,2,0,1,0
C06865,55879.12,43901.8,57631.78,47241.95,77,742.33,12925.37,1,1,49,0.579,0.4221,0.1984,0,1,1,0,0
C06866,34573.67,16473.83,33832.24,20503.85,81,304.12,83153.64,1,0,44,0.3406,0.1201,0.0231,0,1,0,0,0
C06867,48074.71,30900.08,41541.04,39251.75,73,406.47,16012.31,0,2,43,0.2974,0.2474,0.0981,0,2,0,0,0
C06868,23512.98,17331.68,21262.75,18056.98,71,189.51,30462.55,0,0,10,0.5948,0.1208,0.0624,0,2,0,0,0
C06869,73394.7,58324.94,79796.53,67401.57,76,843.01,123595.87,2,1,58,0.1557,0.1955,0.0759,0,1,0,1,0
C06870,42934.58,16393.42,49622.69,16885.27,71,261.88,115670.39,1,1,58,0.4122,0.4234,0.0227,0,1,1,0,0
C06871,75801.86,43709.62,75778.62,43336.13,67,686.18,208503.07,1,0,29,0.5532,0.3443,0.1742,0,0,0,0,0
C06872,41105.88,30547.82,49134.75,27981.22,64,360.4,64822.2,0,0,44,0.3438,0.2972,0.0473,1,0,1,0,0
C06873,42324.78,14873.82,39616.41,15772.1,67,242.58,130505.73,3,0,32,0.5678,0.2808,0.0319,0,1,1,0,0
C06874,26078.72,14258.69,26160.48,16827.05,82,146.16,38119.99,0,1,14,0.1495,0.3216,0.0982,0,2,0,0,0
C06875,63342.29,38821.82,64182.36,34825.87,78,356.83,111841.98,2,0,11,0.0516,0.4009,0.0591,0,1,0,0,0
C06876,30342.05,17808.37,37427.82,18085.27,81,193.73,45767.65,0,1,52,0.5972,0.3919,0.1755,0,0,0,0,0
C06877,36153.45,24575.23,38540.99,24815.06,72,392.39,81096.79,1,1,16,0.5364,0.4356,0.172,0,1,0,0,0
C06878,45021.21,17084.87,37556.16,18445.26,73,290.94,68931.16,1,1,9,0.5611,0.1589,0.143,0,0,1,0,0
C06879,47522.98,33429.45,55326.18,36155.01,75,372.98,155603.89,2,1,56,0.0664,0.1293,0.2375,0,1,0,0,0
C06880,20882.65,9969.94,26552.53,11111.18,68,130.89,62103.62,0,0,58,0.5287,0.3743,0.2064,0,1,0,0,0
C06881,40560.71,29240.35,41373.19,37358.57,71,430.24,60235.56,0,1,60,0.5401,0.4432,0.1493,0,0,0,0,0
C06882,64361.53,34676.03,60651.1,32787.59,66,517.86,17983.13,2,1,13,0.2164,0.1242,0.227,0,1,0,0,0
C06883,37955.35,14017.42,43789.5,13161.59,58,170.46,75974.5,1,0,43,0.5649,0.2214,0.0841,0,0,0,0,0
C06884,40671.73,31876.94,52292.12,34417.02,68,593.47,40652.28,3,0,58,0.4829,0.1938,0.1237,0,0,0,0,0
C06885,48411.88,33948.69,55763.12,41564.3,77,597.05,60837.94,0,1,21,0.0566,0.1565,0.1364,0,0,0,0,0
C06886,42520.24,21537.24,36364.98,18834.63,84,252.66,72889.08,1,2,30,0.6367,0.1861,0.0541,0,0,0,1,0
C06887,28301.94,13344.72,32280.12,14542.6,69,184.79,80812.61,0,0,53,0.5654,0.1336,0.2185,0,0,0,0,0
C06888,44269.98,27227.53,48630.79,27931.07,66,436.12,118117.18,0,2,41,0.3234,0.3707,0.0574,0,1,0,0,0
C06889,70386.07,55906.43,65842.26,64432.98,64,889.18,143587.1,0,2,41,0.4499,0.4328,0.1122,0,0,0,0,0
C06890,28040.04,13475.34,33778.66,15164.92,72,201.94,72990.2,1,0,45,0.3957,0.1211,0.1885,0,1,0,0,0
C06891,38021.27,29531.95,41922.33,31180.49,65,361.43,46147.28,0,2,17,0.6401,0.3631,0.0648,0,0,0,0,0
C06892,24165.56,12050.74,29187.04,13358.28,65,168.02,44135.26,1,0,27,0.0918,0.3101,0.0876,0,0,0,0,0
C06893,68736.78,45836.71,63418.12,44507.75,69,483.41,29873.83,0,0,30,0.2948,0.2437,0.1292,0,0,0,0,0
C06894,43168.08,22524.26,47392.22,25813.41,63,439.06,16110.68,2,0,59,0.3316,0.2191,0.2305,0,0,0,0,0
C06895,30694.17,11917.73,28931.97,14496.52,76,225.54,22406.62,0,1,31,0.1339,0.3435,0.0215,0,0,0,0,0
C06896,46907.71,36179.22,50647.19,38423.03,74,668.59,125641.67,1,0,32,0.2423,0.1196,0.0428,0,3,0,0,0
C06897,26181.22,11094.75,32131.35,11106.35,59,209.19,84904.88,0,0,58,0.5949,0.1229,0.2259,0,1,0,0,0
C06898,28264.02,21907.75,24839.26,22621.55,71,387.21,63220.47,2,0,55,0.3981,0.351,0.0939,0,2,0,0,0
C06899,23326.79,9248.79,20661.0,10587.69,84,114.35,7788.34,0,0,3,0.6188,0.3539,0.2293,0,0,0,0,0
C06900,27843.84,13090.12,32428.52,13678.87,66,244.84,62829.71,0,1,3,0.0637,0.1585,0.1015,0,1,0,0,0
C06901,82885.85,63359.24,86889.68,57406.18,59,813.17,91871.87,1,1,5,0.2962,0.2352,0.0946,0,1,0,0,0
C06902,32354.7,20912.25,38519.94,24347.14,65,386.77,100319.67,0,2,34,0.6183,0.375,0.1619,0,0,0,0,0
C06903,55504.48,24159.3,52902.76,22517.91,67,311.36,144961.94,1,0,8,0.1229,0.1175,0.0219,0,1,0,0,0
C06904,30886.74,19039.88,32620.81,20961.75,63,370.16,43025.3,2,0,39,0.2194,0.2491,0.1248,1,1,0,0,0
C06905,63335.92,27308.93,71732.71,22558.18,62,382.67,104742.36,1,0,51,0.1189,0.2763,0.0414,0,0,0,0,0
C06906,28358.47,21084.49,30491.7,22412.35,65,402.29,72921.48,1,0,43,0.0866,0.3377,0.0267,0,0,0,0,0
C06907,45801.42,17057.5,38260.23,17770.58,73,204.17,149489.79,1,2,12,0.3787,0.3195,0.0447,0,0,0,0,0
C06908,46083.07,27115.28,63996.1,22070.53,66,413.31,54586.52,2,0,50,0.5649,0.1416,0.107,0,0,1,0,0
C06909,128274.81,48560.08,137956.85,52927.46,69,681.53,351831.46,0,1,15,0.6353,0.28,0.2146,0,1,0,0,0
C06910,59761.04,39607.24,53136.52,36352.98,60,448.92,147648.66,2,0,31,0.4969,0.3999,0.1097,1,0,0,0,0
C06911,34461.95,26573.91,37484.4,28172.87,71,371.82,34114.25,2,1,20,0.0682,0.3514,0.1643,0,1,0,0,0
C06912,61248.2,44342.47,67464.74,44368.71,68,469.74,62747.48,1,2,40,0.4846,0.1991,0.203,1,1,1,1,1
C06913,117782.65,60926.32,137719.82,53148.05,57,1020.12,106478.46,0,1,17,0.2111,0.1841,0.1395,0,0,0,0,0
C06914,21613.68,9868.96,25099.04,9123.98,69,107.51,16703.38,2,1,44,0.458,0.3237,0.1469,0,3,0,0,0
C06915,30800.95,12457.83,31550.6,11637.06,70,190.17,37728.5,2,2,55,0.4062,0.2435,0.1535,1,0,0,0,0
C06916,40449.67,30059.4,34113.25,35106.06,84,520.44,25329.48,1,1,15,0.1569,0.1591,0.0422,0,2,0,0,0
C06917,37299.23,14416.12,41229.21,16582.83,78,224.04,38450.4,0,1,59,0.3849,0.1015,0.2458,0,1,0,0,0
C06918,38741.91,24522.59,33043.37,32206.5,59,599.7,53901.12,0,1,31,0.3589,0.4115,0.1278,0,0,0,0,0
C06919,25022.06,12893.13,29922.12,12745.82,63,193.53,50947.72,0,1,23,0.2216,0.3955,0.0232,0,0,0,0,0
C06920,84643.03,67553.62,81432.43,66520.87,67,747.7,138750.08,2,1,22,0.3071,0.4061,0.1273,0,0,0,0,0
C06921,23724.03,13735.52,26717.89,14644.6,75,187.12,29624.37,1,0,35,0.3745,0.2781,0.0397,1,0,0,0,0
C06922,41122.97,24548.6,39941.08,24729.47,77,303.85,24015.11,0,0,47,0.1832,0.1668,0.2157,0,1,0,0,0
C06923,72044.66,54973.68,71393.07,53879.29,67,749.19,147748.52,0,1,20,0.4245,0.2728,0.058,0,0,0,0,0
C06924,44392.89,34907.75,42345.65,36881.12,70,566.3,131952.38,1,0,37,0.5836,0.2489,0.1499,0,1,0,1,0
C06925,28960.57,17742.3,32897.17,20127.45,68,298.2,64538.7,2,1,58,0.0863,0.3305,0.0706,0,1,0,0,0
C06926,24526.6,17371.75,23924.19,13837.35,73,236.12,50789.55,2,0,43,0.2158,0.4467,0.0604,0,0,0,0,0
C06927,40575.44,25791.57,46346.23,25310.2,69,423.42,59421.74,3,0,23,0.2312,0.1727,0.2324,0,1,0,0,0
C06928,32008.43,17359.14,31322.71,15304.94,71,243.08,62510.12,0,2,7,0.1059,0.3556,0.1929,0,1,0,0,0
C06929,49353.88,18546.79,50451.01,19131.76,69,344.62,119137.59,0,2,57,0.4185,0.2613,0.046,0,1,1,0,0
C06930,23950.99,16118.65,25250.75,17761.39,75,233.91,27751.74,0,0,11,0.1484,0.3713,0.0909,0,0,0,0,0
C06931,64879.3,43152.4,69320.84,51093.87,63,1014.92,217110.23,0,0,12,0.0964,0.1553,0.1228,0,0,0,0,0
C06932,47401.78,19079.98,44514.8,19040.87,81,223.02,12896.54,2,1,36,0.2709,0.2552,0.0305,1,2,0,0,0
C06933,49013.16,22228.99,55603.32,23623.92,73,282.5,64023.78,0,3,21,0.4756,0.2175,0.104,0,2,0,0,0
C06934,86068.81,58480.11,87569.78,49599.62,64,910.32,296150.92,0,0,10,0.1074,0.2546,0.2224,0,0,1,0,0
C06935,36953.28,15423.21,41212.82,14601.83,65,265.19,106253.64,0,1,5,0.2285,0.4208,0.2264,0,0,0,0,0
C06936,32461.18,21454.27,34021.03,23060.27,55,396.88,12465.96,0,0,10,0.5045,0.2918,0.1081,1,0,0,0,0
C06937,35169.14,23671.98,39402.6,20995.11,72,315.06,48879.35,0,1,30,0.6213,0.2916,0.2351,0,0,0,0,0
C06938,41265.45,21004.31,41291.82,25172.43,72,426.54,101880.58,3,0,30,0.5444,0.1239,0.0892,0,0,0,0,0
C06939,43195.15,20136.8,41262.09,22408.67,69,232.93,87172.11,5,0,4,0.4567,0.27,0.12,0,0,0,1,0
C06940,30964.72,16035.63,34099.06,15096.75,74,236.36,101665.42,1,3,58,0.4499,0.3369,0.1901,0,1,0,1,0
C06941,18106.56,9264.01,17939.11,8079.52,85,100.0,50763.52,0,0,12,0.1273,0.2082,0.2183,1,0,0,0,0
C06942,34961.39,21786.5,42829.61,20995.31,60,440.3,83091.31,2,0,16,0.3418,0.4307,0.0381,0,1,0,0,0
C06943,52909.56,36228.85,55984.6,34130.54,64,417.77,116247.25,1,0,24,0.1702,0.3869,0.0705,0,0,0,0,0
C06944,47845.58,35299.93,42351.2,31909.73,71,488.23,167216.17,2,1,22,0.52,0.4433,0.0979,0,1,0,0,0
C06945,77204.83,28063.69,75640.97,24729.24,53,539.11,143365.48,1,2,57,0.5514,0.224,0.1127,1,0,0,0,0
C06946,108487.12,73440.16,100902.07,75081.69,62,953.03,23480.13,0,1,14,0.5705,0.2824,0.224,0,1,0,0,0
C06947,63330.22,31119.44,74650.52,35409.92,77,563.4,167831.11,2,0,15,0.3671,0.3192,0.0982,0,2,0,0,0
C06948,83830.49,60977.37,95803.57,58823.05,85,652.58,161728.89,0,4,33,0.2817,0.244,0.2413,1,1,0,1,0
C06949,63542.62,24404.98,66254.29,26928.12,64,302.28,189430.95,0,2,6,0.1758,0.1794,0.037,0,0,0,0,0
C06950,97136.5,58090.4,105374.53,58710.27,72,892.13,163791.77,1,1,39,0.1439,0.2088,0.2078,0,0,0,0,0
C06951,103497.41,61777.93,107583.33,69406.14,84,580.65,76212.17,1,0,46,0.076,0.3257,0.1436,0,0,0,0,0
C06952,69040.05,34308.08,79620.32,32785.58,64,646.79,163256.76,1,1,6,0.1519,0.158,0.1731,0,2,0,0,0
C06953,61838.96,48644.87,68788.41,52717.37,75,708.27,199081.96,0,0,41,0.2185,0.1834,0.1057,0,0,0,0,0
C06954,41030.18,16334.75,46528.11,17386.96,67,318.29,20463.87,0,2,40,0.0804,0.3476,0.0629,0,1,0,0,0
C06955,44170.66,18170.87,45362.31,22049.96,47,516.37,35310.44,2,0,56,0.4796,0.1415,0.0496,1,0,0,0,0
C06956,38653.44,24734.98,37656.67,27630.19,48,726.99,36876.58,0,0,16,0.2484,0.123,0.0522,0,0,0,0,0
C06957,59514.84,34603.99,67240.32,37397.25,69,555.58,39543.66,0,0,52,0.6179,0.2577,0.1879,0,2,1,0,0
C06958,32541.16,15262.14,40226.11,13333.21,61,195.69,66953.86,0,0,10,0.4705,0.2934,0.0908,0,0,1,0,0
C06959,41291.83,20105.91,48836.73,19843.94,67,221.61,18677.79,0,0,56,0.1068,0.208,0.1093,0,3,0,0,0
C06960,15593.22,6559.45,19332.46,6257.4,76,100.0,53783.2,0,1,33,0.0802,0.1664,0.1858,0,3,0,0,0
C06961,97714.79,72357.2,104500.48,68835.97,67,1277.39,73987.8,0,1,46,0.6088,0.3601,0.0904,0,2,0,0,0
C06962,40749.72,24705.88,38043.98,25987.15,69,485.85,14840.69,0,1,51,0.1642,0.3941,0.2128,0,1,0,0,0
C06963,55239.25,25419.75,52160.07,27425.33,58,341.46,71952.98,0,0,53,0.5043,0.4354,0.1091,0,0,0,0,0
C06964,86718.44,45704.03,105410.45,49524.56,67,631.29,153593.56,1,1,54,0.4531,0.2419,0.144,0,1,0,0,0
C06965,51510.96,39045.73,42577.25,46908.5,65,593.1,150554.68,0,1,45,0.3329,0.1339,0.0444,0,2,0,0,0
C06966,86195.43,64567.15,106069.58,71542.07,66,1093.99,192672.49,2,0,38,0.3642,0.3594,0.0306,0,1,0,0,0
C06967,25735.73,9807.84,24590.08,8853.12,65,132.83,88674.52,2,0,35,0.5026,0.4423,0.2156,0,1,0,0,0
C06968,132354.24,85281.8,169520.21,91618.66,75,1574.49,201137.57,0,0,38,0.3407,0.1988,0.1168,0,0,0,0,0
C06969,73395.46,30740.74,76443.41,34433.48,68,462.0,37358.63,0,0,7,0.4183,0.1946,0.1311,0,1,1,0,0
C06970,49442.17,21996.7,56201.33,26428.21,69,404.35,158513.36,0,0,46,0.2541,0.1566,0.0243,0,0,0,0,0
C06971,85451.43,63139.5,114180.68,65128.21,73,1050.4,179004.32,2,1,30,0.3318,0.1116,0.0959,0,0,1,0,0
C06972,26596.42,20022.74,26872.56,20676.76,84,174.53,50161.7,1,0,31,0.1719,0.3976,0.2013,1,0,0,0,0
C06973,39519.17,15302.27,39849.86,18048.53,67,316.32,66715.31,1,0,45,0.5045,0.3112,0.1795,0,1,0,0,0
C06974,86191.81,64063.4,83314.67,68639.45,74,1034.87,70644.01,0,1,53,0.2478,0.1105,0.058,0,1,0,0,0
C06975,19423.53,13165.7,18059.73,11298.69,65,216.48,27462.74,0,0,29,0.2,0.1635,0.0652,0,0,0,0,0
C06976,57908.75,40482.25,58512.22,33699.67,78,552.31,73794.23,0,0,19,0.3406,0.1363,0.1681,1,0,0,0,0
C06977,57176.43,40384.68,56228.39,51324.62,65,821.14,78822.77,0,0,55,0.0528,0.1592,0.1134,0,0,0,0,0
C06978,109159.94,63122.28,98240.58,53297.46,73,832.63,121220.18,0,1,7,0.4432,0.1456,0.0294,0,1,0,0,0
C06979,22072.5,17130.65,22618.63,17643.45,69,330.38,40873.19,1,1,56,0.196,0.2215,0.198,0,1,1,0,0
C06980,92851.04,40869.48,102505.17,47244.06,78,730.48,248633.8,2,0,31,0.3997,0.3432,0.0896,0,2,0,0,0
C06981,34984.34,20194.16,32972.44,16927.7,69,257.36,117834.5,1,0,24,0.0512,0.192,0.024,0,0,1,0,0
C06982,36800.38,18155.42,37923.02,16706.85,67,196.5,21629.24,2,1,39,0.6075,0.2314,0.0504,0,0,0,1,0
C06983,25965.29,18697.45,31645.99,16835.02,65,239.0,80342.64,0,1,36,0.1894,0.1427,0.1693,0,0,0,0,0
C06984,27581.05,10679.81,24261.85,13522.08,68,243.8,36877.45,1,1,31,0.5546,0.1311,0.0804,0,1,0,0,0
C06985,53960.24,29416.71,69166.24,38011.64,70,407.26,103153.27,0,0,19,0.0792,0.2357,0.1472,1,1,0,0,0
C06986,27278.89,19042.44,26436.44,18316.91,71,317.87,15872.78,0,0,8,0.0556,0.2628,0.1081,0,0,1,0,0
C06987,62789.66,30801.68,67442.91,34483.71,74,502.59,40989.88,1,1,35,0.2306,0.3561,0.1315,0,0,0,0,0
C06988,33392.38,15300.87,40187.72,16631.55,75,262.96,96531.05,0,1,6,0.3949,0.1621,0.2389,0,1,0,0,0
C06989,26070.31,12204.74,32330.34,12403.74,78,149.69,49415.92,0,1,11,0.2763,0.222,0.0515,0,0,0,0,0
C06990,35486.36,23815.45,39261.34,20357.13,66,272.67,35360.58,1,2,39,0.4482,0.2989,0.0273,0,0,0,0,0
C06991,52361.98,25084.12,50616.2,33284.01,72,592.52,170028.84,0,0,42,0.077,0.3561,0.1601,1,2,0,0,0
C06992,39719.95,21099.54,37974.76,17556.47,76,243.43,121014.78,1,0,26,0.4223,0.3653,0.0567,0,1,0,0,0
C06993,45698.11,27215.54,44830.44,29269.03,74,439.52,66250.95,0,1,60,0.6165,0.3916,0.1306,0,1,1,0,0
C06994,61556.52,47604.25,78589.88,46285.05,70,830.7,53379.1,3,0,18,0.3165,0.4115,0.0302,0,0,0,0,0
C06995,73240.76,51814.65,73535.38,60673.26,68,878.73,100411.26,0,0,21,0.4832,0.2942,0.2443,0,0,0,0,0
C06996,39139.01,16961.94,42615.93,19531.9,61,239.92,97325.47,0,0,3,0.5188,0.1205,0.2126,0,0,0,0,0
C06997,28127.92,21022.47,26011.27,19604.34,67,248.42,35945.78,1,1,8,0.4799,0.2923,0.1902,0,0,0,1,0
C06998,46567.6,34001.12,42434.2,32477.35,61,571.82,82378.07,0,0,18,0.3395,0.1288,0.1685,0,0,0,0,0
C06999,55615.1,38115.87,58572.0,32931.42,61,625.04,185368.8,0,1,3,0.1422,0.3293,0.1435,0,2,0,0,0
C07000,23320.58,13586.75,23577.82,14583.69,69,212.12,77201.39,2,1,51,0.2999,0.1771,0.2337,0,0,0,0,0
C07001,30141.07,11496.31,30737.72,13051.82,65,217.84,51152.24,1,0,37,0.0805,0.2573,0.1693,0,1,0,0,0
C07002,32558.17,21819.75,28407.38,21754.3,57,423.23,103164.2,0,1,40,0.4192,0.2989,0.2332,0,2,0,0,0
C07003,40982.39,23903.14,42670.11,24396.11,76,232.75,60350.88,0,1,48,0.6129,0.4136,0.1336,1,0,0,0,0
C07004,31950.8,15636.68,39488.39,19998.4,72,273.67,57200.48,1,1,51,0.2663,0.1076,0.1821,0,0,1,0,0
C07005,61857.34,21926.7,58618.21,25486.47,81,385.84,55744.57,2,1,8,0.2289,0.1913,0.0321,0,0,0,0,0
C07006,21853.31,9920.79,25299.41,12021.34,62,142.67,22179.95,0,4,36,0.1873,0.1402,0.1414,0,0,0,0,0
C07007,22104.67,13761.5,15473.27,10747.11,59,201.25,55133.14,1,0,32,0.1718,0.3481,0.2038,0,0,1,0,0
C07008,38722.18,15509.7,36930.06,17303.6,56,318.54,107306.12,1,0,25,0.1096,0.2814,0.1326,0,0,0,0,0
C07009,41579.98,26816.52,34126.9,28966.26,51,642.68,86625.17,1,2,38,0.5172,0.2272,0.2237,0,0,0,0,0
C07010,23384.48,16809.99,28022.67,15124.99,60,311.27,54076.15,2,0,32,0.3832,0.1584,0.0805,0,0,0,0,0
C07011,34247.91,16890.39,39571.86,15619.09,68,283.21,42019.66,1,0,46,0.5413,0.3809,0.1925,0,0,0,0,0
C07012,37569.51,14535.4,34784.86,14881.16,91,195.19,119233.53,0,0,24,0.3147,0.3504,0.0484,0,0,0,0,0
C07013,37700.69,15565.28,40894.44,13836.92,50,265.56,93646.94,0,0,42,0.4163,0.1428,0.0633,0,0,0,0,0
C07014,48183.14,24624.43,57540.55,23495.55,69,274.74,147947.03,1,0,17,0.1857,0.2657,0.0238,0,0,0,0,0
C07015,33413.23,23925.39,40525.67,23796.41,69,390.11,91838.65,1,1,52,0.2882,0.3784,0.2461,0,2,0,0,0
C07016,87504.38,55602.51,87618.58,62209.32,71,1009.52,152822.81,1,0,8,0.5027,0.1248,0.2155,0,0,0,1,0
C07017,56056.19,41512.38,44000.59,40067.06,67,471.98,135763.76,4,3,54,0.1002,0.3266,0.0695,0,0,0,1,0
C07018,31295.1,24957.59,29485.46,24866.04,79,360.24,20659.18,2,0,43,0.5886,0.3234,0.0842,0,0,0,0,0
C07019,46955.14,20714.48,53619.83,24296.44,60,463.51,66022.99,2,1,18,0.4527,0.2625,0.1507,0,0,0,1,0
C07020,47582.71,31531.62,61946.37,26432.6,70,387.17,103597.85,0,0,39,0.3374,0.2893,0.2009,1,0,0,0,0
C07021,77733.57,43525.55,81113.5,46888.96,80,711.38,59993.16,1,2,20,0.649,0.4392,0.2002,0,1,1,1,0
C07022,34346.17,19648.24,33562.43,21548.79,67,399.24,99948.06,1,2,18,0.4392,0.4191,0.0685,0,0,0,0,0
C07023,63558.76,31557.67,85036.76,34714.05,69,406.02,92011.84,3,0,6,0.2531,0.2232,0.2091,0,0,1,0,0
C07024,45855.59,23117.2,50380.98,22882.27,70,263.31,148028.46,2,1,10,0.5621,0.2434,0.0208,0,0,0,0,0
C07025,88046.71,57611.33,79476.93,53130.11,77,521.34,257780.96,0,1,59,0.3273,0.1135,0.0994,1,1,0,0,0
C07026,80444.19,50628.46,83318.55,62391.57,54,1446.64,87857.97,0,0,53,0.5486,0.211,0.1502,0,0,0,0,0
C07027,49170.96,24257.34,57529.59,22977.05,70,262.17,11333.16,0,0,43,0.1643,0.1871,0.1982,0,0,0,0,0
C07028,39990.24,16130.52,41652.03,14774.85,57,264.65,16823.35,1,2,3,0.281,0.4447,0.189,0,0,0,0,0
C07029,56522.29,34490.39,64736.3,36298.52,71,386.35,26152.76,0,0,58,0.2659,0.3918,0.0496,0,0,0,0,0
C07030,41490.31,28326.61,35573.76,27230.52,73,393.51,48238.82,1,0,38,0.1298,0.2101,0.1201,0,0,0,0,0
C07031,95851.55,57643.19,84147.99,67793.95,66,979.8,25798.58,2,2,4,0.3954,0.2128,0.2115,1,2,0,0,1
C07032,46617.41,16392.68,44837.43,16690.68,76,184.44,81039.32,2,0,3,0.4609,0.3321,0.2031,0,0,0,0,0
C07033,37491.84,17885.18,38096.84,21313.0,69,342.35,79649.75,3,0,26,0.1655,0.2706,0.0678,0,0,0,0,0
C07034,36592.22,25627.75,39888.22,28289.27,66,420.8,101891.85,1,1,34,0.5434,0.4378,0.0352,1,0,0,0,0
C07035,26070.29,17835.9,29365.87,17896.81,79,225.06,81842.52,1,1,60,0.4072,0.1057,0.0236,0,0,0,0,0
C07036,57807.24,20503.34,77804.72,24269.43,67,463.85,16660.5,2,1,43,0.5782,0.3564,0.0935,0,3,0,0,0
C07037,31113.99,17474.65,29912.15,16983.61,66,228.73,107261.79,0,0,36,0.4679,0.3129,0.0732,0,0,0,0,0
C07038,73760.93,40331.97,74669.76,40799.13,51,1036.47,154010.3,1,0,11,0.2199,0.3076,0.1009,0,0,1,0,0
C07039,25149.59,16184.43,24262.35,18021.35,79,274.47,59130.03,0,0,44,0.5099,0.3958,0.0444,0,2,0,0,0
C07040,47651.84,19358.13,56206.61,20852.48,77,215.69,44901.38,0,3,36,0.1535,0.3875,0.1152,0,0,0,0,0
C07041,75509.86,47543.79,89560.28,46077.42,66,636.13,133467.75,1,0,55,0.1655,0.1737,0.0245,0,1,1,0,0
C07042,17084.15,13259.24,17020.62,11477.7,72,141.66,22823.73,1,2,56,0.4868,0.3869,0.02,0,0,0,1,0
C07043,111595.64,57727.01,144838.81,60484.21,62,1110.69,171019.95,0,0,22,0.3376,0.2581,0.1447,1,0,0,0,0
C07044,37161.9,18648.23,35858.71,17953.5,76,203.04,52400.83,2,1,46,0.4346,0.1791,0.2107,0,1,0,0,0
C07045,47949.84,17392.51,56273.46,18324.01,65,244.62,35588.22,3,1,22,0.5618,0.4409,0.0412,0,1,0,1,0
C07046,58195.88,21871.63,71263.35,21860.33,57,437.86,74884.26,2,2,16,0.052,0.2833,0.082,0,0,0,0,0
C07047,62390.97,47991.61,55316.49,46258.72,71,759.25,164694.0,0,1,54,0.5145,0.3075,0.1492,0,1,0,0,0
C07048,50902.41,40160.77,56975.88,40876.49,70,666.22,55826.61,2,1,41,0.3228,0.4318,0.2153,0,1,1,0,0
C07049,70491.04,24850.82,50964.63,25874.4,71,363.57,186788.89,0,1,41,0.1002,0.3439,0.1082,0,2,0,0,0
C07050,56840.23,42931.76,65304.05,48658.9,77,724.36,98617.72,2,0,44,0.2952,0.2054,0.2183,0,0,1,0,0
C07051,99390.75,42567.27,91221.55,46857.31,79,625.53,338858.41,2,1,26,0.2481,0.1697,0.0422,0,0,0,0,0
C07052,56923.59,34302.81,63646.06,44639.3,65,834.04,79163.53,0,0,44,0.064,0.4194,0.1668,0,0,1,0,0
C07053,108934.68,71370.02,124250.75,76149.84,77,1111.9,368281.32,1,2,7,0.3945,0.2321,0.1412,0,1,0,0,0
C07054,67501.37,34532.11,79949.75,33470.19,83,430.61,24699.17,0,1,42,0.4191,0.287,0.179,1,0,0,0,0
C07055,19966.88,11741.42,23098.2,12094.18,78,166.12,10473.88,0,0,43,0.3745,0.2808,0.0511,0,0,0,0,0
C07056,145715.88,92149.85,153979.05,103041.85,61,1479.36,154098.98,3,0,37,0.3817,0.2638,0.1863,1,0,0,0,0
C07057,34750.98,15195.45,34901.89,17784.92,58,323.5,108075.82,1,1,47,0.2733,0.3334,0.0246,0,1,0,0,0
C07058,88204.44,70335.59,91827.29,85174.73,58,1887.14,231058.78,3,4,33,0.5354,0.2135,0.1139,0,0,0,1,0
C07059,45545.85,20119.74,41723.64,18670.3,70,338.14,50259.98,0,0,6,0.4714,0.1459,0.1019,0,0,0,0,0
C07060,72541.09,25726.86,74325.41,30966.93,68,351.77,16297.8,2,0,35,0.3162,0.1381,0.1467,0,0,0,0,0
C07061,33011.2,25581.31,33510.22,26719.1,78,320.72,95953.03,3,1,28,0.3097,0.3432,0.1714,0,0,1,1,0
C07062,59635.29,32388.37,56976.38,30405.1,66,385.3,179852.35,1,1,37,0.06,0.4276,0.1751,0,0,0,0,0
C07063,40154.19,21256.78,33771.95,21799.82,81,313.1,42552.75,0,0,19,0.287,0.1503,0.1258,0,0,0,0,0
C07064,91580.09,43413.73,82126.06,51892.03,66,814.61,25503.57,1,2,5,0.2264,0.1419,0.1705,0,2,0,0,0
C07065,54820.44,19824.41,38374.31,21903.45,76,355.15,186615.99,2,2,44,0.3534,0.1953,0.1541,0,1,0,0,0
C07066,68568.74,32162.56,69463.87,29092.79,74,305.49,97929.46,1,0,15,0.4107,0.2322,0.1268,0,0,0,0,0
C07067,16993.45,8955.3,18578.25,8108.61,64,135.9,16160.96,1,0,59,0.2369,0.3868,0.1049,0,1,0,0,0
C07068,43300.09,25293.67,31526.45,22818.04,59,383.18,146861.38,0,0,13,0.1877,0.3538,0.2471,0,2,0,0,0
C07069,54131.2,30093.69,58375.4,28956.62,87,350.0,143457.47,0,0,15,0.4056,0.2468,0.0908,0,1,0,0,0
C07070,49763.87,37102.26,51520.69,39302.2,55,850.22,37478.85,0,2,53,0.1255,0.2795,0.1883,0,1,0,0,0
C07071,69351.19,52713.73,63025.62,48225.59,73,797.34,118633.39,2,2,14,0.5498,0.4343,0.1976,0,2,0,1,0
C07072,38168.31,18806.28,38101.72,18779.97,82,160.34,60737.87,1,1,21,0.292,0.3112,0.0861,0,0,0,0,0
C07073,45998.86,35961.89,54099.1,43810.37,74,717.99,68638.68,3,1,9,0.3207,0.2284,0.246,0,0,0,0,0
C07074,76570.7,56602.62,71447.92,70421.42,71,1277.75,185708.78,1,0,39,0.3731,0.2808,0.0983,0,0,0,1,0
C07075,16139.22,12385.81,17098.89,15309.57,67,265.01,10124.52,2,1,54,0.4526,0.4054,0.0686,0,0,1,0,0
C07076,58666.58,39180.41,64039.94,32700.42,68,393.28,97089.08,0,1,24,0.1154,0.1663,0.2471,0,2,0,0,0
C07077,38722.25,17007.68,36837.83,21273.99,61,306.23,76655.72,1,0,38,0.3485,0.2538,0.1652,0,1,0,0,0
C07078,29848.04,13069.04,34951.84,13866.3,78,134.96,67309.43,1,1,29,0.2759,0.2587,0.1894,0,0,0,0,0
C07079,52358.14,39734.24,57513.37,42092.72,69,789.05,36441.05,1,0,33,0.4978,0.1375,0.2254,0,1,0,0,0
C07080,78180.13,45201.44,79725.81,53042.47,72,698.87,230157.65,1,1,19,0.1876,0.4022,0.0911,1,0,0,0,0
C07081,71828.2,53922.17,95789.29,61170.13,85,893.46,146289.03,1,0,34,0.0573,0.2745,0.1904,0,1,0,0,0
C07082,42345.48,28551.29,49608.13,23576.48,79,346.75,142423.28,0,2,45,0.134,0.1753,0.0815,0,2,0,0,0
C07083,66736.09,29739.64,56569.56,29040.88,77,344.23,94237.64,1,0,30,0.1713,0.2749,0.0576,0,0,0,0,0
C07084,66506.06,34792.11,66725.6,35003.36,68,440.38,214115.95,1,1,33,0.5389,0.126,0.0216,0,0,0,1,0
C07085,43265.06,33985.63,58234.65,30259.72,70,420.71,22501.68,2,1,56,0.274,0.1778,0.0892,1,1,0,1,0
C07086,32942.92,11820.32,30707.35,13825.74,57,218.48,112151.1,2,0,29,0.3957,0.1123,0.25,0,1,0,0,0
C07087,33811.71,22706.68,35771.44,27762.82,69,416.05,93465.75,0,0,44,0.3477,0.1214,0.174,0,0,0,0,0
C07088,65607.93,51859.84,78579.87,54387.1,66,591.47,107185.13,1,0,56,0.3541,0.2681,0.2215,1,1,0,0,0
C07089,44154.57,17523.45,49818.66,19027.51,43,475.2,19880.98,1,0,44,0.2864,0.3774,0.0491,0,0,0,0,0
C07090,28103.12,13275.82,32194.27,13921.64,78,219.98,80295.58,1,0,47,0.5462,0.1955,0.0743,0,2,1,0,0
C07091,21083.15,12568.85,24003.4,13346.84,93,119.83,33562.76,0,3,7,0.5757,0.3563,0.0985,0,2,0,1,0
C07092,65430.38,47744.17,68901.27,56534.91,78,656.91,149800.64,0,2,32,0.477,0.1992,0.1733,0,0,0,0,0
C07093,35184.73,20334.32,33598.68,17043.01,73,291.2,57967.79,1,0,60,0.2835,0.3586,0.0612,0,1,0,0,0
C07094,52213.29,19674.92,57548.01,21806.35,63,386.98,49500.64,0,1,12,0.5309,0.3874,0.0952,0,0,0,0,0
C07095,78612.49,32013.6,78743.52,33659.81,77,309.56,36164.84,2,0,31,0.4692,0.1176,0.2027,0,0,0,0,0
C07096,24969.29,12963.42,24775.47,12501.7,70,169.02,86399.01,1,0,13,0.1566,0.3699,0.1997,0,1,0,0,0
C07097,44095.19,21833.44,54144.33,21606.32,77,216.85,45877.8,1,1,4,0.6263,0.3821,0.0621,0,0,0,1,0
C07098,41672.86,18705.09,41851.24,23753.3,73,273.78,70363.46,0,0,42,0.1987,0.4124,0.0903,0,0,0,0,0
C07099,53385.91,38868.03,66985.2,34619.75,75,535.71,111276.2,1,0,49,0.0553,0.1681,0.0902,0,3,0,0,0
C07100,78593.15,28458.32,84944.41,29305.62,60,367.53,218131.36,0,2,39,0.392,0.3959,0.0943,0,0,0,0,0
C07101,24739.7,17891.87,25504.21,22285.01,68,294.7,27310.58,1,2,44,0.3031,0.1832,0.1389,0,0,0,0,0
C07102,58152.66,44472.6,48376.76,39917.91,69,460.12,158830.21,1,1,7,0.1512,0.3061,0.1574,0,2,0,0,0
C07103,71582.33,45350.98,93370.75,45136.02,78,671.96,43885.7,1,0,43,0.084,0.1566,0.1338,0,0,0,0,0
C07104,41379.8,26127.52,43419.15,27566.55,69,372.75,119901.26,0,1,18,0.2462,0.3563,0.0218,0,0,0,0,0
C07105,42301.03,17641.98,32889.32,19397.7,61,314.58,134632.81,0,1,25,0.1422,0.191,0.0542,0,1,0,0,0
C07106,54323.92,32906.34,63478.98,34234.52,81,330.28,172788.0,2,1,31,0.4934,0.156,0.0343,0,0,0,1,0
C07107,52553.42,27266.21,54864.56,25699.94,74,432.24,17922.03,0,0,33,0.0792,0.2652,0.0368,0,1,0,0,0
C07108,58482.13,26496.64,54870.32,29244.03,71,502.91,107812.52,3,0,12,0.4496,0.1628,0.2113,0,1,0,0,0
C07109,57930.19,35482.15,67299.94,36827.9,57,758.13,181727.52,1,1,44,0.3006,0.107,0.1133,0,1,0,0,0
C07110,28926.99,10139.94,21526.08,11410.79,63,217.16,81457.02,0,1,38,0.1402,0.2794,0.0451,0,1,0,0,0
C07111,70265.6,33333.0,67757.73,38694.39,67,749.27,218296.5,1,2,3,0.5506,0.3687,0.2412,0,1,1,1,0
C07112,76074.64,49084.79,77145.14,42784.82,64,684.19,194864.02,1,1,48,0.5994,0.3407,0.1006,0,0,0,0,0
C07113,48930.44,27145.06,56380.72,31867.64,69,563.82,147309.53,1,2,20,0.2109,0.1961,0.1745,0,0,0,0,0
C07114,22972.38,9545.9,30296.67,9731.52,79,151.02,9146.63,0,0,26,0.3658,0.1936,0.172,0,0,0,0,0
C07115,42735.37,14982.73,43616.9,17215.53,83,204.92,36433.94,3,0,53,0.421,0.3207,0.043,0,0,0,0,0
C07116,49114.05,23166.98,54280.52,25698.32,69,300.18,127138.68,0,0,53,0.4539,0.3705,0.2119,0,0,1,0,0
C07117,26885.64,16052.79,37096.99,20427.01,76,279.72,77586.33,0,0,13,0.4713,0.4065,0.1979,1,0,0,0,0
C07118,38267.48,22598.69,40202.6,23745.58,65,427.77,30749.62,1,1,18,0.0751,0.2181,0.1868,0,0,0,0,0
C07119,23865.8,9760.69,26399.96,9776.33,73,147.68,68145.96,2,0,23,0.3892,0.23,0.1564,0,1,0,0,0
C07120,59142.16,37032.67,53317.71,36604.73,82,504.54,56412.29,1,2,15,0.3252,0.164,0.1866,0,0,0,0,0
C07121,48489.26,38767.94,62313.55,35881.62,55,530.32,116000.51,1,0,7,0.2449,0.4144,0.1598,0,0,0,0,0
C07122,21457.2,13157.34,20694.24,15091.1,66,174.39,40951.35,1,0,30,0.2559,0.2823,0.0453,0,0,0,0,0
C07123,52710.87,30964.32,57045.21,28419.98,79,318.16,144361.29,0,0,18,0.3702,0.277,0.1327,0,2,0,0,0
C07124,43870.12,27646.29,47328.33,31680.42,76,427.36,71443.17,1,0,31,0.1758,0.3102,0.1494,0,0,0,0,0
C07125,56772.32,42343.74,60192.32,43325.29,62,579.15,49404.78,0,0,29,0.1326,0.3534,0.2311,0,2,0,0,0
C07126,37730.66,29267.66,37650.76,24538.38,80,250.13,109942.31,1,1,22,0.1408,0.3685,0.2192,0,1,1,0,0
C07127,31374.54,11560.42,33851.85,14203.05,63,291.1,102223.39,2,1,54,0.551,0.4016,0.1291,0,0,0,0,0
C07128,31810.05,14067.91,40108.72,9847.54,73,155.58,71886.75,0,1,12,0.3094,0.1331,0.1456,0,4,0,0,0
C07129,35321.29,14202.47,46755.22,14773.26,61,221.83,107851.83,1,0,42,0.2087,0.4334,0.1917,0,0,0,0,0
C07130,45382.83,31657.21,46698.15,34128.85,63,419.14,12373.3,0,0,23,0.0908,0.1428,0.2126,1,0,0,0,0
C07131,48098.15,17820.52,47908.86,13780.15,61,178.54,96178.73,2,0,36,0.5738,0.2197,0.1473,1,1,0,0,0
C07132,41299.01,31229.72,39355.82,34444.84,68,475.18,60793.96,1,2,34,0.6153,0.1819,0.0383,0,0,0,1,0
C07133,37194.79,13362.23,51043.76,12956.35,89,120.33,94766.94,1,1,46,0.4952,0.207,0.0925,0,0,0,0,0
C07134,38418.19,23863.31,40933.05,24344.81,72,241.53,49358.86,0,2,58,0.5533,0.1452,0.2458,0,0,0,0,0
C07135,139092.43,65931.1,164658.32,79853.2,73,1295.66,34052.41,0,1,36,0.1351,0.107,0.1813,0,1,0,0,0
C07136,31811.76,17870.37,36061.79,19069.95,57,286.47,55975.14,3,1,3,0.2409,0.3082,0.1652,1,1,0,0,0
C07137,35007.95,19214.06,46035.74,19366.48,65,362.42,75676.65,1,2,8,0.1162,0.1827,0.0262,0,1,0,0,0
C07138,198124.74,136112.09,202141.91,140133.5,63,2812.89,482806.66,1,2,26,0.3234,0.1214,0.0513,0,0,0,0,0
C07139,54386.64,31190.13,49880.8,39397.27,71,549.52,160367.6,0,1,37,0.2659,0.3355,0.1842,0,2,0,0,0
C07140,24183.51,13048.2,30788.86,14334.15,76,160.6,84628.73,1,0,43,0.4528,0.1378,0.1582,0,0,0,0,0
C07141,65750.79,44620.11,76165.51,42119.09,72,634.62,178593.95,1,0,48,0.4024,0.4038,0.1954,0,0,0,0,0
C07142,29878.67,22905.38,33008.58,22708.44,68,423.89,36096.7,0,0,44,0.5398,0.4252,0.0242,0,2,1,0,0
C07143,67744.29,47913.17,83611.57,43466.42,80,625.68,223748.29,2,0,49,0.5174,0.2765,0.1359,0,0,0,0,0
C07144,40924.52,27890.99,45491.69,27773.7,67,328.41,99772.57,3,0,47,0.1756,0.1187,0.195,0,0,0,0,0
C07145,36920.03,21025.03,45721.33,26133.01,70,445.8,116388.83,0,0,13,0.3727,0.335,0.108,0,1,1,0,0
C07146,92831.57,70096.85,100220.13,72202.55,66,1135.43,145912.83,0,0,21,0.1743,0.4248,0.2221,0,2,0,0,0
C07147,58063.84,33029.1,67251.51,29381.31,77,371.86,38820.92,1,1,39,0.4906,0.1046,0.0239,0,0,0,0,0
C07148,69721.43,53589.89,77611.59,59040.58,82,582.68,170802.54,1,0,11,0.0972,0.2499,0.205,0,0,0,0,0
C07149,54728.05,38928.88,55328.19,39041.41,79,505.97,35445.11,0,0,14,0.5781,0.1321,0.2247,0,1,1,0,0
C07150,36842.88,15386.22,37776.97,17192.09,79,248.8,113153.98,2,0,7,0.2126,0.113,0.0309,1,0,0,0,0
C07151,59250.37,21990.57,59419.62,22450.44,83,250.72,137335.9,0,0,8,0.3101,0.4385,0.1426,0,0,0,0,0
C07152,77541.2,52990.5,83888.6,64830.29,80,1030.63,128767.98,0,0,8,0.4878,0.3378,0.0933,0,2,0,0,0
C07153,47812.86,31490.87,47588.32,29624.17,65,365.38,29846.86,0,1,7,0.4515,0.1087,0.0937,0,2,0,0,0
C07154,101230.66,62858.16,111587.36,57212.28,64,637.34,114190.82,1,0,34,0.3385,0.1433,0.0794,0,1,0,0,0
C07155,65981.98,52080.09,72463.27,60543.73,76,800.05,74747.05,2,0,33,0.6193,0.1748,0.0834,0,2,0,0,0
C07156,49504.06,29476.27,53197.98,23863.2,68,281.63,17438.73,0,1,38,0.4604,0.2528,0.0349,0,0,0,0,0
C07157,50391.95,25526.29,54257.12,26275.95,68,419.34,34382.25,2,0,6,0.0569,0.1841,0.0287,0,1,1,0,0
C07158,47866.66,28922.69,47007.98,33147.54,73,435.94,105697.4,1,0,49,0.236,0.219,0.1166,1,0,0,0,0
C07159,25625.94,9296.71,26040.13,7313.47,78,100.0,8353.81,1,1,3,0.4406,0.219,0.1895,0,0,0,0,0
C07160,43212.51,26388.54,36710.19,27912.66,79,343.75,76227.29,2,1,12,0.4841,0.4062,0.0821,0,0,0,0,0
C07161,49709.52,37585.05,51479.96,32717.26,60,421.32,107638.09,0,1,31,0.2012,0.2908,0.1625,0,0,0,0,0
C07162,37316.07,13133.34,34767.49,10882.53,70,134.45,37829.14,1,0,33,0.1008,0.201,0.1066,0,0,0,0,0
C07163,52384.84,38261.19,55631.77,35280.15,78,438.12,182503.77,0,1,53,0.277,0.2494,0.1428,0,0,0,0,0
C07164,45433.55,32297.26,43809.82,33201.35,69,557.46,77701.05,1,0,53,0.2791,0.3138,0.1779,1,1,0,0,0
C07165,63740.74,25352.65,51242.4,24472.78,88,342.28,171343.71,0,0,51,0.3446,0.1028,0.0958,0,0,0,0,0
C07166,60646.57,44337.11,80071.25,52444.07,62,729.81,56656.57,0,0,48,0.2398,0.2519,0.0867,0,1,0,0,0
C07167,48515.41,33650.06,49593.83,35665.24,65,435.85,15168.11,0,1,29,0.3456,0.1269,0.2138,0,0,0,0,0
C07168,24322.86,13887.65,29762.59,13767.17,76,166.53,10739.38,0,1,3,0.413,0.2555,0.1185,0,0,0,0,0
C07169,100734.44,46372.72,99400.84,41402.1,82,465.05,117367.72,0,0,8,0.0928,0.3455,0.1791,0,3,0,0,0
C07170,42216.52,20248.95,52929.97,21805.95,76,278.9,50799.0,2,1,38,0.2418,0.4489,0.1289,0,0,0,0,0
C07171,43391.5,27142.41,39564.21,35205.55,65,578.05,36139.08,0,2,33,0.5126,0.4145,0.0913,0,3,0,0,0
C07172,38572.06,17775.42,41315.45,17164.84,79,207.23,50321.07,0,0,56,0.4183,0.2349,0.0476,0,1,0,0,0
C07173,36121.1,17930.88,33192.59,17567.49,67,223.5,21721.4,0,0,11,0.1163,0.1004,0.1407,0,0,1,0,0
C07174,90151.23,69315.24,122794.02,63958.15,67,714.66,281715.26,1,1,43,0.284,0.3904,0.1779,0,0,0,0,0
C07175,83963.52,56943.88,85650.23,67882.89,79,1015.79,101130.39,1,1,10,0.5595,0.1879,0.1963,0,1,0,0,0
C07176,54961.86,37441.85,63173.95,43479.0,67,741.97,143620.1,1,0,3,0.2988,0.3116,0.0715,0,0,0,0,0
C07177,42874.94,33449.8,47336.9,33330.97,78,518.46,137935.0,1,0,10,0.0543,0.2032,0.1189,0,2,0,0,0
C07178,59457.73,20965.23,62248.56,20506.4,67,248.99,195531.58,2,1,19,0.3562,0.2766,0.1752,0,0,0,0,0
C07179,46519.48,21399.83,51735.54,20046.02,70,346.52,96199.68,0,1,34,0.1504,0.1861,0.1463,1,1,0,0,0
C07180,41308.25,26688.77,50111.07,27096.65,67,502.33,52742.2,1,1,41,0.5231,0.4007,0.2412,0,0,0,0,0
C07181,52394.95,28671.68,59215.97,33614.26,77,527.01,167166.8,0,0,15,0.5109,0.4213,0.1819,0,0,0,0,0
C07182,36897.42,14787.09,39461.59,15600.13,78,144.6,125780.17,1,1,51,0.3634,0.4459,0.0318,0,1,0,0,0
C07183,50409.59,35365.11,56071.53,42597.9,66,585.88,135286.04,0,1,27,0.509,0.3043,0.1864,1,0,0,0,0
C07184,49331.45,18310.98,63134.62,17644.11,75,301.25,104056.65,2,1,50,0.1778,0.1357,0.1249,0,1,0,0,0
C07185,59026.33,35104.91,59025.32,27117.63,68,408.04,44192.99,1,0,32,0.4738,0.1817,0.1953,0,0,0,0,0
C07186,34057.52,20540.4,28183.74,27989.17,69,471.24,77259.34,1,0,40,0.5388,0.2376,0.0255,0,0,0,0,0
C07187,61943.57,39407.42,56890.21,42392.53,59,636.17,60461.99,2,0,59,0.6202,0.355,0.1998,0,1,0,0,0
C07188,29928.83,14725.94,27754.36,16837.98,68,239.77,23599.92,0,2,34,0.1626,0.148,0.0749,0,1,0,0,0
C07189,34778.78,12541.94,32839.74,11983.8,69,161.52,52932.01,0,1,8,0.2609,0.2436,0.0392,0,0,0,0,0
C07190,35468.54,26602.91,33637.34,23583.35,60,462.94,53888.59,1,0,10,0.4257,0.2111,0.0508,0,0,0,0,0
C07191,27777.86,21337.34,29088.08,22800.44,71,253.57,52116.2,1,2,23,0.4849,0.4347,0.242,0,0,0,1,0
C07192,71073.21,40291.04,76737.05,32675.92,80,398.66,104500.53,0,2,17,0.1146,0.3266,0.1216,0,0,0,1,0
C07193,29095.66,10453.72,31376.77,10641.4,77,170.3,9469.32,0,1,55,0.6308,0.2035,0.1423,0,1,0,0,0
C07194,32856.52,20088.21,31620.02,23556.99,81,354.39,58790.68,1,0,43,0.0707,0.1925,0.1235,0,1,0,0,0
C07195,79169.88,38964.92,92570.81,43010.12,78,655.51,94444.65,0,0,26,0.5502,0.4342,0.0765,0,0,0,0,0
C07196,34809.85,15041.98,38782.86,16254.19,74,167.69,74847.16,0,0,36,0.3166,0.3257,0.2106,0,0,0,0,0
C07197,41346.93,17614.98,51260.15,22181.64,72,322.92,65455.86,3,0,36,0.3428,0.3147,0.2008,0,1,0,0,0
C07198,28538.37,12290.47,32865.11,13458.57,68,176.84,43819.21,1,0,9,0.4757,0.142,0.064,0,2,0,0,0
C07199,65463.36,32658.26,65990.74,26827.74,66,521.41,197989.23,1,0,50,0.1739,0.1885,0.1372,0,0,0,0,0
C07200,65870.7,31372.84,79483.45,32380.27,73,464.22,174279.68,1,0,32,0.364,0.1275,0.0645,0,2,0,0,0
C07201,62751.86,45582.39,67949.61,58392.79,65,1114.59,176512.99,0,2,45,0.2192,0.1751,0.0769,0,0,0,0,0
C07202,57314.34,32834.91,65668.33,33257.41,81,331.77,131443.18,1,0,42,0.1654,0.1143,0.0799,1,0,1,0,0
C07203,46515.13,25231.73,52862.19,32137.44,75,512.55,144391.23,2,0,42,0.3317,0.4478,0.0969,1,0,0,0,0
C07204,35541.21,14771.82,36788.06,17324.94,67,245.34,81177.94,1,0,58,0.1069,0.1172,0.2191,0,1,0,0,0
C07205,31184.66,23206.09,33130.35,23228.9,76,302.97,9204.38,0,0,14,0.3327,0.2347,0.1326,0,0,0,0,0
C07206,80408.51,30126.65,83161.3,27726.78,67,493.95,149431.63,2,0,14,0.465,0.2462,0.0802,0,0,0,0,0
C07207,63486.32,29063.34,60162.58,31701.93,60,433.0,133067.75,0,1,41,0.1105,0.2992,0.2295,1,1,0,0,1
C07208,32939.6,20740.83,26109.13,24940.02,73,272.55,103469.92,0,0,16,0.532,0.1272,0.1103,0,0,0,0,0
C07209,45813.87,30513.89,44290.25,26259.14,77,249.3,87142.74,1,2,48,0.4144,0.2331,0.0415,0,0,0,0,0
C07210,39315.18,27934.24,42220.57,29734.5,75,405.94,38526.96,0,0,56,0.0683,0.2916,0.1476,0,1,0,0,0
C07211,27084.66,14480.3,31967.22,11657.13,72,181.19,45675.67,0,2,26,0.5256,0.2003,0.1492,0,0,0,0,0
C07212,48745.15,24666.65,55838.48,24894.8,87,359.7,77757.89,0,1,32,0.0942,0.4349,0.115,1,0,0,0,0
C07213,37326.02,17910.83,37939.9,15249.85,63,281.05,76057.78,1,1,55,0.6152,0.297,0.1196,0,0,0,0,0
C07214,29312.7,17753.02,28385.8,19838.44,81,262.33,31476.98,1,0,60,0.1947,0.1897,0.1821,0,0,0,0,0
C07215,23128.2,11723.36,23785.39,11340.25,76,149.96,29808.04,3,0,35,0.1315,0.2323,0.1526,0,0,0,0,0
C07216,22263.55,11079.29,20771.88,13172.88,69,185.95,75048.59,1,1,38,0.2061,0.4499,0.1367,0,1,0,0,0
C07217,38073.58,13615.15,30312.96,13412.84,59,218.77,68970.87,1,2,48,0.359,0.3723,0.0826,1,0,0,0,0
C07218,43309.4,33640.24,37444.56,32772.7,61,635.84,129884.29,0,0,43,0.5067,0.1862,0.2458,0,0,0,0,0
C07219,30349.41,11449.84,36873.59,9803.13,71,126.18,102369.06,1,0,9,0.5739,0.3587,0.1556,0,0,0,0,0
C07220,60309.84,28459.74,76766.84,31218.23,70,396.3,173267.51,1,1,38,0.3434,0.2756,0.2397,0,0,0,0,0
C07221,43692.07,33408.65,49829.62,37051.93,71,644.81,65754.29,0,0,13,0.4768,0.1736,0.1318,0,1,0,0,0
C07222,58338.42,39723.02,60848.24,46188.71,69,818.62,49840.98,1,0,60,0.5564,0.138,0.0463,0,0,1,0,0
C07223,41444.39,25287.83,36588.87,28540.46,70,465.6,118283.09,0,0,53,0.2918,0.2554,0.0521,0,1,0,0,0
C07224,31577.96,20442.51,32546.28,22448.99,74,331.51,70477.96,2,0,32,0.3863,0.4076,0.1684,0,1,1,0,0
C07225,47371.24,18648.97,53217.84,20914.86,63,304.87,59201.27,0,3,5,0.2366,0.1304,0.0772,0,0,0,1,0
C07226,25494.4,18200.23,29308.0,20632.14,61,392.28,73134.02,0,0,6,0.6095,0.1671,0.0829,0,1,0,0,0
C07227,57363.59,26533.42,64973.29,30750.08,78,461.76,120437.92,2,1,6,0.1582,0.223,0.1363,0,0,0,0,0
C07228,29516.38,23031.52,35276.45,19961.22,69,290.19,81965.52,2,1,9,0.3071,0.2224,0.1068,0,1,0,1,0
C07229,68024.45,30891.16,87285.86,30723.79,82,349.48,127450.44,1,0,57,0.4201,0.4296,0.1267,0,1,0,0,0
C07230,38642.68,24399.53,38696.68,20867.29,71,226.63,85836.7,1,0,13,0.2621,0.1564,0.0641,1,0,0,0,0
C07231,72588.21,43218.73,100653.54,47102.2,54,913.56,101969.23,1,0,5,0.0785,0.1964,0.088,0,0,0,0,0
C07232,27152.85,11252.04,21928.85,14015.49,66,215.01,36424.87,0,1,32,0.3766,0.3996,0.0913,0,0,0,0,0
C07233,33170.67,17027.08,31731.15,19709.88,73,292.23,85520.8,0,0,37,0.4377,0.3517,0.1064,0,0,0,0,0
C07234,53414.55,37474.67,57367.23,36618.52,80,324.1,78108.31,1,1,50,0.3376,0.1834,0.0766,0,0,0,0,0
C07235,76201.88,33960.48,85032.39,37718.2,75,540.49,117234.67,2,0,33,0.1065,0.1246,0.1102,0,0,0,0,0
C07236,95262.52,74617.78,97949.28,81473.13,63,1543.41,112771.39,0,1,21,0.09,0.2042,0.1523,0,1,0,0,0
C07237,45845.51,22141.9,45410.35,23868.42,68,369.73,129692.16,0,1,35,0.4828,0.1975,0.0867,0,0,0,0,0
C07238,102888.72,65028.22,135227.7,58109.12,69,817.86,301685.02,1,0,37,0.1999,0.2677,0.1554,0,1,0,0,0
C07239,39500.5,24825.68,38899.2,29984.86,84,463.14,28397.3,0,0,40,0.1455,0.442,0.0626,0,0,0,0,0
C07240,73781.49,41454.15,68445.26,37666.45,78,515.91,181853.41,0,0,14,0.5316,0.2835,0.2108,0,0,0,0,0
C07241,29449.62,18992.42,36897.4,19106.2,64,351.91,29757.94,0,1,7,0.3503,0.3914,0.037,0,1,0,0,0
C07242,54366.75,37220.0,62624.97,43364.91,71,508.93,54607.39,0,1,6,0.3694,0.1567,0.1129,0,2,0,0,0
C07243,15688.07,9860.76,18533.35,9911.94,57,141.97,13000.84,0,0,50,0.136,0.2588,0.1227,0,1,1,0,0
C07244,27165.47,16353.54,29162.25,17326.85,76,285.93,25341.23,3,0,52,0.5554,0.1586,0.2274,0,0,0,0,0
C07245,55515.77,34585.34,49124.88,36811.0,66,700.76,83579.88,2,0,38,0.4426,0.2873,0.2175,0,1,1,0,0
C07246,24929.83,13234.75,26429.47,14001.17,63,172.68,29079.86,1,0,11,0.434,0.3171,0.0728,0,1,0,0,0
C07247,54532.12,20825.43,47353.37,22154.23,74,382.66,48058.67,0,3,43,0.1872,0.1119,0.0447,0,0,0,0,0
C07248,67664.97,28545.43,73015.7,30705.47,78,447.77,153747.96,3,0,40,0.173,0.3984,0.2193,0,2,0,0,0
C07249,35911.89,22373.71,40523.28,23692.96,60,347.28,101383.21,0,0,42,0.5461,0.2782,0.2303,0,0,0,0,0
C07250,29096.96,22324.01,34306.78,21041.3,62,281.94,47386.3,0,0,33,0.1022,0.3771,0.2393,0,1,0,0,0
C07251,36353.06,13144.66,37767.69,11356.92,78,158.83,8198.27,0,0,30,0.3626,0.1973,0.1121,0,0,0,0,0
C07252,29138.11,17331.81,33210.77,20274.33,68,226.14,63403.09,0,0,3,0.4107,0.1216,0.1794,1,1,0,0,0
C07253,42996.4,19925.72,40482.77,23417.77,60,439.62,126241.53,1,0,7,0.6176,0.1429,0.2165,0,1,0,0,0
C07254,47115.56,28400.46,54936.54,30970.61,56,659.95,104806.07,0,0,50,0.1733,0.1614,0.227,0,0,0,0,0
C07255,39211.02,26951.53,44345.68,29363.55,75,393.63,117229.07,0,1,29,0.055,0.3949,0.0774,1,0,0,0,0
C07256,95595.35,65096.03,91195.01,61201.81,77,950.1,22774.95,1,1,7,0.2954,0.1376,0.1462,0,1,0,0,0
C07257,32554.99,22013.64,36254.66,16672.47,73,252.31,30523.78,1,2,40,0.2335,0.2602,0.2099,0,0,0,0,0
C07258,84167.38,58960.56,99382.03,60149.05,76,828.75,197747.33,2,1,21,0.2701,0.2454,0.0234,0,1,0,0,0
C07259,28165.7,10778.3,29839.8,8863.19,83,102.09,40581.22,1,0,31,0.4568,0.4262,0.2367,0,0,0,0,0
C07260,46498.14,26936.84,44233.61,28879.74,76,414.74,39604.31,0,2,16,0.6196,0.2299,0.2097,1,0,0,1,0
C07261,76635.46,35850.09,82101.92,43253.45,70,793.76,246761.24,0,0,3,0.5761,0.1358,0.1066,0,0,0,0,0
C07262,74871.49,57244.63,83578.6,55874.38,73,589.89,114687.84,1,1,3,0.5192,0.3755,0.0855,0,0,0,0,0
C07263,37246.07,26157.75,35398.58,25711.93,75,274.68,111209.06,1,0,57,0.5896,0.1644,0.0984,0,1,1,0,0
C07264,57768.51,23014.7,53671.73,21387.57,80,293.49,195651.49,1,1,25,0.2377,0.1896,0.1311,0,0,0,0,0
C07265,54390.69,24990.39,60514.8,26372.61,70,486.29,15749.37,2,1,3,0.0756,0.3317,0.1669,0,0,0,0,0
C07266,35293.18,19582.39,40544.74,20483.42,56,365.68,117455.46,1,1,28,0.4036,0.141,0.2183,0,1,0,0,0
C07267,59373.02,46507.42,77658.18,43145.13,78,518.64,153007.2,0,0,15,0.2496,0.1553,0.2313,0,0,0,0,0
C07268,104040.89,41549.03,117554.47,48176.48,69,891.08,287502.95,2,1,28,0.1464,0.3806,0.235,0,0,0,0,0
C07269,55641.41,33695.75,50350.48,46307.54,89,451.27,45149.12,0,0,54,0.5289,0.2306,0.2433,0,0,0,0,0
C07270,58062.67,29239.16,75178.03,34875.98,52,601.82,45435.36,0,1,6,0.5752,0.1175,0.2386,0,0,0,1,0
C07271,60893.85,39024.02,71647.61,40457.27,54,714.13,107282.64,1,1,8,0.6444,0.4319,0.0421,0,0,0,0,0
C07272,23317.94,14968.21,18872.78,15496.51,72,217.73,16415.6,1,1,27,0.2798,0.4191,0.1457,0,0,0,0,0
C07273,55354.81,25367.24,51278.77,25072.29,68,270.05,142051.91,1,1,42,0.0691,0.3375,0.2295,0,0,1,0,0
C07274,28477.68,20037.3,28221.75,19754.76,62,300.0,90524.62,1,0,40,0.3804,0.3014,0.1501,0,0,0,0,0
C07275,34508.77,13495.28,39704.81,15721.71,66,250.03,115231.93,1,0,36,0.5081,0.1203,0.062,0,1,0,0,0
C07276,119049.13,85496.62,91008.94,100048.56,63,1229.49,142958.96,2,0,6,0.3162,0.2149,0.0668,0,1,0,1,0
C07277,40152.9,17883.5,41586.62,16267.85,70,226.98,76538.68,0,0,6,0.1413,0.1684,0.1352,0,0,0,0,0
C07278,32252.13,19845.08,36887.6,21709.68,78,246.15,26620.18,0,0,26,0.4582,0.1329,0.1001,1,0,0,0,0
C07279,75590.05,38270.44,53661.87,45286.75,70,496.16,99023.5,2,0,33,0.3477,0.342,0.0304,0,0,0,0,0
C07280,29376.88,18342.95,33478.21,18489.29,66,350.07,32685.96,0,1,22,0.4258,0.443,0.1178,0,0,0,0,0
C07281,36793.6,17305.43,42461.03,17731.42,66,245.76,70019.56,0,1,31,0.461,0.2019,0.1235,0,0,0,0,0
C07282,78943.78,47842.59,74870.42,54230.43,73,739.72,84693.06,0,3,35,0.221,0.2112,0.1794,0,0,0,0,0
C07283,45874.43,16225.29,41819.38,18447.02,61,306.9,11904.24,2,0,50,0.2485,0.304,0.2312,0,1,0,0,0
C07284,22285.67,11555.22,21093.94,12727.92,75,135.69,23972.44,0,1,19,0.4198,0.1542,0.0487,0,1,0,0,0
C07285,57481.19,41494.25,41923.81,44834.85,60,777.06,37126.26,0,0,6,0.3538,0.3563,0.1932,0,0,0,0,0
C07286,37646.98,21020.31,38055.73,23051.51,73,267.62,12428.83,2,1,60,0.4961,0.3026,0.2283,0,1,0,0,0
C07287,89980.74,51709.01,96850.91,52571.2,54,1034.91,158191.85,0,0,23,0.1424,0.4401,0.068,0,0,0,0,0
C07288,34256.57,21571.69,30956.96,19756.95,64,237.82,79347.37,0,2,23,0.5861,0.3411,0.1131,0,0,0,0,0
C07289,72219.8,39388.27,84254.93,34000.2,68,587.6,230153.8,2,0,47,0.0889,0.2724,0.1015,0,0,0,0,0
C07290,100055.66,74059.65,106289.93,83055.48,67,1509.97,88056.59,1,0,21,0.3742,0.1063,0.0994,0,0,1,0,0
C07291,30683.9,16308.37,33175.5,17335.53,73,305.92,13823.53,0,1,45,0.5743,0.3452,0.2188,0,1,0,0,0
C07292,41252.7,31935.72,41325.32,35278.19,63,692.85,107373.54,3,0,12,0.4593,0.2796,0.0384,0,0,0,1,0
C07293,53599.72,39911.54,61058.94,37937.29,57,731.13,102241.22,0,2,34,0.1524,0.1159,0.0795,0,1,0,0,0
C07294,30595.62,16506.02,36863.66,17534.51,74,186.43,98496.55,0,0,32,0.2335,0.1935,0.1183,1,1,0,0,0
C07295,50820.27,26152.64,50876.05,27707.07,65,320.72,88430.41,2,1,55,0.3685,0.2453,0.2371,0,0,0,0,0
C07296,40668.28,26616.68,46415.67,32032.67,68,352.1,124606.69,0,0,43,0.2752,0.3476,0.0504,0,0,0,0,0
C07297,40301.23,27803.34,46049.93,32035.3,62,622.09,16710.88,1,1,60,0.1303,0.3622,0.0879,0,0,0,0,0
C07298,46002.0,19948.2,50608.84,19174.3,76,292.39,160098.84,0,2,33,0.4898,0.408,0.1756,0,2,0,1,0
C07299,46466.5,21303.51,58141.05,23658.54,73,270.14,72501.19,0,3,19,0.5344,0.1041,0.1832,0,1,0,1,0
C07300,48444.02,20143.68,46642.93,19345.45,69,236.04,148301.12,0,1,16,0.3988,0.2995,0.2126,1,1,1,0,1
C07301,34370.22,23794.9,34350.09,17523.57,70,189.75,11016.7,0,3,15,0.4231,0.3874,0.0854,0,1,0,1,0
C07302,35052.09,23536.81,33536.61,29588.45,71,534.72,28690.0,0,0,46,0.5306,0.3954,0.1651,0,0,0,0,0
C07303,42661.55,18560.94,48506.29,18653.9,59,268.96,91324.96,0,0,22,0.0646,0.3364,0.123,0,1,0,0,0
C07304,44102.72,26090.89,44865.77,30649.9,82,451.76,11034.38,2,1,22,0.1939,0.439,0.242,0,0,0,0,0
C07305,36935.76,25630.01,35698.79,24877.48,79,365.01,75557.21,1,0,60,0.4658,0.41,0.1998,0,0,1,0,0
C07306,52062.0,40408.59,65055.52,38514.17,84,541.62,56946.59,1,1,5,0.1437,0.2138,0.0864,0,1,0,1,0
C07307,19886.07,8557.68,25198.45,8424.25,80,113.43,38770.09,0,0,8,0.3277,0.3575,0.1632,1,0,0,0,0
C07308,32393.33,15773.88,32735.31,17040.81,64,220.44,86517.49,0,1,53,0.4202,0.1777,0.235,0,2,0,0,0
C07309,39673.96,20104.89,35147.6,21535.11,64,280.01,89994.3,0,2,34,0.2058,0.3097,0.2327,0,2,0,0,0
C07310,30612.57,19323.87,38988.84,21444.16,66,409.44,81393.69,0,0,49,0.6081,0.176,0.2168,1,0,0,0,0
C07311,93672.21,38535.67,103647.15,38167.1,70,562.73,126055.28,0,0,5,0.267,0.2774,0.0605,0,0,0,0,0
C07312,45383.58,19834.58,49944.02,20922.53,77,299.55,116395.89,0,0,20,0.2919,0.3014,0.1233,0,0,0,0,0
C07313,48725.81,34166.37,51776.05,32417.72,68,485.44,96092.49,0,1,9,0.3699,0.4449,0.0901,0,0,0,0,0
C07314,36205.41,21503.27,34538.58,26369.8,81,294.78,67968.66,2,0,42,0.3394,0.1525,0.0216,0,1,1,0,0
C07315,44681.61,18863.4,44699.74,16832.19,65,290.73,101265.15,1,2,36,0.3072,0.2563,0.1595,0,0,0,0,0
C07316,26044.29,13667.9,29464.59,13003.15,65,243.2,48507.4,1,0,13,0.1263,0.3908,0.2001,0,1,0,0,0
C07317,41689.31,17114.4,41534.76,17100.52,63,228.08,69743.97,1,0,43,0.4626,0.4055,0.123,0,1,0,0,0
C07318,29518.25,15149.08,32527.87,20249.34,65,248.45,36690.43,0,0,12,0.4611,0.1655,0.231,0,0,0,0,0
C07319,39719.05,21054.66,41768.7,24044.84,59,301.4,86805.92,2,1,54,0.3724,0.109,0.1413,0,1,0,0,0
C07320,14220.72,5694.68,13128.19,5396.11,73,100.0,16749.8,0,1,27,0.1122,0.107,0.2033,0,0,0,0,0
C07321,27087.19,10209.84,33710.98,11727.67,60,217.43,5453.71,0,0,31,0.5762,0.4113,0.0244,1,0,0,0,0
C07322,86958.36,64933.62,97505.01,72199.67,68,1195.95,35330.85,1,0,27,0.6218,0.2307,0.1284,0,0,0,0,0
C07323,65388.18,49004.62,71252.04,53064.62,95,409.22,202835.66,2,1,39,0.1071,0.3725,0.0845,0,2,0,0,0
C07324,81469.62,28608.91,90969.19,32428.14,81,375.99,243833.72,3,2,50,0.1537,0.1252,0.1195,0,0,0,0,0
C07325,84026.91,53654.7,70150.11,56711.33,66,631.03,282312.36,1,1,53,0.3926,0.1509,0.2091,0,1,0,0,0
C07326,60916.67,23888.81,60357.36,25572.87,64,444.88,102040.86,0,1,43,0.3788,0.1812,0.0737,0,1,0,0,0
C07327,36703.48,26226.98,31811.78,22650.89,71,288.86,40193.74,2,1,8,0.1146,0.3898,0.209,0,2,0,0,0
C07328,28216.29,21043.8,30049.29,25740.18,89,372.63,98633.08,0,1,49,0.3157,0.1097,0.2205,0,1,0,0,0
C07329,75391.73,47306.56,82109.84,47131.5,58,920.3,166424.53,1,0,48,0.2138,0.3292,0.0826,0,0,0,0,0
C07330,46326.68,28996.79,49428.75,26141.56,57,360.3,148093.96,4,0,38,0.5502,0.2369,0.1334,0,2,0,1,0
C07331,138237.44,71491.8,164700.32,70739.79,65,880.74,190642.94,1,0,5,0.2182,0.3467,0.13,0,0,0,0,0
C07332,38182.16,17650.13,33230.61,17549.76,67,202.51,104982.51,0,0,51,0.2239,0.4148,0.0493,0,1,0,0,0
C07333,109340.36,62834.83,104320.54,59935.11,53,960.88,303197.62,1,0,9,0.5284,0.4046,0.2309,0,1,0,0,0
C07334,41934.39,17200.34,46116.16,19665.46,63,400.4,99443.69,1,0,59,0.2542,0.2469,0.1736,0,0,0,0,0
C07335,82095.59,53567.47,88800.54,62508.06,70,1153.02,82168.3,1,2,9,0.1609,0.212,0.1769,0,2,1,0,0
C07336,96560.89,54222.71,86146.63,44185.88,80,481.7,284361.63,2,0,10,0.3044,0.1815,0.1936,0,1,1,0,0
C07337,28398.46,12209.09,33895.94,12065.35,64,159.59,49663.26,1,1,34,0.3261,0.2978,0.0569,0,1,0,0,0
C07338,36176.63,22239.27,44684.89,22168.72,75,252.41,97259.54,1,1,44,0.1965,0.1805,0.19,0,1,0,0,0
C07339,28270.58,20012.68,31127.9,20599.9,78,265.03,56244.17,0,2,54,0.55,0.4328,0.0686,0,0,0,0,0
C07340,25872.68,15910.66,22481.06,19964.02,70,282.07,14264.09,1,0,13,0.2981,0.4031,0.2201,0,0,0,0,0
C07341,60754.59,35744.82,64956.8,34042.31,60,549.82,99833.81,1,0,8,0.1033,0.1871,0.1052,0,0,0,0,0
C07342,41189.35,30128.89,44931.04,37284.19,59,472.54,59746.72,1,3,26,0.5728,0.1243,0.2198,0,1,0,1,0
C07343,46073.01,16348.54,46873.71,16879.13,63,229.08,150117.27,2,0,41,0.3615,0.399,0.167,0,2,0,0,0
C07344,57798.92,36270.93,70033.18,44925.44,76,574.88,171200.76,3,1,33,0.073,0.1671,0.1141,0,4,0,1,0
C07345,19508.27,10424.47,20212.27,10556.7,68,128.76,24317.77,1,2,51,0.5418,0.3349,0.1241,0,0,0,0,0
C07346,80294.99,35097.32,104587.84,35049.25,77,489.2,177767.07,1,0,60,0.0953,0.1556,0.1546,1,0,1,0,0
C07347,38458.13,30413.08,43995.1,31851.11,65,388.29,63710.72,1,0,25,0.5406,0.2635,0.0255,0,0,0,0,0
C07348,57182.22,30404.72,61935.76,36639.81,73,459.51,135262.27,0,1,10,0.5628,0.3117,0.0581,0,1,0,0,0
C07349,59500.41,29801.87,69047.33,31858.14,70,525.83,97069.93,0,3,7,0.5517,0.4044,0.1978,0,0,0,1,0
C07350,83389.38,35528.36,102878.0,38196.91,72,559.68,128775.55,0,0,28,0.4481,0.3391,0.1369,1,1,0,0,0
C07351,42925.96,34297.61,49703.37,38632.96,67,719.28,118727.83,0,0,29,0.4197,0.1134,0.1471,0,0,0,0,0
C07352,17305.52,12723.42,18013.31,12016.42,63,166.52,57706.56,3,0,44,0.275,0.2254,0.1241,0,0,0,0,0
C07353,46171.83,17613.98,44824.06,19206.33,90,150.7,16145.52,0,0,9,0.5485,0.2675,0.2443,0,0,0,0,0
C07354,49253.51,29778.14,45084.06,29022.44,66,441.39,13357.39,0,1,50,0.0956,0.1109,0.1399,0,0,0,0,0
C07355,28254.28,11763.12,21391.71,14428.08,72,166.88,54346.53,1,0,30,0.3734,0.2588,0.2237,1,0,0,0,0
C07356,48088.03,32320.04,51497.86,35559.79,76,362.12,124262.22,1,1,19,0.219,0.3563,0.1064,0,1,1,0,0
C07357,38252.32,21721.1,38385.42,24612.77,70,249.88,123287.93,1,0,50,0.0863,0.1002,0.0952,0,2,0,0,0
C07358,24592.05,9828.83,24835.62,7914.97,74,112.52,28552.96,1,0,56,0.463,0.1944,0.064,0,0,0,0,0
C07359,60875.49,36565.93,71435.13,41495.3,63,613.7,107978.78,0,0,55,0.6051,0.3379,0.0306,0,1,0,0,0
C07360,34917.43,26530.41,36193.71,27291.7,76,321.03,102268.03,0,2,50,0.089,0.1523,0.158,0,0,0,0,0
C07361,37479.41,18872.29,47876.67,16561.21,85,180.98,49714.95,0,0,38,0.4379,0.1733,0.1362,0,1,0,0,0
C07362,36543.45,13625.68,35857.46,14462.27,75,223.28,15229.08,1,1,25,0.6157,0.2313,0.133,0,3,0,0,0
C07363,78463.05,60835.8,73244.15,52793.64,68,651.6,235149.9,1,1,24,0.1405,0.1868,0.1019,1,0,0,0,0
C07364,44179.03,18281.71,39720.64,20536.27,56,368.85,47723.14,2,1,29,0.4878,0.1589,0.1137,0,0,0,0,0
C07365,46630.62,26289.1,53006.43,32127.3,64,650.78,161402.96,0,1,29,0.4767,0.2251,0.1754,0,1,0,0,0
C07366,36906.08,21962.98,43851.0,18341.98,65,205.98,38215.55,0,0,36,0.6273,0.397,0.0866,0,0,0,0,0
C07367,55420.67,25310.03,54238.69,26484.47,71,408.3,125845.86,0,0,19,0.2399,0.3229,0.0275,0,1,0,0,0
C07368,82587.27,35499.16,76172.07,36571.7,74,548.42,269782.58,0,0,22,0.5137,0.2183,0.1473,0,1,0,0,0
C07369,60231.76,24147.67,74303.9,19589.83,73,255.91,64060.93,0,0,4,0.1366,0.2465,0.1417,0,1,0,0,0
C07370,61298.33,23384.08,53694.38,27125.08,67,479.48,98493.05,1,4,57,0.2888,0.1653,0.1261,0,2,0,0,0
C07371,59113.9,34206.67,69235.76,38485.42,83,511.37,95684.02,2,2,47,0.3089,0.3344,0.1462,0,2,1,0,0
C07372,24180.66,17625.51,23732.89,22792.09,60,428.25,47264.6,2,1,43,0.5098,0.3937,0.0414,0,0,0,0,0
C07373,30338.24,12348.92,33300.81,13701.62,65,163.92,43040.56,0,2,20,0.2148,0.4477,0.1529,1,0,0,0,0
C07374,41034.7,27299.51,48389.38,25784.93,64,414.34,80427.37,0,2,13,0.0788,0.135,0.1634,0,1,1,0,0
C07375,32460.49,17388.41,35938.66,19331.05,68,227.54,73767.25,2,1,22,0.1291,0.3964,0.2013,0,0,0,0,0
C07376,27871.95,10196.98,28278.02,12278.97,56,163.97,33463.69,1,0,58,0.4683,0.4081,0.2285,0,0,0,0,0
C07377,19378.87,11456.55,23594.39,11390.28,74,146.95,43707.52,2,0,37,0.402,0.3111,0.1786,0,0,0,0,0
C07378,24550.31,11376.7,26629.53,13109.26,64,155.51,21696.81,0,0,48,0.3657,0.2541,0.1253,0,0,0,0,0
C07379,40093.97,24953.06,59816.24,19149.25,67,200.13,42497.14,0,0,39,0.5236,0.1314,0.097,0,1,0,0,0
C07380,43615.85,22121.76,36872.03,27143.57,68,512.0,19993.72,0,0,54,0.3759,0.1629,0.0749,0,2,0,0,0
C07381,31493.72,20467.88,26568.38,23457.15,87,330.59,95699.23,2,1,22,0.5692,0.4106,0.072,0,2,0,0,0
C07382,46626.96,35591.59,54521.43,26504.19,68,316.31,75264.65,0,1,39,0.0544,0.2611,0.2458,0,0,0,0,0
C07383,37019.22,17030.51,38729.14,18664.06,69,213.67,43040.93,1,2,14,0.4382,0.3018,0.146,0,1,0,0,0
C07384,73509.94,56817.9,84177.19,46114.52,74,564.49,177467.31,0,0,26,0.4937,0.1951,0.2182,0,0,0,0,0
C07385,41843.27,18492.17,38420.25,18060.74,76,182.41,58481.35,0,0,9,0.5936,0.2719,0.0285,0,1,0,0,0
C07386,61559.94,23504.37,65037.83,26594.35,77,312.0,112931.97,0,0,43,0.4719,0.4391,0.0963,0,1,0,0,0
C07387,49309.1,21534.05,54480.55,22259.25,76,328.97,69580.68,2,1,55,0.4676,0.2173,0.0885,1,0,0,0,0
C07388,23944.31,17161.18,23579.27,20607.04,74,234.94,26243.15,0,0,12,0.5334,0.1704,0.125,0,0,0,0,0
C07389,43201.12,28292.42,46563.01,29923.43,59,591.96,146898.55,0,0,4,0.0885,0.1302,0.1772,1,0,0,0,0
C07390,25806.64,20306.61,22880.6,21230.68,67,397.28,5970.13,0,2,29,0.6315,0.3801,0.2006,0,0,0,0,0
C07391,42862.96,28693.42,47036.9,33910.44,76,322.51,54299.56,1,3,58,0.5667,0.2423,0.1101,0,2,0,1,0
C07392,32180.27,17238.46,39371.08,17402.03,75,237.68,77063.41,0,0,44,0.3583,0.1218,0.1974,0,2,0,0,0
C07393,53439.27,40164.63,48175.0,42051.57,75,418.21,92153.02,2,1,18,0.5219,0.1175,0.0236,0,0,0,1,0
C07394,24596.47,19213.73,21995.29,20420.35,57,369.24,45209.22,3,1,21,0.4687,0.1945,0.1441,1,0,0,1,0
C07395,45298.7,31991.97,54031.86,33332.43,64,376.2,96118.11,1,1,22,0.5706,0.375,0.1079,0,0,0,0,0
C07396,58221.2,34961.12,51940.5,41576.68,72,576.51,158117.26,1,1,8,0.2254,0.1891,0.1813,0,0,0,0,0
C07397,67699.62,48851.68,77913.6,47385.33,62,730.8,36425.63,1,0,31,0.5314,0.1792,0.1334,0,1,0,0,0
C07398,31905.77,13737.67,33712.98,13055.78,66,252.13,12711.11,1,1,55,0.2321,0.236,0.2421,1,0,0,0,0
C07399,45360.9,34254.62,45354.61,31603.26,71,360.11,59032.33,0,1,42,0.2183,0.34,0.1948,0,1,0,0,0
C07400,48887.84,39100.57,59935.66,31005.97,71,334.1,83511.14,1,1,52,0.2554,0.2837,0.1842,0,3,0,0,0
C07401,90275.79,58617.25,104844.29,71984.86,76,704.53,261652.0,0,0,8,0.1109,0.3047,0.2402,0,0,0,0,0
C07402,23105.34,10123.61,25036.16,9535.48,73,102.38,5519.41,0,0,59,0.2514,0.36,0.0403,0,2,0,0,0
C07403,29864.38,12393.61,23643.03,12658.45,72,184.91,68160.63,1,1,50,0.4145,0.3092,0.119,0,0,0,0,0
C07404,158962.86,124267.07,180497.63,153713.19,84,2349.63,208159.54,1,0,40,0.2896,0.1392,0.172,0,3,0,0,0
C07405,39796.09,29533.03,36671.97,30506.84,72,448.05,66932.69,1,0,45,0.3657,0.394,0.0572,0,0,0,0,0
C07406,19215.46,13199.21,19665.76,14673.93,56,285.92,39897.55,0,0,5,0.4534,0.2117,0.1167,0,0,0,0,0
C07407,34622.89,26905.57,36384.5,23664.23,73,346.61,31841.01,0,0,33,0.5172,0.1262,0.0995,0,0,0,0,0
C07408,12944.48,7462.9,16538.82,9088.34,65,112.59,11383.45,1,1,19,0.4435,0.1075,0.0966,1,0,0,0,0
C07409,50152.92,37588.91,51136.47,38919.87,71,694.39,137430.32,0,1,33,0.443,0.1793,0.0716,0,2,0,0,0
C07410,64784.45,27421.26,56962.86,25441.57,78,422.43,190825.79,1,0,15,0.0915,0.3945,0.2139,0,0,0,0,0
C07411,29856.85,12906.05,36615.17,11973.17,68,139.75,31756.33,0,1,4,0.0515,0.1774,0.0802,0,0,0,0,0
C07412,36409.75,21137.84,41401.09,26481.43,75,299.88,82907.36,2,0,12,0.2762,0.2473,0.1368,0,0,0,0,0
C07413,68190.61,34070.03,77843.47,33377.0,71,489.92,129781.8,2,0,29,0.2561,0.137,0.113,0,0,0,0,0
C07414,20472.15,11149.82,25152.29,10373.89,67,193.77,44360.33,2,1,39,0.5406,0.1054,0.1554,0,0,0,0,0
C07415,24827.59,17607.44,31202.94,17572.79,73,252.42,75737.23,0,0,22,0.1514,0.2218,0.2466,0,1,0,0,0
C07416,40609.85,15189.44,38294.76,16031.61,70,212.15,88249.27,2,1,57,0.5523,0.1742,0.1944,0,0,0,0,0
C07417,32076.12,21631.48,28325.82,23107.15,74,289.77,97342.12,0,0,25,0.1731,0.3867,0.1162,0,0,0,0,0
C07418,39425.88,15364.39,45382.98,16951.88,60,265.6,69319.28,2,2,51,0.3113,0.3469,0.145,0,1,0,0,0
C07419,25482.06,18636.96,25953.58,20093.83,79,320.08,10410.98,0,1,58,0.3352,0.2809,0.1027,0,1,0,0,0
C07420,49556.01,21847.01,51012.3,24635.93,67,427.5,35926.07,0,1,27,0.6145,0.1197,0.244,0,1,0,1,0
C07421,42077.27,28642.94,38517.52,29137.62,76,452.54,98110.33,3,4,53,0.1015,0.4171,0.1219,1,0,0,1,0
C07422,57615.88,35511.3,64533.68,46117.16,75,446.35,83627.64,1,0,22,0.5705,0.3212,0.1514,0,0,0,0,0
C07423,49246.7,25782.12,54085.47,25560.06,72,314.43,86406.25,1,2,34,0.2599,0.2683,0.0392,0,0,0,0,0
C07424,49386.3,23230.89,50934.08,28162.51,81,406.84,130856.75,0,0,36,0.1596,0.1738,0.0978,0,1,0,0,0
C07425,23472.37,8822.25,20735.47,8629.21,73,100.0,53062.34,0,0,18,0.6134,0.1413,0.218,0,1,0,0,0
C07426,56166.96,28590.17,67125.02,25121.26,71,303.19,147280.78,2,0,35,0.3809,0.3453,0.1663,0,1,0,0,0
C07427,38774.88,17070.17,41903.41,14508.78,64,270.61,12499.69,1,1,19,0.4982,0.1846,0.0374,0,3,0,0,0
C07428,41749.74,17165.85,49437.59,18650.25,76,254.02,136415.67,1,1,49,0.489,0.1104,0.1862,0,1,0,0,0
C07429,72123.61,49211.68,57528.57,58534.1,76,790.56,101219.54,0,1,44,0.0897,0.4321,0.1932,0,0,1,0,0
C07430,32554.53,14507.33,34404.24,13228.91,87,133.37,82880.91,0,0,49,0.5053,0.2414,0.1337,1,1,0,0,0
C07431,82656.66,37230.31,79678.72,35171.5,77,345.14,129847.2,0,2,56,0.3556,0.4313,0.2068,0,1,0,0,0
C07432,86200.53,43377.54,90884.47,47556.34,79,733.83,76982.49,0,2,28,0.5961,0.349,0.1422,0,1,0,0,0
C07433,63143.85,35246.51,73448.0,36998.09,80,374.12,127179.58,0,0,8,0.0846,0.4035,0.1195,0,1,0,0,0
C07434,28944.58,16821.75,31676.77,16480.64,64,261.63,14055.98,1,3,42,0.0973,0.1499,0.0301,0,0,0,0,0
C07435,16824.41,10919.81,17702.21,9789.48,64,161.44,6020.58,0,1,55,0.1271,0.3151,0.0361,0,1,0,0,0
C07436,73122.65,44958.36,76890.93,48873.74,77,625.97,81813.91,0,0,37,0.3527,0.2876,0.0279,0,0,0,0,0
C07437,47313.03,26815.03,40823.02,30256.78,81,443.8,76243.71,1,2,33,0.1715,0.1415,0.1277,0,1,0,0,0
C07438,32179.31,16967.28,30287.55,18816.89,77,171.8,32509.19,1,1,16,0.2751,0.1018,0.19,0,0,0,0,0
C07439,76307.07,35834.09,90389.88,37739.8,90,384.75,264574.53,0,2,4,0.4761,0.2366,0.0544,1,1,0,0,0
C07440,30537.67,20444.18,30212.0,18876.43,72,293.67,8943.03,2,0,54,0.103,0.3873,0.2349,0,0,0,0,0
C07441,37180.8,18325.51,44128.05,19933.51,79,183.93,113969.77,0,0,6,0.1186,0.4448,0.2413,0,0,0,0,0
C07442,56989.28,41733.91,65490.06,45021.68,78,722.98,91079.63,1,1,51,0.1049,0.3892,0.2148,0,0,0,0,0
C07443,27263.29,16733.48,31502.86,14933.19,77,179.85,73430.31,0,1,47,0.3381,0.2993,0.0267,0,0,0,0,0
C07444,42836.74,27213.11,46689.89,27586.44,70,416.59,137068.01,0,2,7,0.1964,0.449,0.1571,0,0,0,0,0
C07445,73462.44,42531.49,73291.93,46528.24,68,482.85,157208.07,0,0,36,0.5036,0.3605,0.2415,0,2,0,0,0
C07446,49484.64,37996.79,51061.31,39539.89,69,586.57,91283.04,0,2,30,0.1199,0.1548,0.0731,0,0,1,0,0
C07447,78886.04,42576.22,88892.45,34688.37,79,361.77,179832.3,1,0,21,0.4302,0.4403,0.1986,0,1,0,0,0
C07448,74947.18,40631.55,59577.48,39540.9,82,434.7,255656.67,3,0,58,0.5349,0.4271,0.2381,0,0,0,0,0
C07449,45156.97,33951.57,54154.64,32769.2,87,475.62,21097.21,0,0,42,0.5636,0.4181,0.1125,0,0,0,0,0
C07450,15723.07,9783.02,15565.61,10928.76,78,158.43,32501.44,0,0,36,0.1033,0.3514,0.1733,0,0,0,0,0
C07451,27359.53,15105.66,28444.22,20570.98,74,302.35,49028.48,1,1,43,0.2392,0.3906,0.2433,0,1,0,0,0
C07452,63444.33,29689.92,66025.28,31651.7,55,744.24,184237.23,0,2,46,0.4429,0.4489,0.0445,0,1,0,0,0
C07453,22399.74,10309.93,23412.66,9343.31,89,100.0,12283.26,0,0,59,0.1281,0.1291,0.0258,0,1,0,0,0
C07454,38847.78,27606.99,34666.32,28455.61,59,355.23,89952.49,0,0,6,0.6021,0.4468,0.2477,0,2,0,0,0
C07455,52403.78,24931.61,55978.09,26210.01,78,390.17,62452.89,1,1,22,0.5261,0.3044,0.1099,0,0,0,0,0
C07456,87179.51,30737.92,97756.45,35065.56,67,373.6,236362.97,1,1,13,0.4803,0.3287,0.0972,0,1,0,0,0
C07457,34740.41,12463.38,27954.42,14944.27,68,256.58,14515.24,3,0,43,0.1594,0.1753,0.0224,0,0,0,0,0
C07458,33686.36,26621.7,30112.43,32396.53,70,464.5,100044.06,2,2,15,0.4996,0.2552,0.1057,1,1,0,1,0
C07459,43950.41,26454.94,50872.77,29483.17,79,312.06,8853.89,1,1,36,0.5261,0.3859,0.1429,0,0,0,0,0
C07460,52697.78,30040.95,59821.24,31540.14,69,495.59,164361.02,0,2,33,0.6099,0.2028,0.0269,0,1,0,0,0
C07461,41982.44,32034.46,45586.59,39338.58,77,509.09,75270.39,0,1,47,0.0913,0.2189,0.0971,0,0,0,0,0
C07462,72156.2,36674.06,69857.47,36978.45,67,449.05,234711.04,1,0,44,0.6019,0.2856,0.1175,0,0,0,0,0
C07463,31407.53,22228.65,35674.98,23485.4,81,343.16,7229.43,2,0,58,0.434,0.1889,0.1334,0,2,0,0,0
C07464,47500.25,32053.85,43018.69,32720.17,64,446.6,153931.9,1,1,41,0.4457,0.3103,0.045,1,1,1,0,1
C07465,54982.13,31048.05,56825.11,24659.76,68,307.16,109569.09,1,0,4,0.0741,0.4415,0.0793,0,0,0,0,0
C07466,37583.22,26255.05,33570.12,31574.61,77,458.2,15741.2,1,1,48,0.5693,0.2697,0.1293,1,0,0,0,0
C07467,65662.76,51519.02,67669.4,58271.22,60,924.32,226612.94,1,0,27,0.2029,0.3972,0.2295,0,1,0,0,0
C07468,48119.8,21185.87,44575.93,16219.87,78,188.44,54246.78,2,1,55,0.3114,0.389,0.0275,0,0,0,0,0
C07469,64176.88,22967.57,73206.4,26876.9,61,456.48,51834.0,1,0,14,0.2215,0.2822,0.173,0,0,0,0,0
C07470,49107.38,35340.35,54115.44,35820.53,65,603.83,20739.7,0,0,17,0.157,0.3225,0.117,1,1,0,0,0
C07471,53305.77,28338.1,52321.26,33116.63,52,493.33,101667.85,1,2,38,0.0922,0.196,0.2167,0,1,0,0,0
C07472,33854.98,20143.08,39977.18,21333.43,62,425.7,82279.46,1,1,45,0.5772,0.2595,0.1315,0,0,0,1,0
C07473,33879.67,15249.51,31685.7,13528.14,64,195.19,40358.27,0,0,49,0.3844,0.3121,0.2317,0,0,0,0,0
C07474,78072.74,56899.8,81645.8,59924.73,59,830.03,194646.61,1,0,5,0.1174,0.1845,0.0782,0,1,1,0,0
C07475,59897.94,40403.73,58473.66,38067.82,64,462.56,178972.7,2,0,54,0.6129,0.3978,0.0486,0,1,0,0,0
C07476,28398.27,22122.68,32348.03,19982.39,66,375.27,48239.92,1,0,30,0.5769,0.3596,0.1074,0,2,0,0,0
C07477,48815.65,27525.36,55025.64,31765.46,64,366.37,165155.93,1,1,48,0.5778,0.4022,0.0996,1,0,0,0,0
C07478,15463.2,12207.49,18652.25,13391.44,69,218.38,8535.75,0,0,13,0.4179,0.1427,0.0696,1,0,0,0,0
C07479,34757.29,20155.23,36841.28,24785.05,78,226.32,90569.17,0,1,42,0.3035,0.2627,0.0893,0,0,0,0,0
C07480,69347.14,43663.73,48543.0,43780.48,58,926.38,182437.5,0,3,9,0.1663,0.2054,0.1393,0,0,0,0,0
C07481,42535.84,27791.1,42463.35,25969.44,65,497.91,86733.46,2,0,17,0.621,0.1576,0.1039,0,1,0,0,0
C07482,47452.21,27066.61,58737.83,30494.77,75,349.82,31343.97,2,0,35,0.1329,0.4305,0.059,0,1,0,0,0
C07483,12000.0,7239.01,12132.01,6876.76,65,100.0,23932.81,1,0,45,0.2492,0.2177,0.2309,0,0,0,0,0
C07484,37718.41,16991.7,30925.16,17208.8,71,175.37,28110.78,1,0,18,0.3662,0.2426,0.054,0,0,1,0,0
C07485,52398.87,26883.94,57844.15,29922.13,75,508.61,25191.88,3,0,23,0.4332,0.3967,0.0994,0,0,1,0,0
C07486,55481.13,36944.71,61744.23,38233.59,78,531.74,110120.09,1,0,35,0.4112,0.4373,0.1536,0,2,1,0,0
C07487,69388.6,25503.43,66802.91,25282.89,70,459.26,152930.65,0,1,29,0.1926,0.1774,0.0852,0,1,0,0,0
C07488,40937.5,27231.05,41772.22,24009.08,66,359.49,116665.94,1,0,50,0.6167,0.2304,0.1788,0,2,0,0,0
C07489,41767.45,20328.18,39609.1,23630.02,70,398.77,36545.92,0,0,51,0.1027,0.1454,0.035,0,0,0,0,0
C07490,24710.04,11671.2,27495.07,11738.76,78,191.0,80945.48,1,2,39,0.2368,0.4342,0.0894,0,1,0,0,0
C07491,41043.31,27173.53,43374.24,30547.7,67,387.85,85547.21,0,0,36,0.3007,0.3559,0.2428,0,2,0,0,0
C07492,25507.02,11394.63,23214.12,12628.89,68,140.0,59392.02,0,3,15,0.3464,0.1002,0.1687,0,1,0,0,0
C07493,19591.99,15335.78,20549.15,18110.86,56,280.87,14726.12,0,0,41,0.5667,0.2397,0.071,0,1,0,0,0
C07494,27614.25,21975.57,26565.93,22453.14,75,308.0,78492.58,2,0,23,0.6436,0.1267,0.0788,0,0,1,1,0
C07495,88727.57,49345.41,108720.32,49753.68,67,829.68,210264.35,1,0,55,0.3896,0.3349,0.222,0,0,0,0,0
C07496,39841.53,21141.44,46106.37,19386.87,67,371.94,32280.87,0,0,53,0.3811,0.1129,0.2029,0,2,0,0,0
C07497,49680.24,19155.05,51435.27,18865.47,63,350.61,92142.26,1,2,22,0.0505,0.161,0.2039,0,0,0,0,0
C07498,35715.66,25008.05,37848.87,27282.27,79,259.87,52647.31,1,0,7,0.2263,0.1311,0.2141,0,0,0,0,0
C07499,20103.91,8508.5,23554.81,8099.69,74,137.08,70234.57,3,0,14,0.4414,0.2481,0.0397,0,0,0,0,0
C07500,68574.0,52793.17,70574.08,57433.39,70,990.29,236465.38,0,0,8,0.1645,0.3523,0.131,1,0,0,0,0
C07501,16931.46,13473.49,19318.91,16519.51,61,224.53,36417.85,3,1,45,0.43,0.225,0.2028,0,2,1,0,0
C07502,35058.07,14201.48,43026.29,14152.83,64,273.19,51628.72,0,1,42,0.3771,0.1573,0.0928,0,0,0,0,0
C07503,43907.53,28862.73,43516.49,25753.51,75,287.17,77850.68,1,0,35,0.3536,0.1494,0.2468,0,2,0,0,0
C07504,49918.06,27938.96,62274.65,27949.91,71,399.44,53695.2,2,2,58,0.3707,0.1517,0.2213,1,1,0,0,0
C07505,32451.65,19260.56,39351.32,16935.44,69,285.06,89315.72,0,0,41,0.183,0.1761,0.1169,0,1,0,0,0
C07506,19679.55,8478.12,21250.51,10259.43,69,112.63,36620.2,0,1,41,0.3273,0.1368,0.2484,0,0,0,0,0
C07507,31379.99,21199.83,31277.4,22475.69,73,346.19,63915.13,1,0,59,0.469,0.4274,0.1891,0,2,0,0,0
C07508,32127.79,13653.53,34644.47,13142.69,72,184.48,11219.12,0,0,5,0.2782,0.1449,0.0921,0,0,0,0,0
C07509,31777.88,23782.09,32434.41,23373.45,71,331.1,15282.64,0,2,57,0.1621,0.4489,0.1426,0,1,0,0,0
C07510,69629.54,38594.86,66486.97,35049.78,63,595.99,63240.1,0,0,44,0.3789,0.3053,0.216,0,2,0,0,0
C07511,26063.64,16568.41,29031.59,19407.19,67,215.92,42901.0,0,2,17,0.4022,0.2978,0.2494,0,0,0,0,0
C07512,51526.86,39408.05,47774.52,50066.49,71,547.46,84762.8,0,1,31,0.5773,0.1999,0.0614,0,1,0,1,0
C07513,48322.45,32959.42,48775.39,28698.06,60,385.49,145118.7,2,0,30,0.5732,0.222,0.1586,0,1,0,0,0
C07514,69329.28,41138.71,70088.56,48345.86,72,531.12,192209.34,2,0,16,0.6114,0.412,0.1923,0,0,0,0,0
C07515,42383.25,22514.19,37558.71,22975.68,69,322.83,97208.79,1,1,27,0.6097,0.1244,0.1705,0,1,0,0,0
C07516,64242.91,35845.03,72531.32,43089.27,67,681.78,19520.5,1,0,13,0.3846,0.3315,0.2088,0,0,0,0,0
C07517,41644.26,20978.41,42585.39,17410.84,76,178.76,84101.64,1,1,51,0.6167,0.193,0.1835,0,1,0,0,0
C07518,54715.07,42447.0,65978.78,45717.43,84,624.23,188773.81,2,0,21,0.0626,0.4325,0.1669,0,1,0,0,0
C07519,22881.74,10612.23,23354.05,10623.39,59,217.72,42237.55,0,0,16,0.6097,0.4281,0.2124,0,1,1,0,0
C07520,13728.0,7333.58,13744.59,8280.27,71,100.0,27742.24,1,1,3,0.3608,0.1406,0.1119,0,0,1,0,0
C07521,53333.18,37343.93,50210.14,39485.12,71,445.44,18961.68,1,3,7,0.1897,0.1964,0.1461,1,0,0,0,0
C07522,54636.1,28080.43,57623.8,29559.45,56,486.46,58198.81,0,1,18,0.5033,0.3657,0.1465,1,0,0,0,0
C07523,55736.68,41745.38,58822.34,43301.71,51,929.06,122540.4,1,0,47,0.1057,0.2555,0.1381,0,1,0,0,0
C07524,35532.33,16322.94,40471.75,20199.24,72,210.76,108514.43,1,0,53,0.4114,0.3801,0.0717,0,1,1,0,0
C07525,87973.66,32031.67,93079.86,32960.69,69,433.93,238585.77,2,1,57,0.1955,0.2679,0.1382,0,2,0,0,0
C07526,36587.9,23157.87,47610.74,26717.56,74,467.38,108304.16,0,1,55,0.4081,0.2758,0.1273,0,0,0,0,0
C07527,54383.35,31472.41,60079.79,35419.73,61,587.69,152943.7,0,2,9,0.1868,0.2329,0.0751,0,0,0,0,0
C07528,58806.29,45273.56,54782.74,52365.98,71,592.96,133240.51,0,1,38,0.1322,0.33,0.0246,1,1,0,0,0
C07529,97523.71,52702.75,89860.58,48920.27,78,669.18,190678.51,0,0,3,0.0887,0.1968,0.2268,0,0,0,0,0
C07530,39017.07,16036.62,43471.87,18199.34,73,227.83,53941.15,2,1,13,0.3101,0.2518,0.0713,0,1,0,0,0
C07531,33539.56,16715.63,31118.03,18227.13,67,335.66,96232.29,0,0,49,0.3029,0.2306,0.1287,0,0,0,0,0
C07532,22931.17,12083.47,25714.58,10962.91,56,248.69,37479.47,0,1,31,0.2009,0.3395,0.1418,0,1,0,0,0
C07533,90488.94,55416.27,104738.84,56774.66,73,654.2,179357.1,4,0,54,0.3954,0.325,0.0586,0,1,0,1,0
C07534,54396.37,25758.05,63119.86,34137.5,58,736.5,190189.83,0,0,39,0.0589,0.1567,0.125,0,0,0,0,0
C07535,55176.66,32975.83,52180.43,33074.21,66,584.05,62555.94,0,1,29,0.3397,0.2082,0.0479,0,0,0,0,0
C07536,182943.87,138785.0,212320.37,139601.33,62,1786.39,292538.11,1,2,53,0.1465,0.3169,0.0226,0,2,0,0,0
C07537,52087.9,28162.81,56708.65,31094.15,66,563.33,24360.28,1,1,35,0.266,0.3157,0.0905,0,0,0,0,0
C07538,25043.59,16108.19,24468.98,15868.11,61,209.84,32794.45,0,0,38,0.1696,0.4109,0.2102,0,1,0,0,0
C07539,41202.79,18665.04,42474.79,19912.88,67,209.78,129970.72,1,0,32,0.4524,0.2418,0.0425,0,1,0,0,0
C07540,29020.73,20622.05,32112.99,20542.26,53,452.22,31578.47,0,0,27,0.5891,0.1486,0.1964,0,1,0,0,0
C07541,37657.11,17749.74,36499.45,19494.3,76,232.82,111443.51,1,0,43,0.2293,0.3252,0.0567,0,1,1,0,0
C07542,37543.38,22935.68,40780.49,23912.13,79,379.26,74017.17,0,0,50,0.3227,0.4075,0.2278,0,2,0,0,0
C07543,34553.25,16762.17,42274.94,21526.64,67,310.28,68732.27,3,0,42,0.0638,0.2095,0.1263,0,0,0,0,0
C07544,24039.19,9142.85,28022.16,9650.47,76,135.39,82758.49,2,2,18,0.2614,0.3591,0.156,0,1,0,0,0
C07545,92138.07,45502.22,97651.46,46561.82,75,712.39,160423.93,0,1,6,0.5193,0.3175,0.133,0,0,0,0,0
C07546,51477.46,22928.77,55497.7,26907.66,91,356.79,61952.9,1,0,20,0.3915,0.3646,0.1011,1,1,0,0,0
C07547,40658.18,30562.88,40065.89,26989.16,64,340.09,94551.89,0,0,30,0.2486,0.1409,0.2154,0,2,0,0,0
C07548,63281.91,29728.13,62573.94,37249.55,70,437.67,117464.73,0,0,59,0.1151,0.3361,0.236,0,1,0,0,0
C07549,55625.56,43860.22,48145.95,40850.63,70,719.38,98286.72,0,1,17,0.2478,0.3164,0.1423,0,0,0,0,0
C07550,50943.81,29117.22,55026.1,34739.58,64,475.05,160226.94,0,0,13,0.0604,0.3989,0.19,0,0,0,0,0
C07551,61246.8,27529.17,69325.24,33717.53,65,561.45,161315.65,0,2,22,0.5262,0.1642,0.155,0,1,1,0,0
C07552,47795.58,25145.49,49779.04,24816.16,63,292.49,75408.56,0,1,51,0.5966,0.4178,0.1878,0,1,0,0,0
C07553,60840.89,26316.36,57477.68,26275.16,65,444.92,48689.12,0,2,30,0.5315,0.3848,0.0408,0,1,0,0,0
C07554,63153.17,45795.99,66811.97,47485.8,78,494.17,27793.26,2,2,20,0.4017,0.1936,0.2068,0,0,0,1,0
C07555,48418.69,19560.48,58635.6,21997.44,74,350.38,49291.49,2,0,21,0.2995,0.4218,0.2378,0,0,0,0,0
C07556,40751.19,30281.7,47180.0,28169.03,70,460.84,139406.93,1,0,17,0.5459,0.4075,0.0973,0,1,0,0,0
C07557,89598.76,33210.92,93761.8,34436.16,84,431.6,52091.63,1,0,11,0.0932,0.4403,0.16,0,0,0,0,0
C07558,36292.34,17595.38,47023.69,17813.37,82,171.68,126728.98,0,0,45,0.4667,0.1369,0.096,0,0,0,0,0
C07559,53664.6,22160.75,73726.9,20207.11,68,255.3,123100.98,1,0,22,0.4424,0.2295,0.1579,0,1,0,0,0
C07560,54213.03,35692.2,53800.08,33000.99,78,306.87,98732.47,1,2,13,0.2128,0.3459,0.1411,0,0,0,0,0
C07561,34204.65,19857.33,34905.63,21155.79,65,289.35,102619.91,0,0,48,0.0516,0.1076,0.0853,0,1,0,0,0
C07562,31285.11,24174.1,35452.28,25703.42,76,313.99,37484.45,1,2,15,0.4019,0.2656,0.1704,0,2,0,0,0
C07563,38375.88,19755.19,36090.32,18931.84,64,289.64,14633.14,1,0,39,0.3883,0.2014,0.0719,0,0,0,0,0
C07564,36059.3,13281.98,41536.57,14072.38,81,225.52,28282.39,0,1,24,0.1505,0.2693,0.187,0,0,0,0,0
C07565,23347.82,16174.12,24799.5,15727.16,86,207.59,66313.9,1,3,18,0.1212,0.4021,0.2204,0,0,0,0,0
C07566,33565.2,20500.79,36740.35,24741.4,74,312.86,70991.18,0,1,5,0.1658,0.1523,0.0872,0,3,0,0,0
C07567,50727.23,36642.61,49760.75,38021.91,61,752.59,88666.54,2,1,51,0.264,0.1619,0.2491,1,0,0,0,0
C07568,79546.13,43095.1,76004.39,50925.66,68,688.91,214935.34,0,0,25,0.3305,0.2397,0.138,0,0,0,0,0
C07569,57750.88,39396.58,46878.94,33364.07,67,456.87,103096.95,0,0,56,0.3302,0.1004,0.0926,0,1,0,0,0
C07570,13969.44,5964.66,17156.9,6493.92,75,100.0,24548.63,0,0,21,0.5485,0.1073,0.2134,1,1,0,0,0
C07571,60054.3,48030.65,69841.56,53867.78,58,1059.82,193638.76,0,0,18,0.3641,0.3919,0.1509,0,3,0,0,0
C07572,35005.11,14987.13,39583.89,15488.51,64,198.78,73037.09,1,0,37,0.1633,0.3946,0.1,0,1,1,0,0
C07573,55177.13,39915.7,60242.34,39330.44,66,501.21,129249.01,2,2,47,0.4891,0.3931,0.1943,0,1,0,0,0
C07574,44714.67,19924.73,34586.47,20553.03,58,321.68,102763.34,0,0,38,0.281,0.1975,0.2053,0,1,0,0,0
C07575,41262.46,28971.55,39606.51,33001.37,63,625.02,45723.27,1,0,4,0.4934,0.3829,0.0699,0,2,0,0,0
C07576,42976.63,31698.0,43804.8,28678.32,66,528.54,150191.11,0,0,58,0.3456,0.4379,0.0327,0,0,0,0,0
C07577,44548.19,33165.61,40994.96,37611.75,76,510.01,14925.28,2,0,58,0.6297,0.2256,0.1531,0,1,0,0,0
C07578,82404.89,46482.4,69778.59,50582.32,68,933.8,103001.12,0,2,17,0.1472,0.2501,0.164,0,1,1,0,0
C07579,44603.64,24218.25,41602.55,24671.25,65,362.98,59579.08,0,1,6,0.226,0.2049,0.2434,1,1,0,0,0
C07580,73343.49,53189.14,77443.18,54456.77,67,863.93,251675.8,0,0,18,0.4214,0.2914,0.1596,0,2,0,0,0
C07581,68691.13,41954.49,72532.88,44363.66,77,724.54,149640.07,1,1,54,0.4334,0.3406,0.1281,0,2,0,0,0
C07582,60754.0,38249.18,70407.98,47774.53,73,662.81,87282.39,3,0,52,0.3552,0.4029,0.0387,0,1,1,0,0
C07583,20139.52,9188.26,26132.67,10031.37,54,181.42,25275.42,0,0,34,0.2939,0.2691,0.0922,0,1,0,0,0
C07584,74377.03,40964.69,84216.47,38378.87,62,444.07,36539.24,2,0,54,0.5765,0.1141,0.1883,0,1,0,0,0
C07585,36620.45,18905.38,37680.03,18863.11,66,351.06,11271.97,1,0,22,0.5923,0.3024,0.1272,0,1,0,0,0
C07586,62099.61,40327.16,78620.54,36804.61,55,544.3,44600.56,2,0,8,0.6181,0.4167,0.21,0,1,0,0,0
C07587,29050.12,12736.08,24987.98,10484.67,71,143.86,49929.4,0,0,60,0.4323,0.2233,0.0361,0,0,0,0,0
C07588,26400.4,14060.55,21134.55,12802.74,75,200.82,30426.16,0,2,24,0.5981,0.1243,0.078,0,1,0,1,0
C07589,109512.36,80155.32,103335.12,85318.06,47,1829.06,377762.79,0,0,47,0.1409,0.1461,0.1942,0,0,0,0,0
C07590,29254.11,17432.54,33568.0,20969.17,78,314.16,32688.94,0,1,34,0.4687,0.235,0.2195,0,1,0,0,0
C07591,75370.09,56770.24,80663.12,66392.39,78,1023.16,222628.26,1,0,45,0.6201,0.3076,0.0878,0,2,0,0,0
C07592,47463.06,21578.48,43409.77,19665.95,71,336.03,143081.75,0,1,51,0.23,0.3189,0.0809,0,1,0,0,0
C07593,37248.38,20410.49,35860.83,19477.37,72,202.28,33962.32,1,1,42,0.3255,0.1295,0.2195,0,0,0,0,0
C07594,44101.31,25366.51,39736.25,23777.5,63,310.97,41829.76,0,0,23,0.4782,0.2704,0.0248,0,1,0,0,0
C07595,25057.42,13286.83,22577.21,9835.0,63,194.47,63928.7,1,1,41,0.3197,0.3411,0.2121,1,0,0,0,0
C07596,44722.33,29428.28,55282.48,30307.69,57,456.03,150937.84,0,0,37,0.1966,0.1376,0.1963,0,1,0,0,0
C07597,27644.57,11525.68,28550.98,13212.93,65,228.48,53953.98,2,2,39,0.2186,0.1566,0.1253,0,0,0,0,0
C07598,37664.3,21985.79,47545.53,22419.2,62,367.9,54281.43,0,1,8,0.6179,0.1149,0.1602,0,1,0,1,0
C07599,68241.12,28145.88,64364.91,25271.12,60,531.62,20553.28,1,1,50,0.5179,0.1314,0.2485,0,0,0,0,0
C07600,50453.31,31943.95,55949.44,30301.46,69,374.7,141575.46,1,0,41,0.436,0.2633,0.1654,0,0,0,0,0
C07601,23096.61,16712.97,24880.82,16889.1,84,238.01,24096.95,1,0,15,0.6342,0.4146,0.0937,0,0,0,0,0
C07602,66011.71,23698.12,76280.61,27073.35,65,393.93,56553.54,1,1,38,0.192,0.4374,0.1005,0,0,0,0,0
C07603,44856.46,24923.2,48469.46,25622.6,75,288.43,40484.67,3,1,9,0.5197,0.2147,0.1809,0,0,0,0,0
C07604,35257.53,20157.32,41188.2,22700.95,70,322.52,85219.98,1,1,53,0.2675,0.3168,0.1755,0,1,0,0,0
C07605,62970.53,42449.34,70306.83,44157.46,52,870.03,98185.25,0,2,33,0.5166,0.1736,0.2495,0,0,0,0,0
C07606,41738.31,16011.82,38359.48,17267.38,60,220.49,119749.48,3,0,26,0.1586,0.4052,0.1866,0,1,0,0,0
C07607,26632.04,14187.14,30305.28,13295.9,68,159.42,13351.38,2,1,55,0.4742,0.2524,0.1926,0,0,0,0,0
C07608,103355.74,72707.31,107244.83,70358.76,79,1109.3,254866.69,1,1,10,0.4026,0.367,0.1181,0,1,1,1,0
C07609,44651.29,26320.37,42722.07,23669.99,73,356.48,136878.86,0,2,37,0.2595,0.1286,0.0769,0,1,0,0,0
C07610,43381.76,29821.96,49163.57,33466.16,80,469.56,130667.3,2,1,27,0.5269,0.1168,0.2406,0,1,1,1,0
C07611,37500.91,19268.13,43523.07,19558.27,60,297.41,28365.07,1,1,38,0.5309,0.4201,0.0362,0,2,0,0,0
C07612,76527.26,58469.85,75912.92,40928.89,70,598.65,166362.47,0,1,5,0.5361,0.1832,0.0585,0,1,0,0,0
C07613,35533.19,13673.36,35815.05,15146.51,86,127.36,119063.97,1,1,47,0.598,0.4049,0.1899,0,1,0,0,0
C07614,22452.94,8779.64,19838.2,10244.93,64,125.81,63679.46,1,2,44,0.5988,0.3209,0.0331,0,0,0,0,0
C07615,33157.12,19490.38,27634.23,18566.43,64,372.87,100906.08,1,1,42,0.4267,0.4406,0.1059,0,0,0,0,0
C07616,81753.7,45935.01,83464.23,50879.19,54,778.02,266810.94,0,0,48,0.3569,0.3659,0.2482,1,1,0,0,0
C07617,65439.23,41705.1,74930.97,42740.75,72,590.38,37377.12,0,2,11,0.0852,0.2611,0.246,0,0,0,0,0
C07618,40121.22,18177.93,39367.27,14467.12,75,242.71,32396.33,1,2,20,0.6006,0.1467,0.2023,0,0,0,0,0
C07619,83481.69,37709.74,101959.13,48432.74,64,826.38,235832.63,1,2,16,0.6274,0.2525,0.1957,0,0,0,0,0
C07620,63006.41,43291.66,64606.22,44397.92,64,554.76,177580.6,1,0,46,0.1305,0.1634,0.2149,0,0,0,0,0
C07621,39912.81,19209.81,40945.71,20634.6,66,303.13,21364.15,1,0,23,0.2109,0.2449,0.206,0,1,0,0,0
C07622,41762.68,28285.08,42402.02,27579.34,64,421.28,126639.83,0,1,22,0.3675,0.1558,0.0467,0,0,0,0,0
C07623,52188.15,33312.64,60944.86,33796.89,66,504.57,63649.18,3,0,52,0.5076,0.1718,0.0328,0,0,0,0,0
C07624,30948.15,11992.32,28934.38,12824.58,71,217.63,100571.82,3,1,34,0.078,0.1231,0.1857,1,1,0,0,0
C07625,45091.32,30211.56,46648.09,27942.53,64,451.19,18241.17,0,0,42,0.1673,0.4201,0.2208,0,0,0,0,0
C07626,51701.85,38558.3,50890.92,48324.19,67,836.28,113823.5,2,1,30,0.467,0.289,0.1572,0,2,0,0,0
C07627,21063.21,15112.66,20696.95,17388.28,90,177.58,72628.63,2,1,44,0.2241,0.136,0.1486,0,0,0,0,0
C07628,41325.03,14628.56,43565.61,16267.24,78,233.07,88545.3,0,1,46,0.5453,0.3956,0.187,1,1,0,0,0
C07629,39263.18,23278.01,40692.41,24045.86,61,377.22,22733.64,1,1,18,0.4508,0.4372,0.1802,0,0,0,0,0
C07630,71471.09,54389.63,84064.34,52140.82,71,852.21,35471.39,1,1,25,0.1785,0.1327,0.1159,0,0,0,0,0
C07631,19621.75,12154.24,20577.47,14264.34,59,275.92,40996.36,0,0,41,0.5983,0.4156,0.1367,0,0,0,0,0
C07632,37901.28,18217.12,42320.59,20462.99,74,250.04,98512.69,0,0,23,0.4981,0.4025,0.2391,0,0,0,0,0
C07633,36229.47,15852.03,38792.0,15884.83,66,219.95,102919.31,2,1,41,0.1712,0.149,0.1268,0,0,0,0,0
C07634,69317.29,45626.47,84459.73,41969.85,80,626.28,147050.83,0,0,26,0.4149,0.2374,0.0237,0,0,0,0,0
C07635,44126.77,30759.19,44731.91,26480.33,60,467.17,53193.22,4,2,48,0.3948,0.1188,0.0767,1,0,0,1,0
C07636,100978.24,76810.43,102397.13,80914.31,60,1442.32,53950.02,0,0,13,0.5427,0.4059,0.0982,0,0,0,0,0
C07637,60622.04,45925.59,69073.03,46850.03,69,865.8,143705.99,0,0,58,0.3425,0.3451,0.1132,0,0,0,0,0
C07638,37414.64,18807.45,37866.6,22423.65,66,283.35,76083.51,0,2,25,0.0927,0.3681,0.0238,0,0,0,0,0
C07639,50124.45,31164.61,55628.47,36433.44,75,492.18,52741.93,1,0,54,0.344,0.3161,0.1372,1,0,0,0,0
C07640,38372.13,15183.23,51056.03,16013.25,72,181.8,128032.55,4,2,35,0.1063,0.4499,0.089,1,2,0,0,0
C07641,66247.04,26002.5,61777.06,27049.51,80,285.29,137098.2,0,1,41,0.1648,0.2825,0.024,0,0,0,0,0
C07642,24709.15,9442.87,30486.16,8609.53,64,143.32,68718.79,0,0,40,0.0728,0.2446,0.1416,0,0,0,0,0
C07643,31062.44,23831.57,30780.86,28057.31,78,276.65,68414.73,1,0,36,0.4538,0.352,0.069,0,0,0,0,0
C07644,55241.97,23123.99,66871.59,24122.77,78,244.15,39295.46,1,0,18,0.3648,0.2317,0.1703,0,0,1,0,0
C07645,78120.53,44298.0,88457.87,49730.42,66,637.51,255601.68,2,0,58,0.3651,0.1231,0.1771,0,1,0,0,0
C07646,16706.15,9102.89,18744.95,10843.51,74,147.24,35084.86,1,0,32,0.4101,0.2978,0.1191,1,1,0,0,0
C07647,83527.38,41441.86,86190.61,40701.17,73,711.13,195454.36,0,0,25,0.5778,0.1816,0.1731,0,1,1,0,0
C07648,42249.89,25011.04,43092.33,23776.75,70,376.54,80505.09,1,0,55,0.2483,0.4027,0.1241,0,0,0,0,0
C07649,19277.12,6771.2,18570.79,9115.69,70,142.2,52905.95,0,0,29,0.069,0.3687,0.1479,0,0,0,0,0
C07650,12000.0,6252.81,12609.04,7011.5,64,101.0,39770.53,2,1,46,0.4204,0.2203,0.0366,0,1,0,0,0
C07651,22611.05,12791.18,23242.59,13003.11,73,134.23,29141.04,0,0,16,0.0674,0.3595,0.1383,0,1,0,0,0
C07652,44602.74,31734.27,47855.27,38042.64,75,597.19,134135.61,2,1,13,0.1692,0.1946,0.1102,0,0,0,0,0
C07653,43685.16,29069.57,38474.45,29447.74,80,266.26,25694.78,0,0,46,0.3007,0.3192,0.0919,0,1,0,0,0
C07654,59835.71,43823.25,62990.1,47726.07,55,992.18,96081.46,0,1,50,0.6039,0.143,0.0984,0,0,0,0,0
C07655,35141.87,18250.37,42223.6,17918.44,68,241.86,111004.62,0,0,34,0.2423,0.3734,0.0567,0,1,0,0,0
C07656,27331.62,11299.1,31794.49,11841.04,66,176.86,58059.92,1,1,35,0.4809,0.3534,0.2487,0,1,0,0,0
C07657,37366.46,19821.99,39337.93,20161.18,80,255.05,12248.69,1,0,28,0.1959,0.2286,0.1824,0,0,0,0,0
C07658,45685.78,35789.18,62018.0,34349.54,65,447.8,64471.19,1,2,17,0.5788,0.2922,0.0362,1,2,0,1,0
C07659,49924.42,22288.63,48961.76,24052.63,61,434.08,128494.6,1,0,16,0.212,0.19,0.1847,1,1,0,0,0
C07660,31548.89,13523.11,32798.2,13162.97,62,184.17,40118.82,3,0,51,0.1059,0.381,0.209,0,2,0,0,0
C07661,67512.55,52318.97,59136.82,58551.12,62,743.74,67199.15,0,2,29,0.6185,0.4358,0.141,0,0,0,1,0
C07662,34022.9,26451.63,34076.11,26807.53,59,416.2,96804.86,1,0,46,0.335,0.1211,0.1801,0,0,0,0,0
C07663,30425.76,12692.31,38474.52,10707.08,67,191.92,30855.78,1,0,38,0.5752,0.2303,0.1814,0,0,0,0,0
C07664,35254.26,24545.91,35470.8,27601.92,74,354.26,30757.02,0,0,34,0.1858,0.4255,0.2266,0,0,0,0,0
C07665,72991.32,39662.33,63258.68,44680.07,71,804.29,181804.74,1,1,43,0.3243,0.3608,0.2077,0,2,0,0,0
C07666,42389.64,24225.56,48944.77,31988.06,77,300.07,105343.44,1,1,45,0.1143,0.3072,0.1185,0,0,0,0,0
C07667,32921.68,18910.53,36105.38,19896.27,71,199.24,6752.78,3,1,55,0.08,0.3316,0.0284,0,0,0,0,0
C07668,68265.94,53641.14,78483.82,57503.22,79,900.96,140275.14,1,2,22,0.4155,0.2962,0.1038,0,1,0,0,0
C07669,118025.34,51116.48,119719.46,56607.96,71,650.0,48265.57,0,1,26,0.6022,0.1616,0.1123,0,0,0,0,0
C07670,49452.85,34512.09,45948.87,40460.74,71,472.92,158354.6,1,0,33,0.6058,0.3167,0.1594,0,0,0,0,0
C07671,78405.31,27642.05,80597.93,32199.23,70,537.78,206708.09,0,0,20,0.6165,0.155,0.2022,0,0,0,0,0
C07672,71729.17,45395.57,80091.46,49401.92,79,505.56,188250.55,0,1,5,0.1473,0.133,0.0464,0,0,1,0,0
C07673,34265.01,22056.56,35680.86,23072.11,81,304.38,90553.11,2,0,46,0.5847,0.1867,0.1283,0,0,0,0,0
C07674,45542.59,31386.48,49939.93,36129.59,74,354.87,36974.07,0,0,22,0.3514,0.3126,0.0903,0,0,0,0,0
C07675,25267.46,19372.13,24903.15,20167.32,55,449.38,13898.29,0,2,26,0.2331,0.2218,0.1997,0,1,0,0,0
C07676,41035.54,28282.75,45180.6,25321.54,76,347.33,68974.64,1,0,7,0.1823,0.1479,0.12,0,2,0,0,0
C07677,33949.59,23067.55,35634.79,20065.38,67,290.32,85148.82,2,2,38,0.119,0.2805,0.1111,0,1,0,0,0
C07678,37538.38,17425.48,36235.61,17683.52,70,231.86,130507.51,3,1,58,0.2073,0.1534,0.0534,0,1,0,0,0
C07679,32111.36,25585.62,34256.2,27233.24,59,409.68,35935.52,0,0,41,0.0764,0.2895,0.0405,0,0,0,0,0
C07680,39546.17,22176.86,39688.42,29864.32,75,341.84,126475.63,0,4,10,0.2885,0.1183,0.2451,0,4,0,0,1
C07681,57177.89,30753.27,64271.36,31847.99,74,553.08,25939.87,0,1,5,0.2032,0.1338,0.0488,0,0,0,0,0
C07682,42644.19,24556.44,49244.61,25921.59,84,272.51,50871.16,1,0,27,0.6094,0.357,0.0286,0,1,0,0,0
C07683,19447.03,10254.91,21589.8,10270.09,75,115.38,30250.07,1,1,46,0.2899,0.1572,0.0369,0,0,0,0,0
C07684,32165.94,19850.79,27463.33,22317.38,71,306.38,43983.1,0,0,3,0.5377,0.244,0.2416,0,0,0,0,0
C07685,22712.89,11522.96,21219.01,12486.75,77,138.56,67004.5,1,0,56,0.313,0.3502,0.0572,0,1,0,0,0
C07686,50223.83,23001.27,48898.46,22389.42,63,306.67,82416.43,0,3,47,0.3859,0.3731,0.1917,0,1,0,0,0
C07687,56438.71,43322.23,53867.49,40230.09,66,523.74,154422.89,1,1,13,0.5305,0.1469,0.031,0,1,0,1,0
C07688,50506.86,38765.17,49742.1,38831.69,64,474.9,157390.04,0,0,7,0.3464,0.2334,0.2316,0,1,0,0,0
C07689,31573.89,18101.64,36658.23,17174.75,64,330.65,59054.72,0,1,42,0.336,0.2074,0.1684,0,0,1,0,0
C07690,50287.01,39373.03,57017.35,40249.5,65,501.89,73801.3,1,2,39,0.1272,0.4004,0.0749,1,0,0,0,0
C07691,36419.75,19560.05,36388.35,20870.14,78,190.81,7563.34,0,2,36,0.4261,0.1146,0.1505,0,0,0,0,0
C07692,26962.88,14137.19,30225.8,13993.79,65,251.15,70272.7,1,1,10,0.5424,0.154,0.2212,0,0,0,0,0
C07693,62836.18,47919.36,68457.57,58679.16,67,850.35,212114.82,0,2,17,0.5482,0.211,0.215,0,0,0,0,0
C07694,65025.21,41278.82,68020.07,49085.78,81,552.97,64134.1,2,0,17,0.1039,0.108,0.0807,0,0,0,0,0
C07695,68969.57,47805.08,81921.16,48878.45,78,639.07,226871.21,0,2,11,0.314,0.1288,0.0592,0,0,0,0,0
C07696,34223.26,18334.59,33218.62,17130.01,58,305.4,117639.72,0,0,24,0.2368,0.2741,0.1671,0,1,0,0,0
C07697,76506.49,40789.49,80816.18,42683.13,72,551.88,182603.52,0,0,11,0.6108,0.3326,0.1881,0,2,0,0,0
C07698,36037.15,13963.92,33294.61,14438.04,75,233.11,82924.67,0,5,31,0.5968,0.2109,0.1852,0,0,0,1,0
C07699,60384.84,47404.2,56136.67,49417.27,60,993.02,179457.68,0,0,3,0.1636,0.1931,0.1401,0,0,0,0,0
C07700,35757.21,16183.05,31706.21,16219.25,82,181.82,122052.03,3,1,37,0.5533,0.3762,0.2223,0,0,0,1,0
C07701,40685.45,23289.17,37906.52,21520.88,73,245.65,91905.37,0,2,25,0.3029,0.402,0.1832,0,0,0,0,0
C07702,15136.85,6078.58,16044.64,6407.95,74,100.0,4152.92,1,1,34,0.5816,0.2503,0.1052,0,1,0,0,0
C07703,39283.38,25185.72,39821.64,25384.59,65,309.97,106396.16,0,1,28,0.0968,0.1372,0.0296,0,0,0,0,0
C07704,46882.9,24655.43,47708.76,25113.23,74,295.04,55641.81,1,1,20,0.3458,0.1985,0.0665,0,0,0,0,0
C07705,37417.56,26021.96,37945.17,27616.47,71,361.7,70362.26,2,1,33,0.1009,0.238,0.0336,0,0,0,0,0
C07706,99181.07,58295.69,125238.82,60725.28,75,752.75,224017.43,1,0,54,0.1152,0.1512,0.0479,0,0,0,0,0
C07707,26670.36,10888.59,24364.4,11527.39,62,150.16,37857.28,1,0,60,0.3547,0.3443,0.2004,0,0,0,0,0
C07708,34919.69,12390.67,31452.47,12419.64,78,160.13,20657.4,0,0,22,0.5876,0.4305,0.1762,0,0,0,0,0
C07709,29948.22,13344.98,28407.36,14588.97,53,294.06,59567.59,3,2,11,0.1083,0.2736,0.1331,0,2,0,0,0
C07710,34916.62,23602.09,36361.21,22749.21,55,441.34,61953.34,2,0,58,0.6313,0.318,0.2379,0,0,0,0,0
C07711,71578.76,51739.37,79579.3,47571.61,69,814.48,245033.0,0,2,46,0.2703,0.2923,0.1671,0,1,0,0,0
C07712,87512.08,44071.15,98383.75,41568.02,82,378.32,40176.92,2,2,41,0.2864,0.1874,0.0587,0,1,0,1,0
C07713,32828.79,19407.27,38191.59,18801.71,79,189.0,100657.98,0,0,58,0.1011,0.3292,0.1716,0,1,0,0,0
C07714,32502.24,14886.22,33705.19,13330.07,74,173.32,59516.97,1,1,17,0.4753,0.19,0.1418,0,0,0,0,0
C07715,26734.49,19949.26,26799.76,16894.54,69,242.32,23894.85,0,0,50,0.421,0.3914,0.1751,0,0,0,0,0
C07716,81003.38,63534.45,100931.45,70549.63,67,866.9,94962.89,0,0,25,0.3927,0.1901,0.0874,1,0,0,0,0
C07717,74523.5,51333.5,53351.0,61749.54,88,617.22,17021.83,0,1,22,0.2428,0.2663,0.1548,0,2,0,0,0
C07718,42904.24,16732.61,45372.57,18689.06,58,256.37,85261.53,0,1,33,0.3143,0.2318,0.2204,1,0,0,0,0
C07719,24008.74,13125.66,26448.05,13021.02,79,169.05,77965.11,0,1,27,0.4793,0.1052,0.1416,0,0,0,0,0
C07720,24994.71,19888.98,31864.31,16786.85,79,209.58,67019.86,1,0,51,0.3172,0.2511,0.0786,0,0,0,0,0
C07721,48591.36,22022.73,41338.23,23631.12,49,536.65,56334.89,0,0,33,0.2951,0.4334,0.0777,1,0,0,0,0
C07722,57619.7,37551.47,57595.7,32186.23,63,550.9,78790.55,2,1,27,0.1802,0.4239,0.228,0,0,0,0,0
C07723,17759.09,13716.29,15753.85,14259.47,84,146.42,20949.88,0,0,48,0.5428,0.2453,0.2439,1,1,0,0,0
C07724,38941.99,27179.23,32485.67,25930.36,97,309.06,23981.44,2,1,57,0.4378,0.1211,0.0756,0,0,0,0,0
C07725,93213.79,58164.2,95586.72,45154.53,74,482.72,67406.75,1,1,14,0.2896,0.173,0.0484,0,1,0,0,0
C07726,40804.13,23585.49,46923.58,28955.07,81,385.44,104641.2,0,1,36,0.0939,0.2373,0.2366,0,1,0,0,0
C07727,87970.33,67558.27,105099.59,60755.39,77,845.87,186702.82,1,1,24,0.6179,0.2887,0.2081,0,2,1,1,1
C07728,60263.9,31797.04,59430.77,32029.32,74,364.11,69414.97,0,0,13,0.5475,0.3833,0.1371,0,0,0,0,0
C07729,27625.43,20872.97,31216.27,21593.58,62,284.63,29476.19,0,0,28,0.4411,0.3573,0.0508,0,0,0,0,0
C07730,39447.1,21458.19,40483.52,21319.69,65,250.6,102129.33,1,0,36,0.3038,0.1549,0.1195,0,0,0,0,0
C07731,42467.97,29321.81,47427.75,32422.58,69,503.83,21843.19,1,1,38,0.276,0.3974,0.0538,0,0,0,0,0
C07732,29313.03,22338.62,34839.63,21469.28,83,237.55,26834.73,1,1,8,0.4062,0.4089,0.1871,0,0,0,1,0
C07733,29084.98,17386.69,29861.33,19052.84,78,317.36,39691.75,2,0,43,0.5384,0.196,0.1423,0,1,1,0,0
C07734,88651.09,43389.92,104540.64,47217.8,70,729.15,273770.09,0,0,25,0.0803,0.4214,0.0667,0,0,1,0,0
C07735,28987.08,10810.56,26216.98,9563.77,68,100.0,84042.74,0,1,29,0.4061,0.3797,0.066,0,0,0,0,0
C07736,73109.53,52212.41,82524.67,56300.69,60,867.3,34559.14,1,0,17,0.2979,0.1404,0.1037,0,3,0,0,0
C07737,36975.09,23290.78,43410.27,21509.57,72,211.67,75230.92,3,1,43,0.5842,0.2962,0.1731,0,1,0,0,0
C07738,44483.79,20834.9,51673.48,18962.32,73,279.48,131688.69,0,0,35,0.1355,0.3817,0.0457,0,0,0,0,0
C07739,57944.9,43159.4,52602.23,46822.23,62,944.43,115737.86,0,1,5,0.4562,0.1557,0.2457,0,0,0,0,0
C07740,34374.37,26266.7,35244.13,26292.9,64,471.2,59351.65,2,0,53,0.3802,0.245,0.129,0,1,0,0,0
C07741,58103.12,43532.3,63115.16,47657.09,64,639.8,182705.28,2,1,32,0.0799,0.393,0.0667,1,1,1,0,1
C07742,17917.34,11120.99,19765.81,12186.48,78,126.12,46998.09,2,0,57,0.5357,0.1304,0.0768,0,1,0,0,0
C07743,54846.09,43298.89,58351.03,38044.1,65,717.82,103086.18,0,0,44,0.56,0.4336,0.1096,1,1,0,0,0
C07744,14817.72,11019.39,18099.88,12549.69,78,124.15,11545.59,3,0,60,0.2461,0.4418,0.2479,0,1,0,0,0
C07745,40633.04,16127.95,36347.17,17485.96,57,345.4,31999.58,2,1,8,0.4392,0.2273,0.1489,0,1,0,1,0
C07746,66093.59,52312.93,67492.79,51245.92,76,570.86,64859.9,0,1,5,0.4897,0.2277,0.1469,0,1,0,1,0
C07747,59542.8,35544.84,50460.58,36742.53,70,462.4,127114.65,0,0,43,0.6168,0.4261,0.0328,0,0,0,0,0
C07748,25087.7,19167.41,28212.37,21894.88,74,215.41,50314.38,2,1,19,0.06,0.3855,0.0817,0,0,0,0,0
C07749,26584.11,18400.29,29682.6,18614.59,69,216.34,60860.61,1,0,44,0.5356,0.2274,0.0263,0,0,0,0,0
C07750,33008.33,21171.71,47922.57,27604.34,61,327.44,28094.98,0,1,23,0.4793,0.1803,0.2091,1,2,0,0,1
C07751,48933.37,24320.01,57406.83,29886.45,67,451.55,93547.23,0,1,43,0.29,0.1588,0.2498,0,0,0,0,0
C07752,18034.61,6531.48,19653.46,6949.58,73,100.0,39925.98,0,0,26,0.5602,0.2495,0.1899,0,1,0,0,0
C07753,44733.02,21227.22,48337.94,21707.83,70,316.14,135549.06,2,0,59,0.1658,0.1132,0.2037,0,0,0,0,0
C07754,51769.73,34096.54,52391.32,35045.76,60,431.77,57427.62,0,0,19,0.4139,0.2699,0.1655,0,0,0,0,0
C07755,39618.48,29254.36,42219.77,28608.47,62,546.17,44286.12,0,0,55,0.2484,0.1693,0.2171,0,0,0,0,0
C07756,57000.32,20010.3,61739.89,21311.51,62,266.22,198144.48,2,0,39,0.1418,0.2372,0.1187,0,2,0,0,0
C07757,49766.32,22075.75,40521.17,25000.91,73,410.68,20190.33,0,1,52,0.2378,0.1809,0.1928,0,0,0,0,0
C07758,35265.96,23024.45,37862.58,20447.16,82,222.74,63869.22,2,0,46,0.2204,0.1499,0.0394,0,0,0,0,0
C07759,18828.61,8993.22,19998.26,10136.55,86,113.9,61458.25,0,0,7,0.4295,0.367,0.1455,0,1,0,0,0
C07760,47784.36,19771.56,60231.31,22975.07,79,317.46,96210.76,0,0,54,0.05,0.3139,0.1276,1,1,0,0,0
C07761,29305.6,11337.49,30307.83,12682.81,65,207.46,61970.12,1,0,58,0.0518,0.3407,0.1323,0,0,0,0,0
C07762,34688.5,22098.16,33236.25,22858.48,63,377.16,37648.59,1,1,58,0.4439,0.2998,0.1014,0,0,0,0,0
C07763,55827.6,34483.98,60417.96,38403.97,71,508.5,146480.79,1,0,54,0.4485,0.3837,0.0295,0,0,0,0,0
C07764,85154.1,62705.44,90171.53,75617.35,77,970.17,287305.47,2,1,7,0.3507,0.4057,0.119,0,1,0,0,0
C07765,44235.85,21749.75,45754.37,22685.35,67,250.32,76829.57,1,1,36,0.6138,0.3144,0.2454,0,0,0,1,0
C07766,57742.4,23762.35,51767.29,25017.79,71,280.92,176502.7,2,0,48,0.6191,0.2284,0.1852,1,0,0,0,0
C07767,23491.69,16670.17,24226.46,21769.66,68,364.85,7389.59,1,0,48,0.1301,0.2693,0.2365,0,1,1,0,0
C07768,50256.91,39938.35,49276.75,43407.76,50,957.88,149606.54,1,1,11,0.1113,0.4305,0.1875,0,0,0,0,0
C07769,43803.11,22434.87,44855.36,20844.79,68,276.53,147206.51,2,1,48,0.4755,0.4496,0.0735,0,0,1,0,0
C07770,78242.65,57853.19,89029.06,66806.35,67,1172.03,235151.04,0,1,12,0.5076,0.3337,0.0917,0,2,0,0,0
C07771,35284.94,24457.59,34193.16,26860.14,85,374.05,17252.28,1,2,49,0.1425,0.1591,0.0985,0,1,0,0,0
C07772,40363.49,30684.86,41310.09,29805.74,73,415.04,92826.07,1,0,57,0.2444,0.3794,0.1611,0,0,0,0,0
C07773,72466.83,39202.21,80796.51,35969.04,80,579.06,32306.2,0,0,43,0.6087,0.1708,0.068,0,4,0,0,0
C07774,43174.38,17079.17,43937.35,18422.13,75,211.22,18286.93,1,1,25,0.5946,0.1658,0.0696,0,0,0,1,0
C07775,27321.77,11017.79,37242.37,11489.21,65,154.99,12436.16,1,1,38,0.571,0.4185,0.0519,0,0,0,0,0
C07776,141868.06,98376.89,153198.21,88607.08,69,906.1,95279.25,0,0,18,0.2951,0.1291,0.0567,0,0,1,0,0
C07777,27696.21,20453.64,24953.52,21259.16,56,299.87,54529.7,2,1,35,0.2884,0.2585,0.0958,0,0,0,0,0
C07778,43708.71,24287.08,41491.97,25060.07,61,489.2,116434.32,1,0,9,0.3858,0.3761,0.1228,0,0,0,0,0
C07779,52597.69,19819.17,49294.96,20661.69,72,309.22,38798.4,1,0,46,0.1957,0.3167,0.2385,0,0,0,0,0
C07780,50759.07,19289.35,48271.72,21391.71,87,200.17,11262.43,0,0,22,0.0524,0.4197,0.199,0,0,0,0,0
C07781,41317.16,25590.61,46045.38,21459.59,78,304.39,66409.85,1,2,51,0.5283,0.2592,0.0472,0,0,0,0,0
C07782,41409.91,31611.54,37981.95,28973.39,54,428.23,66416.38,2,1,14,0.3527,0.1005,0.2483,0,0,0,0,0
C07783,40485.47,21449.71,40900.66,21268.82,76,264.19,66633.4,1,0,32,0.5259,0.1021,0.0493,0,2,0,0,0
C07784,27234.71,17505.9,32331.13,21167.11,72,381.84,55532.43,0,0,60,0.1103,0.4307,0.2333,0,1,0,0,0
C07785,118422.78,70331.71,116957.58,93831.91,71,1175.91,403417.02,0,0,30,0.0959,0.3881,0.2136,0,1,0,0,0
C07786,40758.59,30584.88,46080.78,32131.9,81,439.35,46183.57,1,1,30,0.5339,0.2168,0.0963,0,0,0,0,0
C07787,58867.05,42653.56,49921.82,45019.35,60,527.96,122535.46,0,1,54,0.3773,0.1076,0.1788,0,0,0,0,0
C07788,38708.87,17020.55,38922.78,12881.09,77,147.16,115443.71,0,1,3,0.6366,0.2508,0.2457,0,1,0,0,0
C07789,38360.14,25121.84,36199.95,29104.54,67,383.73,62733.8,0,1,20,0.4772,0.1332,0.1046,1,0,0,0,0
C07790,36660.98,26812.97,39812.81,29600.38,74,481.12,9133.16,0,0,54,0.2581,0.1842,0.1148,0,1,0,0,0
C07791,22403.83,17219.86,20742.06,18665.92,84,178.28,30490.25,1,0,4,0.5384,0.3282,0.0475,0,0,0,1,0
C07792,41862.19,25764.8,54352.14,23200.03,65,318.83,105561.15,0,1,26,0.0774,0.3938,0.1339,0,1,0,0,0
C07793,37468.82,16080.12,31971.16,20704.55,64,258.1,30589.26,1,2,8,0.1221,0.2615,0.0551,0,1,1,0,0
C07794,76237.12,45834.1,90439.62,56488.93,64,870.15,182925.74,0,1,48,0.0984,0.2359,0.2115,0,0,0,0,0
C07795,26262.64,17060.7,30343.68,18516.36,68,235.04,9762.54,0,1,29,0.3589,0.4034,0.0578,0,0,0,0,0
C07796,34707.17,16403.3,37733.06,19176.11,67,230.94,83812.65,1,0,45,0.5987,0.1195,0.0382,0,1,0,0,0
C07797,30035.03,23663.12,31732.97,24991.4,74,323.85,55567.84,2,0,9,0.6103,0.1658,0.0631,0,0,0,1,0
C07798,86125.12,39031.63,109602.41,44828.97,68,648.53,216914.88,0,1,9,0.6093,0.4491,0.0216,0,0,0,0,0
C07799,30429.99,23130.1,40974.46,20658.18,79,231.54,8877.66,1,0,60,0.4891,0.3432,0.0915,1,0,0,0,0
C07800,57956.77,31373.82,59413.11,24382.32,70,445.89,193681.09,0,0,54,0.5778,0.2126,0.182,0,2,0,0,0
C07801,69632.76,24388.83,74432.71,21892.9,61,282.58,147249.99,0,2,48,0.1255,0.3249,0.2372,0,1,1,0,0
C07802,42136.2,25049.13,41449.88,23877.38,70,384.88,101398.86,3,1,26,0.5514,0.39,0.1175,0,1,0,1,0
C07803,24218.03,15323.44,22030.79,14906.22,72,210.43,70008.94,0,1,19,0.208,0.3598,0.1355,0,1,0,0,0
C07804,24356.37,18053.27,26927.75,19926.72,88,210.78,8834.41,3,0,16,0.0795,0.1895,0.0391,0,1,0,0,0
C07805,66258.01,39307.79,71555.65,40059.33,63,702.3,48224.49,1,0,22,0.3041,0.237,0.2287,0,1,1,0,1
C07806,25518.28,10012.31,21863.39,10478.48,65,127.71,18384.3,0,0,13,0.0549,0.1626,0.1267,0,2,0,0,0
C07807,53681.82,41177.51,59303.4,37382.87,61,770.98,38620.92,0,0,26,0.1347,0.1174,0.051,0,1,1,0,0
C07808,47376.18,28634.62,51354.68,25698.43,81,380.68,23116.26,1,1,46,0.3745,0.4412,0.0661,0,0,0,0,0
C07809,53323.23,25178.65,52142.16,26561.77,59,516.1,172557.21,1,1,7,0.2863,0.3444,0.1938,0,1,0,0,0
C07810,55638.51,41978.5,53970.32,41346.61,73,722.13,75102.7,0,0,50,0.5904,0.3108,0.0542,0,0,0,0,0
C07811,29562.62,11955.45,32544.11,12559.77,71,223.68,17002.16,3,0,16,0.2183,0.2122,0.0323,0,0,0,0,0
C07812,29010.99,11426.48,36062.57,12744.27,92,113.75,73995.29,1,0,40,0.5743,0.315,0.1964,0,1,0,0,0
C07813,62077.26,36672.39,68148.88,45720.88,70,804.65,87525.6,0,0,3,0.2108,0.2939,0.1882,0,0,0,0,0
C07814,33901.44,21398.52,38771.65,22415.92,82,321.13,29775.2,0,2,7,0.2878,0.4326,0.1698,1,1,0,0,0
C07815,13054.01,7570.44,12403.09,9596.29,81,113.77,42617.98,0,1,44,0.1784,0.2879,0.2408,0,0,0,0,0
C07816,60256.01,46279.42,60273.33,50849.65,62,835.55,180579.36,1,0,3,0.2044,0.3196,0.0746,1,0,0,0,0
C07817,28228.86,13218.71,31699.94,14973.37,84,184.89,60778.76,2,1,5,0.3629,0.2885,0.1334,0,0,0,0,0
C07818,55527.24,44177.79,49252.58,51969.44,80,656.64,102273.17,0,0,50,0.3465,0.2326,0.0941,1,0,0,0,0
C07819,84219.99,30210.32,90525.05,34330.09,77,425.64,45293.53,1,1,15,0.2256,0.1072,0.078,0,0,0,0,0
C07820,45340.72,18287.74,50292.42,17442.76,63,297.21,81045.51,1,0,13,0.2775,0.3142,0.2318,1,1,0,0,1
C07821,70439.71,30539.44,73635.97,36035.52,71,606.07,110057.05,0,4,48,0.1678,0.3496,0.0512,0,0,0,0,0
C07822,48224.71,18605.53,52484.14,18700.6,73,325.84,89804.79,1,1,23,0.5293,0.2789,0.1259,1,1,0,0,0
C07823,91928.0,50302.82,97162.23,54639.06,65,924.33,141237.92,0,1,29,0.6257,0.3414,0.0948,0,0,0,0,0
C07824,27902.44,20631.55,27214.39,21992.04,72,387.29,54554.51,1,0,16,0.2914,0.1447,0.1211,1,0,0,0,0
C07825,44833.95,32250.93,40737.35,38291.26,68,719.38,93329.77,4,0,35,0.3831,0.1975,0.1106,0,0,0,0,0
C07826,60921.44,41739.75,63307.27,45795.52,62,805.27,29178.31,1,2,19,0.2012,0.4152,0.1676,0,2,0,0,0
C07827,41304.74,14594.38,49835.85,12896.48,97,115.66,36834.88,0,0,43,0.0873,0.443,0.1304,0,3,0,0,0
C07828,75577.68,55894.81,88647.01,72719.09,72,1021.25,129171.78,2,2,52,0.6368,0.1304,0.2231,1,0,0,1,0
C07829,37049.12,19577.67,37366.27,22518.08,54,518.12,117833.0,1,0,60,0.2721,0.1803,0.1773,0,1,0,0,0
C07830,114191.8,77563.3,114884.66,76317.7,68,871.16,376824.17,0,2,12,0.4081,0.3576,0.0414,0,1,0,0,0
C07831,116938.88,79180.88,116615.48,72333.64,83,998.27,242351.85,1,2,17,0.448,0.1742,0.0366,0,1,0,0,0
C07832,51090.31,21962.93,50949.81,25562.93,69,469.65,106804.23,3,1,60,0.2524,0.4057,0.062,0,0,0,0,0
C07833,57704.38,33579.77,62582.12,31152.36,70,503.18,112913.56,0,0,28,0.154,0.1684,0.2424,0,1,0,0,0
C07834,76931.44,58989.6,90540.44,67607.16,65,1319.8,89270.77,2,1,45,0.6327,0.4179,0.2058,0,3,0,0,0
C07835,26375.19,12353.4,34855.79,14555.88,78,211.5,44963.96,0,0,39,0.2814,0.389,0.0874,1,0,0,0,0
C07836,24934.75,16750.23,23698.44,16281.69,74,284.23,51880.92,0,0,11,0.0606,0.1874,0.0868,0,0,0,0,0
C07837,79205.92,61869.56,89355.49,59476.54,63,1205.17,242248.8,0,0,37,0.6092,0.2948,0.137,0,0,0,1,0
C07838,50904.8,26077.72,56762.94,25910.14,64,435.82,68081.08,0,0,6,0.3385,0.2627,0.0683,0,0,1,0,0
C07839,40639.28,21312.67,41063.17,19849.22,57,369.14,36118.92,2,2,3,0.4995,0.3445,0.1666,0,1,0,1,0
C07840,45225.81,25039.41,41918.85,26981.17,64,521.97,31221.64,1,1,55,0.2413,0.2264,0.2062,0,1,0,0,0
C07841,15378.09,10981.0,16655.16,12020.61,61,229.02,19155.66,0,1,3,0.1345,0.2441,0.0438,0,0,0,0,0
C07842,41301.94,22620.17,53873.65,25725.9,66,412.68,77160.45,1,1,56,0.3416,0.306,0.2079,0,0,0,0,0
C07843,32065.85,18239.4,34704.4,17327.45,65,300.8,110616.95,0,1,41,0.3203,0.2643,0.2204,0,0,0,0,0
C07844,68019.52,30611.7,64994.84,35227.8,74,353.39,57507.45,0,1,7,0.4928,0.3756,0.1669,0,1,0,0,0
C07845,70416.41,55963.81,72608.34,52129.11,71,934.75,25438.14,3,0,8,0.1958,0.1962,0.0245,0,1,0,1,0
C07846,58333.04,43840.74,53268.51,50448.73,78,617.69,63836.49,1,2,29,0.4188,0.2307,0.2019,0,1,0,1,0
C07847,53764.79,33340.33,56572.46,29059.46,62,353.31,118991.08,0,1,40,0.5393,0.4179,0.2233,0,0,0,0,0
C07848,22939.41,17944.4,25967.62,22217.48,67,307.5,76830.38,0,1,50,0.154,0.176,0.0723,1,0,0,0,0
C07849,58700.71,38692.52,56757.01,38205.69,71,542.61,142684.83,1,1,41,0.6137,0.2342,0.0598,1,0,0,0,0
C07850,59733.41,46687.49,41813.39,52378.26,75,906.5,166983.64,1,2,33,0.0813,0.1786,0.0529,1,0,0,0,0
C07851,78806.79,33310.93,85365.54,37688.5,70,570.72,176508.03,2,0,54,0.1322,0.1675,0.2229,1,0,0,0,0
C07852,116729.22,52698.09,115540.18,47304.75,66,521.2,394452.74,1,1,4,0.4419,0.3203,0.0209,0,0,0,0,0
C07853,21010.25,15722.64,20168.15,18084.43,64,210.05,44935.37,0,1,30,0.1692,0.3339,0.168,0,1,0,0,0
C07854,37782.57,20362.67,36229.1,20035.04,79,239.59,92092.48,0,2,34,0.4009,0.4382,0.1184,0,1,0,0,0
C07855,32221.78,16659.33,35380.48,16880.42,63,326.51,111039.6,1,0,50,0.1998,0.2369,0.0894,0,0,0,0,0
C07856,48632.44,33529.68,48683.56,32509.48,72,413.65,99242.54,0,0,56,0.3106,0.2723,0.2431,1,0,0,0,0
C07857,45272.21,28686.58,52590.62,35676.21,78,590.33,44442.32,3,0,25,0.4043,0.2932,0.1799,0,1,0,0,0
C07858,40500.96,20446.19,47155.03,18597.91,65,202.74,135004.15,1,1,53,0.1853,0.1919,0.1195,0,1,0,0,0
C07859,71456.18,37802.98,72708.39,41645.07,81,528.73,144254.14,0,1,56,0.3365,0.3448,0.1528,1,0,0,0,0
C07860,27413.24,14632.44,27070.47,14268.98,76,241.45,78560.04,0,1,5,0.5986,0.4368,0.0655,0,0,0,1,0
C07861,28167.19,11459.8,30007.21,13533.2,71,188.71,43053.37,0,0,8,0.163,0.1576,0.2232,0,0,0,0,0
C07862,28382.17,12865.62,29306.09,17092.78,69,248.88,95651.34,0,0,16,0.6179,0.434,0.1792,0,0,0,0,0
C07863,38264.21,22648.15,32130.4,22067.42,71,277.13,107157.6,0,0,33,0.2631,0.1958,0.1293,0,0,0,0,0
C07864,25888.45,18169.09,33129.25,19382.91,78,293.27,59340.45,0,0,46,0.0515,0.3157,0.0406,0,0,0,0,0
C07865,44027.1,23711.75,50002.47,23801.28,71,421.77,120038.35,0,0,54,0.3097,0.2652,0.1822,0,1,0,0,0
C07866,41770.56,21825.49,41535.89,25635.53,66,371.43,121277.63,2,0,54,0.6425,0.2465,0.1023,0,1,0,0,0
C07867,31586.53,20301.68,25902.03,20710.88,63,410.17,95387.32,0,2,32,0.1949,0.124,0.1868,0,1,0,0,0
C07868,66676.82,28055.22,68566.98,32506.54,61,417.67,135543.74,0,0,42,0.053,0.2214,0.052,0,3,0,0,0
C07869,43811.1,22840.38,42910.47,22892.28,59,428.72,110375.75,0,0,49,0.2615,0.1424,0.1033,0,0,0,0,0
C07870,72591.93,32206.23,75693.87,42488.02,61,616.07,246603.35,2,1,31,0.2642,0.3851,0.0793,0,2,1,0,0
C07871,41218.62,26513.5,32576.54,20866.58,89,179.02,86101.15,2,0,29,0.3051,0.1873,0.086,0,0,0,0,0
C07872,44512.71,17830.18,44215.83,19528.04,58,360.34,10169.48,1,1,49,0.503,0.4,0.2122,0,0,0,0,0
C07873,34932.25,19265.84,34954.65,20204.76,73,283.99,8321.08,1,2,26,0.4175,0.1707,0.0384,0,0,0,0,0
C07874,44857.53,27734.6,46065.41,28965.79,64,470.86,122978.37,0,1,16,0.1034,0.2251,0.2338,0,0,0,0,0
C07875,62002.0,44960.99,63344.65,48748.83,69,807.21,21821.0,0,0,37,0.4082,0.1002,0.1265,0,0,0,0,0
C07876,37395.94,25281.45,39500.21,26722.8,73,360.73,91726.77,1,0,57,0.6439,0.3784,0.1964,1,0,0,0,0
C07877,56823.38,43997.68,70037.16,47354.03,94,467.78,178435.2,1,2,55,0.3837,0.4074,0.0365,1,0,0,1,0
C07878,31215.86,20475.9,30847.46,22502.44,79,326.07,64011.48,0,0,46,0.3702,0.2731,0.2166,0,0,0,0,0
C07879,63322.15,32112.9,59564.68,40458.33,64,716.92,61339.46,0,1,55,0.518,0.3055,0.2091,0,1,1,0,0
C07880,34664.11,15747.06,29212.15,11308.45,69,166.54,113162.08,2,0,20,0.2442,0.1568,0.1515,0,4,0,0,0
C07881,66017.41,24787.03,65269.21,31520.42,88,383.96,123402.74,2,0,44,0.5604,0.2302,0.0462,0,0,0,0,0
C07882,46251.87,21965.68,40787.21,29811.29,77,389.16,36541.47,0,2,17,0.2406,0.1122,0.199,0,0,0,0,0
C07883,89218.79,36720.84,103958.77,30840.75,76,436.48,139319.22,1,0,33,0.4067,0.4291,0.0565,0,1,0,0,0
C07884,26771.34,13818.06,27801.16,14588.32,68,201.6,73117.12,0,1,25,0.0872,0.3991,0.1824,0,0,0,0,0
C07885,23158.99,15427.59,26927.78,18737.66,67,332.33,48608.86,2,1,31,0.3702,0.4007,0.0525,1,1,0,0,0
C07886,34102.3,22555.78,41805.45,26169.76,50,588.36,69976.17,0,1,12,0.3105,0.1754,0.0924,0,0,0,0,0
C07887,24133.18,11901.88,22834.65,14890.98,75,223.92,8125.14,0,0,27,0.6153,0.2806,0.1502,0,1,1,0,0
C07888,24153.56,13981.25,24354.44,15304.34,82,240.5,38295.05,1,1,30,0.3126,0.2088,0.0964,0,2,0,0,0
C07889,59522.85,26639.29,72010.89,21472.99,72,299.03,146867.65,0,0,57,0.2716,0.1706,0.1808,0,0,0,0,0
C07890,44915.46,25886.55,48181.09,31233.57,59,672.47,34238.87,1,0,26,0.2364,0.1862,0.0398,0,0,0,0,0
C07891,36263.29,21015.92,40345.86,23669.32,63,352.35,124725.55,1,0,46,0.6198,0.3987,0.052,0,0,0,0,0
C07892,37808.33,18359.1,44385.36,22507.55,73,384.15,10918.17,1,1,56,0.4427,0.201,0.0888,0,1,0,0,0
C07893,34394.81,16054.14,39814.8,13901.62,64,225.81,36689.64,0,1,18,0.4265,0.3603,0.1482,0,0,0,0,0
C07894,94568.89,74785.89,103954.21,67612.52,69,1021.11,29909.29,0,4,6,0.1296,0.3266,0.1831,0,1,0,0,0
C07895,32319.96,19123.9,39351.6,20117.86,71,347.02,33753.42,1,1,55,0.6436,0.1332,0.1771,0,1,0,0,0
C07896,24821.3,14965.62,25859.07,18107.97,59,390.6,30410.04,0,1,46,0.1444,0.1671,0.1693,0,0,0,0,0
C07897,64385.29,22760.67,71617.68,28300.41,95,244.2,114891.45,1,2,7,0.5244,0.409,0.1239,0,1,0,1,0
C07898,40836.34,17634.29,42011.98,16980.24,54,244.61,124531.49,1,2,34,0.623,0.2012,0.0202,0,0,0,0,0
C07899,112630.29,57495.5,132055.2,57566.06,68,987.31,134132.52,1,1,9,0.1495,0.1701,0.1929,0,1,0,0,0
C07900,35511.97,27865.94,34301.31,38862.82,67,530.69,30783.8,1,1,12,0.5496,0.2556,0.0346,0,0,0,1,0
C07901,65848.42,28239.67,55843.23,27778.42,73,297.92,57497.75,1,0,40,0.2855,0.4363,0.027,0,2,0,0,0
C07902,73233.38,35626.6,82650.53,40295.17,73,462.85,35163.76,1,1,53,0.2563,0.2883,0.0428,1,0,0,0,0
C07903,35589.88,28314.26,33012.58,28194.74,80,320.4,24560.49,2,1,31,0.1774,0.1427,0.1377,0,0,0,0,0
C07904,32212.29,18248.23,29496.5,20200.26,81,290.23,38007.1,1,1,12,0.3986,0.1658,0.1111,0,2,0,0,0
C07905,62820.25,30988.19,75496.84,29316.07,76,287.08,60363.6,0,3,21,0.086,0.1032,0.1599,0,0,0,0,0
C07906,58286.11,37038.58,67958.9,35166.64,61,578.8,26645.53,1,1,59,0.3517,0.2615,0.2163,1,2,0,0,1
C07907,23852.47,13675.48,24064.76,13750.78,76,128.55,80252.63,0,1,30,0.6341,0.2277,0.1037,0,0,0,0,0
C07908,27081.92,21146.98,18957.35,20820.76,56,416.12,12333.15,0,0,56,0.4348,0.2878,0.035,0,0,0,0,0
C07909,14371.81,5568.18,16010.04,5643.39,65,110.96,37852.26,2,1,30,0.2913,0.163,0.0496,0,0,1,0,0
C07910,58826.16,41516.36,66444.18,46211.95,56,754.33,63387.56,1,0,28,0.1753,0.1533,0.0613,0,0,0,0,0
C07911,39998.43,19022.81,44478.95,24289.19,83,366.91,80983.27,0,0,42,0.4484,0.4277,0.1421,0,0,0,0,0
C07912,41833.39,29827.26,46288.75,29205.04,66,544.65,8562.55,0,0,17,0.4112,0.3018,0.2399,0,0,0,0,0
C07913,21020.8,15376.18,21614.29,14321.13,80,162.72,4707.21,3,1,14,0.0548,0.3443,0.2469,0,0,1,0,0
C07914,27454.13,20100.55,27474.54,21128.51,83,210.0,36019.67,0,0,15,0.4325,0.259,0.166,0,0,0,0,0
C07915,36291.41,26856.11,33288.68,25455.26,82,278.79,91566.88,1,0,45,0.4623,0.2346,0.2033,1,0,0,0,0
C07916,33252.04,22383.85,32131.85,19110.98,81,294.76,113359.74,1,0,36,0.5595,0.1027,0.16,1,0,0,1,0
C07917,47450.58,19648.42,51653.66,23140.18,68,325.1,80269.75,2,1,38,0.3266,0.2108,0.1373,0,1,0,0,0
C07918,58511.49,21845.63,63809.78,23148.95,64,361.34,143014.03,0,1,46,0.3738,0.4402,0.0632,0,1,1,0,0
C07919,124959.31,62897.56,143050.78,67389.66,70,758.46,258759.48,1,0,3,0.2846,0.1567,0.1813,0,0,0,0,0
C07920,44596.48,25544.03,39299.67,20913.93,82,213.46,147170.33,0,0,41,0.2693,0.3112,0.2295,0,0,0,0,0
C07921,74335.88,36140.57,63251.87,35411.56,81,548.99,152585.96,0,1,32,0.2588,0.1769,0.0662,0,0,0,0,0
C07922,30974.82,21186.57,31112.21,18646.19,70,332.6,34252.3,1,0,8,0.4171,0.4254,0.1902,0,1,0,0,0
C07923,21177.44,14296.88,19644.33,14976.61,69,190.53,53519.48,2,0,7,0.1715,0.1307,0.0609,0,0,0,0,0
C07924,38402.66,30236.95,41179.88,32236.19,61,591.94,116652.67,1,0,56,0.4032,0.2504,0.2297,0,0,0,0,0
C07925,21926.32,11626.6,19576.14,12394.33,79,174.47,65773.36,2,1,31,0.5906,0.1059,0.2114,0,1,0,1,0
C07926,45298.11,31870.73,53978.5,30913.54,65,453.27,128914.36,0,1,11,0.5342,0.1534,0.1207,0,2,0,0,0
C07927,31672.8,21649.62,30132.0,20516.12,73,317.09,15965.06,2,0,20,0.344,0.4086,0.1545,0,1,0,0,0
C07928,18676.02,14846.26,23179.2,15244.35,77,244.93,32398.0,0,1,16,0.4646,0.1414,0.2251,0,0,0,0,0
C07929,98285.23,68615.56,109383.23,74985.93,76,1149.16,158759.93,1,4,33,0.6442,0.3824,0.0921,1,0,0,1,0
C07930,35330.96,16874.37,32623.63,16545.22,64,266.37,121848.69,0,0,40,0.5576,0.1608,0.021,0,0,0,0,0
C07931,21536.17,7685.67,28026.51,7205.4,81,100.0,14783.37,0,1,25,0.0901,0.1528,0.0911,0,1,0,0,0
C07932,67413.13,52964.79,72931.18,49926.44,62,968.46,115608.78,1,1,57,0.6102,0.4208,0.0279,0,2,1,1,0
C07933,32420.34,21793.96,34687.64,21161.68,60,405.54,84670.37,1,0,27,0.3768,0.2617,0.1825,1,0,0,0,0
C07934,73496.46,52599.43,76596.14,52372.31,73,906.41,30337.35,1,0,38,0.2681,0.21,0.0839,0,0,0,0,0
C07935,32350.68,22870.63,35779.41,21000.23,59,428.47,101831.39,1,0,24,0.4741,0.4266,0.0597,0,1,0,0,0
C07936,35277.96,24027.56,39266.15,23944.39,70,251.2,89319.31,1,0,18,0.5836,0.3784,0.0556,0,0,0,0,0
C07937,52553.77,36165.58,49726.54,43338.53,76,644.34,34194.61,2,0,48,0.2231,0.3032,0.0715,1,0,0,0,0
C07938,58768.81,45149.5,60201.23,45811.36,76,470.37,144650.5,2,1,29,0.1276,0.1959,0.0465,1,0,0,0,0
C07939,63591.52,48415.41,67654.01,43638.65,82,638.74,146312.01,0,0,25,0.1406,0.4243,0.1771,0,1,0,0,0
C07940,43218.95,22502.03,48402.15,17528.65,78,170.8,25910.53,0,1,33,0.4199,0.2506,0.1957,1,1,0,0,0
C07941,57084.92,20775.07,64047.15,26391.95,63,365.53,193132.43,2,0,29,0.6191,0.1397,0.1152,0,0,0,0,0
C07942,62940.85,23124.89,67330.66,27442.73,70,348.45,117951.51,0,2,52,0.5024,0.423,0.0201,0,1,0,0,0
C07943,49250.45,27136.37,48460.54,29419.97,72,514.73,96864.28,0,0,47,0.2961,0.3261,0.0615,0,0,0,0,0
C07944,42201.95,30627.67,41265.44,36432.36,63,747.67,103678.25,1,1,14,0.3278,0.4159,0.1104,0,2,0,0,0
C07945,23483.07,17176.11,21299.65,19122.36,68,287.75,20276.14,0,1,40,0.0617,0.2687,0.1096,0,0,0,0,0
C07946,58926.5,31347.44,66063.21,32630.17,61,542.0,127267.85,1,2,60,0.2479,0.3493,0.0262,0,1,0,0,0
C07947,45862.17,22276.41,44765.28,20075.0,84,244.77,58506.45,2,0,13,0.2618,0.123,0.0628,0,1,0,0,0
C07948,37357.56,21591.57,38365.82,27616.4,66,453.61,115948.97,1,2,47,0.2237,0.1977,0.1501,0,0,0,0,0
C07949,79970.46,57950.15,86250.48,57808.47,80,535.67,252433.6,0,1,49,0.3145,0.2495,0.0686,0,0,0,0,0
C07950,23668.32,15063.07,24862.91,15125.03,73,181.89,63822.25,0,1,47,0.5309,0.1439,0.0211,0,0,0,1,0
C07951,94299.78,38937.57,98951.27,41059.46,75,584.2,71661.0,1,0,40,0.3077,0.4207,0.1082,0,0,0,0,0
C07952,44551.22,22855.01,41940.72,24147.57,75,270.72,78192.75,3,0,38,0.3568,0.2928,0.1883,0,0,0,0,0
C07953,51911.78,31144.04,56182.22,34849.08,67,554.25,175284.72,0,1,32,0.0676,0.1892,0.1246,0,1,0,0,0
C07954,37671.08,22309.49,38140.48,24655.35,62,493.28,52496.47,0,1,49,0.299,0.3043,0.0523,0,1,0,0,0
C07955,21252.61,15382.33,22094.89,15086.62,67,261.44,27013.67,2,1,36,0.5082,0.1046,0.1103,0,1,0,1,0
C07956,42259.87,32518.01,50245.14,34244.93,66,529.34,38929.54,1,1,48,0.4075,0.3755,0.1801,0,2,0,0,0
C07957,52315.76,20675.63,58103.88,23056.83,58,344.79,22894.01,0,3,36,0.2405,0.2484,0.1931,0,0,0,0,0
C07958,61005.49,27512.47,59877.1,26702.53,61,414.53,27477.39,1,1,51,0.4091,0.1618,0.0317,0,0,0,0,0
C07959,41163.32,21671.28,42485.91,26516.94,66,301.96,31982.12,1,0,30,0.3054,0.3875,0.1564,0,1,0,0,0
C07960,16777.18,8109.74,20836.12,8495.52,71,100.0,26142.93,1,0,11,0.4636,0.305,0.0731,1,0,1,0,1
C07961,22486.49,12001.73,22781.38,14903.96,68,284.74,46172.54,1,0,12,0.5929,0.1349,0.1704,0,1,0,0,0
C07962,113303.64,41732.51,119511.07,36847.46,67,687.5,220805.94,0,1,39,0.4013,0.2465,0.213,0,1,1,0,0
C07963,27522.98,10450.64,31092.64,11794.13,78,161.87,44237.83,0,0,27,0.5582,0.3847,0.0966,0,0,0,0,0
C07964,85527.22,62200.76,92012.15,58665.0,56,1128.77,262470.55,1,2,56,0.342,0.1919,0.1777,0,0,0,0,0
C07965,29557.08,11709.39,29712.61,11403.34,73,135.65,86632.02,0,0,12,0.6378,0.3238,0.2116,0,1,0,0,0
C07966,41452.88,29880.64,39827.49,34619.17,69,469.06,61929.62,0,1,18,0.3303,0.1254,0.1271,1,1,0,0,0
C07967,59620.9,29090.85,62529.69,29747.8,59,414.98,112093.89,1,1,54,0.1611,0.1302,0.1966,0,1,0,0,0
C07968,31111.42,15218.17,35123.62,20722.42,57,461.78,97146.22,2,2,10,0.4451,0.2823,0.1096,0,1,0,1,0
C07969,92126.19,36420.82,111335.24,40505.9,85,566.65,75383.99,0,0,60,0.627,0.2825,0.1349,1,0,0,0,0
C07970,46559.93,16573.87,40700.71,16018.76,59,237.9,63534.05,2,1,41,0.2394,0.106,0.2071,0,1,0,0,0
C07971,55370.41,28232.26,69851.66,31404.89,64,450.24,120617.27,1,0,50,0.2468,0.4405,0.1985,0,1,0,0,0
C07972,39894.53,28959.87,40508.55,29583.55,72,290.35,66764.17,0,0,15,0.5086,0.2589,0.0458,0,1,0,0,0
C07973,60526.82,46241.28,70270.38,53170.36,62,738.15,123530.62,0,1,50,0.6263,0.1732,0.2002,0,1,0,0,0
C07974,91571.42,34587.76,88045.53,35087.82,77,391.52,30514.59,1,0,6,0.2999,0.436,0.1352,0,1,0,0,0
C07975,42418.47,15436.45,36339.87,16961.59,58,231.67,77060.74,2,0,12,0.4127,0.4266,0.0927,0,0,0,0,0
C07976,98006.45,41305.82,87465.51,44354.68,69,803.03,329290.68,1,2,19,0.1177,0.4035,0.1943,0,0,0,0,0
C07977,34173.29,23744.64,34524.77,25155.35,63,285.05,112936.91,2,0,19,0.3147,0.12,0.1003,1,0,0,0,0
C07978,63466.09,28064.53,70630.85,32976.26,59,579.26,158277.01,1,0,30,0.381,0.1764,0.0659,0,0,0,0,0
C07979,56079.14,25452.34,59093.01,21217.32,63,320.07,184095.45,1,0,24,0.0652,0.203,0.1899,0,0,0,0,0
C07980,27821.26,20866.62,28376.9,22154.12,54,385.72,75072.72,0,1,41,0.5243,0.3921,0.06,0,1,0,0,0
C07981,49544.78,36847.79,58669.08,35589.78,68,413.64,40720.13,1,2,33,0.4298,0.4174,0.0947,0,0,1,1,0
C07982,45149.41,29420.72,47417.64,26130.36,70,438.95,111348.61,1,0,28,0.2767,0.1233,0.0558,0,0,0,0,0
C07983,30652.86,12990.87,33214.65,12334.35,79,139.65,106287.23,0,0,39,0.637,0.3742,0.1633,0,1,0,0,0
C07984,52866.17,27570.61,75245.65,26898.7,66,452.64,124834.65,1,1,55,0.1754,0.1207,0.1372,0,0,0,0,0
C07985,48062.05,21929.74,50418.79,22406.92,69,288.86,137397.38,0,1,17,0.2945,0.1638,0.1842,0,0,0,0,0
C07986,43553.86,28411.51,42094.75,30982.17,64,602.74,108565.47,1,0,22,0.2754,0.1496,0.0801,0,0,0,0,0
C07987,43632.51,30585.04,48332.4,34104.62,65,438.87,14090.48,0,0,35,0.2849,0.3506,0.1987,1,0,0,0,0
C07988,43213.71,17888.76,49181.12,17905.07,71,302.46,11279.84,1,0,50,0.2648,0.191,0.0552,0,1,0,0,0
C07989,38137.49,28758.72,41421.81,35665.26,75,545.02,101509.68,1,1,45,0.5677,0.1865,0.1041,1,0,0,0,0
C07990,47922.63,26753.85,51221.12,26899.4,70,469.61,57981.58,2,1,52,0.4006,0.2725,0.2482,0,1,0,0,0
C07991,33679.9,23837.03,41354.46,19461.16,69,364.42,60166.83,0,0,15,0.1646,0.2907,0.0812,0,0,0,0,0
C07992,148744.01,55516.76,180407.1,55996.92,67,874.77,191344.0,0,2,13,0.3775,0.1266,0.1474,0,1,1,0,0
C07993,23866.18,12225.73,24724.12,12906.2,64,229.48,20389.89,2,0,55,0.6214,0.1802,0.2337,0,0,0,0,0
C07994,34588.85,12336.16,33647.36,8635.31,68,132.36,41741.17,2,1,27,0.2247,0.243,0.2217,0,0,0,0,0
C07995,35840.5,24132.06,39478.47,28834.92,53,672.77,58933.85,0,1,30,0.1663,0.3785,0.1449,0,0,0,0,0
C07996,112717.48,43481.1,109571.76,45138.2,68,710.37,131326.38,1,1,16,0.0973,0.1262,0.1376,0,0,0,0,0
C07997,24843.64,12477.19,28724.7,11375.61,95,144.61,84142.72,0,0,49,0.268,0.4238,0.0494,0,0,0,0,0
C07998,54506.91,38252.24,60005.94,35757.6,86,357.06,180758.7,2,1,38,0.5382,0.3042,0.1742,0,0,0,0,0
C07999,50321.87,34572.88,68961.28,39461.73,70,409.83,28168.75,0,1,26,0.5682,0.2658,0.0524,0,0,0,0,0
C08000,52288.87,33367.11,64147.76,38574.74,84,348.69,51264.71,1,0,5,0.2242,0.3575,0.067,0,0,0,0,0
C08001,78493.59,51987.03,72257.36,50539.09,60,919.44,47133.66,0,2,29,0.1504,0.1659,0.1702,0,4,0,0,0
C08002,77772.33,50011.81,76819.26,44378.73,62,859.82,167768.93,1,0,39,0.5675,0.1102,0.0734,0,1,0,0,0
C08003,36735.07,23458.07,30134.73,24999.4,65,325.12,73418.29,0,1,50,0.4203,0.3984,0.1715,0,2,0,0,0
C08004,49105.47,24913.39,38963.73,27099.02,72,396.76,30566.22,2,0,32,0.1859,0.2865,0.222,0,1,0,0,0
C08005,19449.41,7053.81,20687.54,7884.97,76,105.32,45573.23,0,0,19,0.1911,0.4445,0.1326,0,0,0,0,0
C08006,47052.05,25823.18,42672.16,25369.33,75,370.51,64182.07,0,0,42,0.3054,0.3184,0.1042,0,0,0,0,0
C08007,31480.47,11662.15,39254.33,12074.39,61,165.93,55073.66,1,4,10,0.3975,0.3492,0.0374,0,0,0,0,0
C08008,41379.7,23213.61,49198.39,24430.4,76,267.85,107340.24,1,0,33,0.3275,0.414,0.0882,0,0,0,0,0
C08009,21078.32,11779.32,21445.52,13734.89,70,229.12,6150.09,1,0,57,0.2848,0.345,0.1945,0,0,0,0,0
C08010,53993.03,23239.93,54565.49,28109.08,77,266.16,168739.71,0,0,24,0.1497,0.2359,0.1999,0,0,0,0,0
C08011,20972.39,14741.86,25759.22,18310.61,55,371.67,12023.18,2,3,35,0.1024,0.1931,0.1621,0,1,0,0,0
C08012,48105.21,32081.09,60408.26,38699.34,70,410.72,95595.87,0,2,51,0.2878,0.2618,0.2246,0,0,0,0,0
C08013,25912.75,15594.1,24308.44,19767.33,75,200.81,85811.54,1,1,22,0.3619,0.2664,0.2254,0,1,1,0,0
C08014,30701.88,23537.87,28327.34,27576.48,72,323.92,102753.53,1,0,9,0.5797,0.2608,0.1521,0,0,1,0,0
C08015,75663.2,36260.39,76712.58,35508.99,69,465.67,202287.47,0,0,32,0.3794,0.2538,0.1806,0,0,0,0,0
C08016,58628.77,27433.25,64593.84,33853.21,76,575.53,135056.93,0,1,46,0.2596,0.4343,0.1373,0,0,0,0,0
C08017,75475.18,32646.5,74596.61,28886.59,57,493.52,141180.83,0,0,34,0.1916,0.3312,0.2344,0,3,0,0,0
C08018,90789.14,54019.35,100255.34,72047.54,83,831.05,65795.51,2,2,34,0.104,0.2084,0.0669,1,0,0,0,0
C08019,31781.52,14060.49,40808.61,13118.04,67,227.61,57716.66,1,0,45,0.61,0.4034,0.232,0,0,0,0,0
C08020,88340.59,65460.65,77852.47,75706.4,78,836.49,115010.42,1,2,8,0.1672,0.3886,0.1124,0,0,0,1,0
C08021,23270.46,11331.31,23189.46,13861.71,67,218.93,74387.99,0,1,53,0.4996,0.1913,0.1963,0,1,0,0,0
C08022,62954.21,35941.75,55623.88,39719.76,72,617.81,15457.65,1,0,44,0.1564,0.3491,0.2097,0,1,0,0,0
C08023,36041.12,21202.26,34225.0,17045.73,52,397.85,78980.02,4,0,21,0.0873,0.3024,0.0643,0,0,0,0,0
C08024,29607.49,14461.51,30040.91,13539.54,63,166.22,87805.9,0,1,12,0.3238,0.2306,0.2315,0,1,0,0,0
C08025,59333.49,40482.58,57122.41,44240.08,62,779.84,20797.36,1,2,30,0.5541,0.2532,0.0372,0,1,0,1,0
C08026,68847.28,45537.85,76585.53,51288.12,81,445.04,144826.05,0,0,50,0.2676,0.3113,0.1918,0,1,0,0,0
C08027,67933.77,47034.96,72561.06,48377.58,79,611.2,135135.47,0,3,8,0.426,0.4158,0.2414,1,1,0,0,0
C08028,49568.2,30864.34,53825.23,32682.88,68,440.44,19061.41,2,0,9,0.3417,0.3297,0.2435,0,0,1,0,0
C08029,47753.07,26602.38,48383.23,23243.34,67,412.43,120564.08,0,0,49,0.4815,0.4327,0.0392,1,0,0,0,0
C08030,57039.98,31486.79,58423.03,39765.37,74,610.62,89645.33,1,0,54,0.3065,0.314,0.2021,0,2,0,0,0
C08031,51591.47,34692.2,51999.93,34853.44,86,451.84,85847.91,0,0,25,0.118,0.3722,0.0659,0,2,0,0,0
C08032,57413.11,29835.63,58570.62,34151.39,75,365.07,21593.97,0,1,11,0.1306,0.3662,0.151,0,1,0,0,0
C08033,49326.54,26970.12,54273.06,32861.13,68,428.2,73826.46,2,0,18,0.1042,0.4087,0.1085,0,0,0,0,0
C08034,65753.65,27856.67,53864.15,25388.42,74,299.37,35105.84,0,0,20,0.2302,0.2082,0.1723,0,0,0,0,0
C08035,21637.31,14190.47,23466.8,15117.99,73,169.07,55586.37,0,2,43,0.4987,0.2194,0.1345,0,2,1,0,0
C08036,42418.71,16314.92,40117.59,17674.91,73,230.69,117893.8,1,1,34,0.5874,0.2666,0.1475,0,2,0,0,0
C08037,24141.48,19210.11,24366.89,19575.76,61,306.51,17893.64,1,0,41,0.1843,0.2673,0.064,0,1,0,0,0
C08038,50967.0,21135.09,43964.95,24543.82,62,360.22,29353.19,1,2,32,0.4599,0.3457,0.0999,1,0,0,1,0
C08039,94210.45,49209.91,94866.09,47730.2,67,838.09,320261.12,2,2,3,0.4847,0.1672,0.2064,0,1,0,1,0
C08040,36354.73,16614.16,39384.76,17554.48,77,254.05,61222.1,0,0,10,0.1708,0.1677,0.0459,0,1,0,0,0
C08041,47652.06,22910.93,52648.39,23036.77,64,423.65,125569.25,0,0,50,0.3197,0.1582,0.1629,0,1,0,0,0
C08042,63249.14,31314.9,57407.46,41619.54,69,714.74,60287.86,1,1,44,0.4404,0.3301,0.085,0,0,0,0,0
C08043,17746.48,11947.84,19504.46,11594.95,58,166.41,13032.99,0,0,20,0.5958,0.1649,0.181,0,1,0,0,0
C08044,35577.48,15281.85,42222.39,17412.04,60,367.9,43376.63,1,0,4,0.605,0.3177,0.1909,0,0,0,0,0
C08045,53021.34,24852.98,52531.28,31453.86,70,489.91,141252.41,2,0,47,0.5179,0.4044,0.0423,1,0,1,0,0
C08046,12219.28,5000.0,12831.58,4698.98,73,100.0,23768.81,3,0,51,0.1631,0.3029,0.2082,0,1,0,0,0
C08047,28994.28,14472.7,23246.87,15361.9,74,260.95,85696.48,1,2,29,0.3693,0.2625,0.0223,0,0,0,0,0
C08048,73850.93,57128.03,69593.86,53222.22,73,866.98,17303.91,0,1,49,0.4305,0.1378,0.2441,0,0,0,0,0
C08049,70669.29,36822.17,76496.85,29768.86,88,350.38,142338.74,0,1,17,0.5849,0.3309,0.2379,1,0,0,0,0
C08050,53255.75,37268.49,62024.63,35621.14,75,469.22,85696.99,0,2,13,0.6041,0.2577,0.0471,0,0,0,0,0
C08051,66930.28,37331.48,65463.61,36642.96,69,546.33,49285.79,0,0,56,0.4677,0.2709,0.2362,0,0,0,0,0
C08052,49573.65,27380.51,67932.07,27070.8,68,487.55,68395.73,0,0,21,0.0581,0.2768,0.0251,0,2,0,0,0
C08053,57776.97,41644.88,62842.09,42229.69,73,427.91,105087.22,2,1,23,0.3399,0.3328,0.1329,0,0,0,1,0
C08054,39041.23,14135.61,35027.68,14852.78,61,226.97,57461.07,0,1,39,0.6126,0.4327,0.1894,0,0,0,0,0
C08055,47407.39,35043.49,57100.4,31762.86,74,373.68,151621.76,0,3,57,0.5552,0.2029,0.0638,1,1,0,1,0
C08056,33855.31,19241.45,30457.82,21015.41,71,286.49,48139.92,0,0,4,0.1569,0.273,0.1567,0,0,0,0,0
C08057,79458.11,40365.3,86562.56,48260.74,72,711.37,245247.2,1,0,51,0.3928,0.1723,0.1937,1,2,0,0,0
C08058,89243.11,67653.04,83753.86,81838.35,87,1094.45,189843.45,1,1,51,0.4354,0.399,0.0295,0,0,0,0,0
C08059,83732.17,42111.98,74279.47,42902.81,80,378.13,242573.83,0,1,26,0.2946,0.1052,0.114,0,1,1,0,0
C08060,37450.26,29584.35,43646.71,34236.98,77,426.38,80552.22,0,1,55,0.1223,0.1857,0.1991,0,0,0,0,0
C08061,29296.39,22598.07,29847.94,21881.26,66,289.83,81181.91,1,2,46,0.0905,0.4344,0.0952,0,1,0,0,0
C08062,79941.94,37617.92,100493.47,37948.82,79,548.45,73181.6,0,1,27,0.5467,0.1767,0.0874,0,2,0,0,0
C08063,57479.06,28927.56,53331.83,31757.34,69,397.96,29394.17,0,1,44,0.4066,0.445,0.021,1,0,0,0,0
C08064,52170.93,37327.02,45015.33,37694.11,62,510.99,116183.13,2,0,50,0.4733,0.2366,0.1453,0,1,0,0,0
C08065,33836.09,14821.04,33580.3,13314.2,86,124.43,35635.32,1,0,11,0.5314,0.237,0.0803,0,1,0,0,0
C08066,54500.57,37026.5,76129.73,42580.13,69,618.29,94794.12,1,0,19,0.2955,0.319,0.0737,0,1,0,0,0
C08067,27613.02,11269.37,31756.9,10712.3,73,107.31,27515.57,0,0,32,0.4668,0.4201,0.1363,0,1,0,0,0
C08068,59858.93,26488.92,66830.52,26160.53,67,436.78,138558.7,0,0,44,0.5321,0.3564,0.1833,0,2,0,0,0
C08069,83693.52,48142.82,93772.95,56663.46,70,996.11,217068.35,0,0,32,0.602,0.2469,0.1667,0,1,0,0,0
C08070,93750.12,64279.47,92983.13,71636.58,67,874.13,174653.01,0,1,50,0.6351,0.3048,0.2096,1,1,0,1,0
C08071,61898.65,42260.86,85266.75,45267.02,70,644.75,86949.95,0,1,14,0.3904,0.1553,0.0744,0,0,0,0,0
C08072,24161.31,15077.02,26697.53,13172.54,67,241.46,53531.94,0,0,9,0.4955,0.2471,0.0432,0,0,0,0,0
C08073,49178.72,23234.52,53787.65,21152.8,67,382.49,146905.19,0,0,51,0.5588,0.3967,0.1957,0,2,0,0,0
C08074,117862.57,63282.78,137685.11,69464.17,68,1194.35,140572.34,1,0,49,0.14,0.3489,0.1816,0,1,0,0,0
C08075,30440.91,14027.06,27311.91,15788.91,57,224.91,19531.96,2,0,21,0.2424,0.2374,0.1694,0,0,0,0,0
C08076,43817.39,20798.27,41384.58,22469.67,83,260.49,91735.11,1,1,24,0.2328,0.4414,0.2468,0,1,0,0,0
C08077,85008.26,42117.41,86754.19,41828.96,67,805.34,139805.88,0,2,59,0.4937,0.1655,0.1417,0,1,0,0,0
C08078,59404.66,36800.09,69441.64,36402.92,58,530.5,118315.02,0,0,43,0.2038,0.4351,0.1969,0,0,1,0,0
C08079,137377.53,60915.63,122847.61,65539.11,84,608.58,234319.2,0,0,25,0.3483,0.2769,0.0879,0,1,1,0,0
C08080,32358.32,11945.28,33714.7,10748.21,76,134.06,71290.86,1,0,6,0.1361,0.282,0.0484,1,2,0,0,0
C08081,28825.85,19071.31,29544.71,20234.71,73,219.17,96364.82,1,0,6,0.4761,0.3792,0.0401,1,1,0,0,0
C08082,78063.21,28088.15,67218.18,24811.6,62,393.17,71304.53,1,1,6,0.3851,0.263,0.115,0,1,0,0,0
C08083,26272.35,20672.48,25981.47,19094.85,69,296.52,26288.74,1,0,37,0.5951,0.3827,0.1354,0,0,0,0,0
C08084,41186.76,20907.57,45926.13,22400.07,67,313.28,143890.49,4,1,60,0.2647,0.383,0.2035,1,1,0,0,1
C08085,43690.1,15420.93,38098.1,17271.25,68,216.32,149926.3,1,2,48,0.5913,0.3358,0.1001,0,0,1,0,0
C08086,71726.32,53655.83,87460.22,58539.37,67,852.96,123560.66,0,1,9,0.5435,0.1811,0.1311,0,1,0,0,0
C08087,59328.1,36778.2,65626.7,33698.26,75,527.7,106241.3,1,3,38,0.4432,0.4283,0.1958,0,0,0,1,0
C08088,55276.16,39678.69,60335.08,32753.88,81,481.43,114195.3,0,0,14,0.4615,0.1899,0.0312,0,1,0,0,0
C08089,37546.07,20491.18,39460.26,21495.3,70,216.09,76449.62,2,0,6,0.2399,0.2449,0.1447,1,0,1,1,0
C08090,77743.45,39601.1,71440.12,32555.06,66,358.59,201784.67,1,1,29,0.6055,0.3923,0.2218,0,1,0,1,0
C08091,275416.17,177598.06,267714.54,206605.34,67,3855.7,532369.93,2,1,49,0.4498,0.3883,0.0718,0,1,0,1,0
C08092,61420.24,32718.59,67158.28,30108.94,70,359.88,161265.78,0,2,35,0.3743,0.1912,0.0221,0,1,0,0,0
C08093,47064.31,28252.42,45737.16,37239.59,70,502.09,128708.66,3,1,46,0.4137,0.2642,0.1364,0,0,0,0,0
C08094,25093.88,11920.1,26916.95,11140.06,59,144.91,33512.35,0,0,19,0.1229,0.1082,0.039,0,1,0,0,0
C08095,33777.53,16878.31,31822.97,18659.89,65,258.57,83944.88,0,0,14,0.4368,0.3755,0.1049,0,1,0,0,0
C08096,40873.95,15817.64,45131.85,15210.35,77,228.5,81334.13,1,0,28,0.3427,0.1737,0.1529,0,0,0,0,0
C08097,35378.08,24821.88,39380.39,25562.04,68,275.09,118724.77,2,1,46,0.3431,0.1821,0.0785,0,2,0,0,0
C08098,44675.6,22649.76,38183.22,24282.29,62,379.52,88788.83,1,0,31,0.2743,0.401,0.1358,0,0,1,0,0
C08099,100160.08,79001.23,105977.08,91106.99,75,1299.15,278089.04,0,0,5,0.3994,0.1579,0.0706,0,1,1,0,0
C08100,78876.84,36826.92,68417.76,43173.74,68,553.59,45265.32,1,1,35,0.5784,0.2804,0.0232,0,0,0,0,0
C08101,41895.89,23619.8,34634.29,26862.29,81,395.55,97450.51,0,2,45,0.2822,0.2436,0.176,0,1,0,0,0
C08102,26126.14,12736.22,25570.52,14958.89,64,164.13,14927.25,0,1,16,0.3523,0.2521,0.203,0,2,0,0,0
C08103,82144.34,54401.44,113821.67,53099.41,67,757.88,198136.7,2,0,24,0.3946,0.168,0.2363,1,0,0,0,0
C08104,44017.53,31418.16,50314.09,35435.15,76,564.72,56241.82,0,0,49,0.3109,0.3202,0.076,0,0,0,0,0
C08105,20691.8,11776.84,25183.0,11883.92,65,140.78,47484.91,0,1,34,0.5964,0.3309,0.0608,0,0,0,0,0
C08106,62007.54,31941.16,69635.09,37318.37,79,385.09,101250.4,0,2,14,0.1322,0.2098,0.0636,1,1,0,0,0
C08107,71394.55,48915.12,76724.38,52039.28,75,758.47,207288.04,0,0,22,0.3747,0.3869,0.05,0,1,0,0,0
C08108,15104.67,6587.97,17482.85,7407.72,71,100.0,9137.47,0,3,39,0.231,0.3411,0.2449,0,0,0,0,0
C08109,31050.44,19243.81,30219.88,20879.1,70,252.99,31146.76,1,0,31,0.515,0.153,0.1223,0,2,0,0,0
C08110,42817.98,29121.84,47376.46,33235.16,76,443.1,68522.18,1,1,30,0.1391,0.3855,0.1582,0,1,0,0,0
C08111,62626.74,29507.93,74604.22,28123.47,77,394.19,84887.33,0,1,45,0.0692,0.1192,0.1338,1,1,0,0,0
C08112,35679.51,23015.59,40458.09,19824.95,75,298.44,17880.09,1,2,58,0.1444,0.3041,0.0353,1,0,0,0,0
C08113,30944.6,21068.69,37106.71,24622.47,63,363.19,50207.24,0,1,4,0.5643,0.1572,0.2122,0,0,0,0,0
C08114,62420.18,25145.19,66908.94,30460.86,60,534.84,130745.13,2,1,15,0.5857,0.2039,0.1494,1,0,0,0,0
C08115,36449.12,18069.96,45672.56,18722.14,66,354.8,95537.23,2,0,55,0.2529,0.3963,0.0519,0,2,0,0,0
C08116,57431.16,30601.49,58867.64,35110.07,68,655.88,49120.85,0,0,44,0.5912,0.1472,0.247,0,1,0,0,0
C08117,27288.91,19079.88,35588.1,16303.43,67,262.68,30969.49,1,1,29,0.0995,0.1809,0.2425,0,2,0,0,0
C08118,24486.27,14823.43,27396.05,14459.0,63,234.73,41171.79,0,0,17,0.5029,0.2141,0.2118,0,0,0,0,0
C08119,63214.49,34913.53,63462.7,37002.57,77,550.45,187705.73,1,1,29,0.1175,0.2827,0.242,0,0,0,0,0
C08120,50415.39,24877.35,45802.6,20940.96,68,383.44,72623.98,1,0,20,0.0957,0.2012,0.2132,0,2,1,0,0
C08121,68153.84,23978.4,64953.41,20776.36,66,262.86,176837.1,1,1,27,0.6055,0.3483,0.153,0,1,0,0,0
C08122,35410.05,12715.71,33104.03,13592.52,65,193.14,110349.69,0,0,20,0.4277,0.2329,0.0218,1,1,0,0,0
C08123,31464.66,14417.13,32702.91,14090.13,77,130.53,25426.88,0,0,59,0.5086,0.2724,0.1679,0,0,0,0,0
C08124,83012.07,33413.25,74472.2,33693.89,68,634.42,192659.83,0,0,20,0.2646,0.14,0.1023,0,3,0,0,0
C08125,22676.54,9157.1,27328.21,9168.49,72,151.61,17718.32,2,1,46,0.5381,0.3157,0.0433,0,0,0,0,0
C08126,79029.39,49095.65,84030.9,43988.26,67,489.73,224316.37,2,0,46,0.4651,0.3726,0.1152,0,0,1,0,0
C08127,81523.36,50744.61,86285.79,51957.27,57,1113.35,113528.15,0,2,51,0.076,0.1314,0.1649,0,0,0,0,0
C08128,66267.71,24528.82,60313.79,25714.93,62,466.37,148883.18,2,2,56,0.6107,0.3267,0.1496,0,1,0,0,0
C08129,33021.18,20383.01,31624.89,19976.87,59,412.28,107545.64,0,3,21,0.0737,0.3404,0.0633,0,1,0,0,0
C08130,31162.85,12951.85,24417.84,12820.04,69,224.94,31863.14,1,1,10,0.5306,0.2525,0.1878,0,0,1,0,0
C08131,40941.22,21279.26,50936.47,21822.38,84,220.43,94033.94,2,1,56,0.5929,0.1631,0.0336,1,0,1,1,0
C08132,25125.79,19983.99,22107.53,22949.04,83,241.94,50109.31,1,1,41,0.4878,0.2086,0.1832,0,1,0,1,0
C08133,29192.16,17074.57,25951.0,17734.75,68,235.48,69532.59,1,1,33,0.2541,0.2612,0.1583,0,1,0,0,0
C08134,60147.08,21976.82,73354.23,17995.51,69,291.39,32247.58,3,2,33,0.4102,0.3868,0.1132,0,0,0,0,0
C08135,60272.12,30524.58,66088.84,27677.78,62,489.25,32386.04,0,0,58,0.126,0.1394,0.0437,0,1,0,0,0
C08136,28060.25,18292.59,29869.81,21252.66,78,270.52,83901.0,1,5,49,0.3149,0.1704,0.0605,0,0,0,1,0
C08137,61002.65,27516.41,66543.66,26628.38,66,414.18,69943.15,0,0,14,0.2321,0.3306,0.0448,0,0,0,0,0
C08138,55207.51,43282.81,64287.38,44987.35,64,682.22,135050.24,3,0,33,0.2065,0.1043,0.1721,0,2,0,0,0
C08139,88775.55,48061.5,94278.31,61566.15,59,933.88,220812.95,0,1,56,0.5173,0.2975,0.1663,0,0,0,0,0
C08140,58135.35,20899.04,50274.04,23528.51,71,393.84,47453.36,1,0,41,0.3506,0.1948,0.0808,0,2,0,0,0
C08141,72459.22,42986.78,82457.35,34054.17,85,417.78,110725.07,1,1,8,0.5669,0.4197,0.1529,0,1,0,1,0
C08142,55776.21,36493.55,61391.83,44645.81,68,761.2,32583.13,0,1,54,0.5623,0.1413,0.2304,0,0,0,0,0
C08143,69939.5,38830.13,83269.02,41468.94,76,434.05,39052.11,1,1,29,0.2694,0.1871,0.1258,0,0,0,0,0
C08144,25215.52,19357.37,22696.7,21183.08,76,236.35,78742.82,0,0,49,0.1411,0.4218,0.1829,1,0,0,0,0
C08145,42600.99,32200.79,41002.56,34986.17,73,452.08,99795.91,2,1,10,0.2834,0.2912,0.1403,0,0,0,0,0
C08146,44217.48,18241.13,48508.82,21152.46,67,263.5,56537.9,0,0,16,0.1646,0.3762,0.1946,1,0,0,0,0
C08147,40325.14,15564.56,37770.89,16193.85,54,319.72,82452.78,0,0,48,0.5895,0.1464,0.0934,0,0,0,0,0
C08148,54949.33,26954.79,42182.34,23510.29,61,434.99,123286.97,0,1,12,0.2184,0.395,0.1017,0,0,0,0,0
C08149,59867.47,37336.93,64278.49,40653.31,57,596.42,15742.45,0,1,16,0.6159,0.2636,0.0215,0,2,0,0,0
C08150,53687.39,33324.72,62137.84,29465.12,88,237.01,71697.84,1,1,38,0.1138,0.3092,0.0809,0,0,1,0,0
C08151,41555.83,19624.3,42990.67,24883.43,76,348.36,86770.34,2,0,25,0.2139,0.1484,0.0216,0,0,0,0,0
C08152,32316.69,25142.23,36058.2,25306.74,77,423.54,44108.77,1,0,6,0.2483,0.4297,0.1121,0,0,0,0,0
C08153,73729.0,36001.82,80984.24,37578.38,76,443.22,85995.38,0,1,17,0.1312,0.185,0.1078,0,3,0,0,0
C08154,52669.8,37495.09,55369.63,36328.13,74,530.48,91811.18,0,0,59,0.518,0.4039,0.1644,0,1,0,0,0
C08155,28453.93,20611.77,30340.87,22481.26,64,255.99,74463.79,2,2,55,0.085,0.224,0.0532,0,2,0,0,0
C08156,41243.89,16262.29,49983.33,17962.09,67,279.16,108785.05,1,1,11,0.619,0.1514,0.097,1,0,0,0,0
C08157,20535.96,9336.65,19186.54,9043.07,74,126.6,44286.7,1,0,49,0.15,0.1757,0.2129,0,0,0,0,0
C08158,45721.99,20430.24,52249.5,22562.49,74,317.21,125123.72,0,0,38,0.1301,0.2967,0.071,0,1,0,0,0
C08159,41156.9,31437.41,37382.59,33264.78,73,451.78,27593.33,1,0,35,0.478,0.4429,0.1231,0,1,1,0,0
C08160,34749.05,17652.42,33172.36,18331.97,55,323.42,25104.38,0,3,39,0.1164,0.4038,0.0807,0,0,0,0,0
C08161,91811.04,66692.65,109577.4,64012.64,59,1322.52,248791.41,1,1,47,0.4406,0.3598,0.0782,0,0,0,0,0
C08162,26746.22,15114.51,24200.52,20067.93,61,232.91,29475.99,0,1,15,0.3673,0.4393,0.2431,0,0,0,0,0
C08163,61839.31,34367.11,63138.5,40963.36,68,557.11,53114.3,0,1,15,0.2225,0.2188,0.2434,0,1,0,0,0
C08164,120383.34,91074.77,160514.53,103588.76,91,1081.44,69785.71,0,1,45,0.5081,0.317,0.0286,0,0,0,0,0
C08165,73071.11,40072.61,85717.24,47493.18,62,917.15,120242.68,2,0,36,0.5223,0.2619,0.0711,0,1,1,0,0
C08166,44365.85,30398.74,42659.51,33012.7,65,474.26,88424.36,0,1,25,0.056,0.2195,0.2235,0,1,0,0,0
C08167,27013.36,14613.41,26529.85,14731.49,68,163.25,30638.83,0,0,28,0.3266,0.4205,0.1554,0,1,0,0,0
C08168,24379.3,9650.34,25100.59,7072.08,66,100.0,33640.55,2,1,21,0.5948,0.1041,0.2019,1,1,0,1,0
C08169,37392.28,13980.7,45148.68,12634.66,77,126.71,126747.02,1,0,25,0.311,0.1385,0.1241,0,0,0,0,0
C08170,33033.17,14657.08,30714.32,19197.89,69,295.57,34698.38,3,0,55,0.467,0.2345,0.1939,0,1,0,0,0
C08171,32552.9,21973.88,30031.34,26131.86,84,316.72,50704.41,2,1,31,0.3407,0.1461,0.0694,0,2,0,0,0
C08172,38854.4,20132.11,44123.15,21627.49,79,232.59,54670.22,1,2,34,0.1537,0.2646,0.1626,1,1,0,0,0
C08173,42976.41,23823.9,36455.32,20505.13,84,198.55,89341.94,0,0,12,0.4245,0.2597,0.2337,0,3,0,0,0
C08174,55980.75,22159.66,52659.45,24955.62,67,464.0,163663.61,1,1,6,0.1066,0.1745,0.206,1,1,0,0,0
C08175,25781.42,16251.76,26807.25,16522.1,63,275.78,82740.63,0,0,10,0.641,0.3585,0.2302,0,1,0,0,0
C08176,33103.96,23555.18,34624.8,26705.8,79,407.69,50917.16,1,0,54,0.2735,0.306,0.046,0,1,0,0,0
C08177,41880.07,26430.82,37116.03,24225.7,69,301.5,66107.9,0,0,42,0.1398,0.4401,0.2425,0,1,0,0,0
C08178,41210.54,32683.11,45020.41,32395.7,83,384.38,86315.74,2,0,12,0.4228,0.39,0.1561,0,0,1,0,0
C08179,102827.53,36745.79,114801.99,42485.98,66,549.87,321069.23,0,1,22,0.4585,0.4168,0.1082,0,0,0,0,0
C08180,49957.54,17837.41,48483.86,22855.74,71,256.16,23190.04,0,0,34,0.6175,0.3923,0.1944,1,0,0,0,0
C08181,21770.31,12517.98,27197.45,12154.8,71,159.81,74229.34,1,0,5,0.3464,0.2782,0.1361,0,0,0,0,0
C08182,54317.37,25522.84,59246.82,23737.43,73,228.23,148547.74,1,0,27,0.0998,0.1252,0.2491,0,1,0,0,0
C08183,57524.51,37904.61,53464.26,44452.49,80,685.66,98393.42,0,0,37,0.1532,0.1559,0.1371,0,0,0,0,0
C08184,42536.17,30070.72,52936.0,27027.85,77,340.45,94416.24,0,0,8,0.1985,0.3651,0.2176,0,1,0,0,0
C08185,26066.06,10324.67,25732.44,9368.98,82,100.0,88046.81,0,0,25,0.2079,0.2995,0.0986,0,1,0,0,0
C08186,99264.41,75719.11,106358.32,81921.43,66,1216.65,85517.32,0,2,60,0.1069,0.1256,0.1602,0,0,0,0,0
C08187,27804.97,10106.14,27571.02,13140.84,69,232.79,91976.44,0,1,14,0.1153,0.3742,0.1535,0,0,0,0,0
C08188,60582.74,39971.39,68149.42,37898.69,60,804.97,49458.22,1,0,19,0.1562,0.205,0.1715,0,0,0,0,0
C08189,49238.96,25753.23,48855.72,25898.2,85,213.6,166245.76,0,1,55,0.1082,0.1039,0.0657,0,0,0,0,0
C08190,58969.91,38350.94,58940.26,40780.72,72,727.72,14569.87,2,2,40,0.5682,0.1874,0.1362,1,0,0,1,0
C08191,97003.65,38213.26,99991.62,37956.24,84,404.04,246272.95,0,1,42,0.4721,0.4075,0.0668,1,0,0,0,0
C08192,57939.54,44711.14,57346.58,37467.03,72,585.01,17430.4,0,1,3,0.4343,0.3637,0.0375,0,1,0,0,0
C08193,34997.04,27011.9,41248.14,30961.98,58,614.79,60343.47,0,1,59,0.413,0.1708,0.1825,1,0,0,0,0
C08194,74021.75,43208.75,66550.35,46335.29,56,1029.21,16479.23,1,0,59,0.2337,0.4051,0.0674,0,0,0,0,0
C08195,33874.68,19624.04,35417.41,21469.17,80,253.83,11544.36,0,1,59,0.1929,0.4159,0.1855,0,0,0,0,0
C08196,48436.98,30789.63,51378.84,31805.55,70,526.96,136130.28,0,1,48,0.2624,0.1635,0.0281,0,0,0,0,0
C08197,25147.91,15366.15,26029.19,18924.66,66,318.61,81380.87,1,2,5,0.2243,0.3198,0.1444,0,0,0,0,0
C08198,28266.74,16807.29,32964.56,16630.06,63,236.32,72109.86,2,1,58,0.1057,0.3842,0.1432,0,0,0,0,0
C08199,46052.7,28328.68,40044.04,26083.74,81,385.04,136969.52,0,1,54,0.4679,0.3055,0.1265,0,0,0,0,0
C08200,53106.62,39106.84,59381.17,48869.66,55,1097.41,37879.68,0,0,7,0.17,0.2211,0.1723,0,0,0,0,0
C08201,20917.51,13073.03,18838.43,10277.57,65,164.46,45499.14,0,0,34,0.2914,0.3906,0.0964,0,0,0,0,0
C08202,56285.77,24660.23,55663.64,25438.12,65,466.29,103693.43,1,1,7,0.3048,0.3642,0.1978,0,0,0,0,0
C08203,31122.14,23692.05,27645.09,24661.98,65,407.83,94200.29,1,0,21,0.5847,0.1908,0.2422,0,1,0,0,0
C08204,80039.65,35792.31,80851.97,37089.92,66,659.46,162823.83,1,0,42,0.3665,0.1052,0.1503,0,1,0,0,0
C08205,38408.49,16297.6,37663.93,14078.75,67,225.03,123772.35,1,0,59,0.5814,0.2631,0.2449,0,0,0,0,0
C08206,27140.65,21676.58,33833.33,19677.89,68,322.89,86864.58,1,1,51,0.318,0.2647,0.1535,0,0,0,0,0
C08207,46561.52,20768.19,50238.21,24194.08,80,218.52,62086.26,2,0,60,0.496,0.4372,0.1774,0,0,0,0,0
C08208,29795.48,11770.47,32857.69,14315.72,65,166.9,79281.53,0,2,52,0.2955,0.3348,0.0933,0,5,0,0,0
C08209,79653.65,48023.44,73050.32,48019.73,65,700.41,248486.88,0,0,34,0.3093,0.2264,0.226,1,1,0,0,0
C08210,45010.74,32508.43,51258.64,30503.32,76,471.05,63307.85,1,0,47,0.489,0.163,0.0371,0,0,0,0,0
C08211,42031.02,15859.9,52395.33,13256.1,77,127.09,115838.82,0,0,22,0.1595,0.4119,0.0885,0,0,1,0,0
C08212,58731.31,33508.96,67798.78,38966.52,61,452.39,11849.81,2,1,58,0.1553,0.2392,0.0295,1,1,0,0,0
C08213,28629.46,10902.84,25553.46,12755.86,70,151.4,46059.75,3,1,21,0.1522,0.1154,0.237,0,3,1,0,1
C08214,25192.42,13677.24,25048.9,9747.84,81,146.36,58003.71,0,0,23,0.2234,0.2708,0.0357,0,0,0,0,0
C08215,54077.64,27297.42,57485.54,20722.31,66,386.91,75879.48,1,0,34,0.0868,0.4208,0.1758,0,0,0,0,0
C08216,27434.76,11295.11,26906.37,12045.32,63,167.61,85479.42,0,0,50,0.0838,0.43,0.114,0,0,0,0,0
C08217,27430.57,21092.99,37139.86,22821.39,68,372.22,64530.39,1,0,36,0.5942,0.1434,0.0291,0,0,1,0,0
C08218,65575.54,41686.31,65059.25,41382.86,78,595.3,129159.37,0,1,43,0.4561,0.4365,0.1936,0,1,1,0,0
C08219,56993.73,41569.82,59546.93,43483.95,77,395.62,174188.92,0,1,29,0.4398,0.4043,0.2014,0,1,0,0,0
C08220,25596.08,19393.51,25032.27,19787.81,70,261.33,68450.88,0,0,55,0.612,0.1061,0.0815,0,0,0,0,0
C08221,34057.53,26176.06,36707.28,27567.87,69,315.65,34176.85,0,2,34,0.5006,0.1703,0.0853,0,3,0,0,0
C08222,29963.6,20574.55,36432.2,19378.98,76,231.45,85284.64,2,3,24,0.2777,0.3732,0.0275,1,0,0,1,0
C08223,100083.63,48853.5,106467.23,51224.35,73,602.85,189635.58,1,0,22,0.1591,0.3767,0.1613,0,0,0,0,0
C08224,67651.34,48913.25,69255.92,47400.66,66,535.61,59367.68,1,1,5,0.4264,0.2316,0.1487,0,0,0,1,0
C08225,37236.23,21749.03,34299.44,20858.94,78,345.41,127451.86,6,2,52,0.3586,0.1529,0.1732,0,1,0,1,0
C08226,58320.29,27541.42,69696.27,22748.47,63,361.34,88665.12,0,2,45,0.4624,0.1321,0.0319,0,0,0,0,0
C08227,24443.85,12798.76,25244.55,13169.09,57,181.83,7770.34,1,1,35,0.0678,0.2367,0.1647,0,0,0,0,0
C08228,33247.24,16143.22,34164.74,18505.89,70,222.24,107712.51,0,0,22,0.5834,0.219,0.0791,0,0,0,0,0
C08229,47174.38,26407.83,36292.55,26696.46,78,247.14,29204.91,1,0,24,0.2278,0.3954,0.1022,0,1,1,0,0
C08230,55156.04,38697.53,57071.83,38990.93,69,497.3,94005.69,0,1,14,0.1255,0.4156,0.2216,1,1,0,0,1
C08231,43069.1,24471.45,43149.53,29382.53,75,289.38,82231.24,0,1,52,0.2899,0.318,0.1723,0,0,0,0,0
C08232,50313.26,23674.22,41804.25,27769.81,72,327.28,136315.93,0,0,37,0.1374,0.1826,0.1101,0,1,0,0,0
C08233,46614.6,18148.53,54480.98,22833.57,75,292.64,21358.63,0,1,46,0.1647,0.3909,0.219,0,0,0,0,0
C08234,41806.53,30731.58,41211.67,40591.81,66,678.38,111644.06,2,1,3,0.277,0.2555,0.2061,0,0,0,1,0
C08235,39385.47,21182.13,50313.69,22392.45,70,383.71,99043.62,0,0,45,0.6047,0.2918,0.0266,0,0,1,0,0
C08236,37145.52,20387.88,45307.62,18576.21,74,184.02,44852.38,0,0,3,0.2349,0.4168,0.1283,0,0,0,0,0
C08237,49950.59,34649.46,48132.97,34215.08,52,557.95,140752.5,2,1,7,0.0797,0.4298,0.0968,0,0,0,0,0
C08238,54137.63,39649.15,65740.28,44357.89,69,502.33,43311.81,1,0,49,0.1281,0.2195,0.1705,0,0,0,0,0
C08239,49201.5,28537.62,61170.51,34896.16,60,528.6,166757.28,0,1,19,0.1173,0.4176,0.0783,0,3,0,0,0
C08240,26477.46,16801.68,26025.11,15527.05,78,160.41,86868.45,1,1,45,0.6043,0.409,0.1433,0,0,0,1,0
C08241,28707.11,13136.96,26585.11,14196.24,60,199.01,68328.32,1,0,28,0.6047,0.437,0.2007,0,0,0,0,0
C08242,53847.68,41504.75,42612.76,39631.08,70,707.98,71558.83,1,0,38,0.5872,0.3217,0.1343,0,0,0,0,0
C08243,87262.03,52842.8,95608.91,54554.98,64,924.75,139257.65,0,0,9,0.5728,0.1929,0.177,1,0,0,0,0
C08244,48194.72,32474.67,44975.35,33468.6,73,559.29,130942.27,0,0,45,0.4907,0.4239,0.1068,0,1,0,0,0
C08245,37390.31,15008.32,41101.65,16445.25,72,234.37,33110.61,1,0,4,0.5611,0.2418,0.2117,0,0,0,0,0
C08246,49780.12,31690.74,48877.0,41003.99,65,751.87,61173.03,4,2,51,0.2144,0.3576,0.0528,0,0,0,0,0
C08247,26979.92,13922.38,25804.46,15412.22,74,189.49,44735.34,1,0,18,0.4562,0.3478,0.1802,0,0,0,0,0
C08248,81100.32,44810.23,79690.88,44739.42,65,582.76,225704.81,0,0,31,0.3437,0.3105,0.181,0,1,0,0,0
C08249,48941.7,32153.37,43754.96,31465.79,71,456.16,33135.01,0,2,29,0.1464,0.2726,0.0205,0,1,0,0,0
C08250,33294.98,23584.41,32714.51,24223.53,79,387.97,19380.69,2,1,26,0.4851,0.3446,0.0961,0,1,0,1,0
C08251,41746.04,21174.19,40143.26,20018.02,77,312.24,132823.41,2,0,24,0.4368,0.4202,0.1858,0,1,0,0,0
C08252,35498.7,26374.0,37213.34,28134.67,70,339.98,120281.02,0,2,39,0.1644,0.1392,0.0276,1,0,0,0,0
C08253,81199.9,36421.86,86275.78,27704.35,65,542.51,159766.81,0,0,52,0.6016,0.1573,0.0432,0,0,0,0,0
C08254,41085.47,24787.03,37858.57,25398.2,79,326.32,104633.57,0,0,60,0.0979,0.3151,0.1318,0,3,0,0,0
C08255,48258.75,20175.51,57046.5,20864.68,63,315.48,40476.9,0,0,47,0.5056,0.3304,0.067,0,0,0,0,0
C08256,58255.55,27972.13,60052.84,25474.83,59,376.9,178205.18,0,0,57,0.4028,0.3616,0.1574,0,0,0,0,0
C08257,32243.53,24277.29,39668.98,24377.87,62,423.18,98732.94,0,0,49,0.2632,0.1806,0.0983,0,0,0,0,0
C08258,49098.66,17439.87,52974.01,20655.61,72,300.46,34679.66,1,2,26,0.1723,0.1582,0.204,0,1,0,0,0
C08259,50915.05,38798.54,53883.01,46288.44,56,987.77,134682.07,3,2,12,0.528,0.1471,0.1768,0,0,0,1,0
C08260,22361.19,11130.98,22161.79,10975.4,78,175.73,19835.79,1,0,48,0.6136,0.3476,0.1317,0,0,0,0,0
C08261,50419.39,33433.5,56660.34,37205.41,66,647.08,85007.59,2,1,53,0.1633,0.4164,0.1322,0,1,0,0,0
C08262,44082.79,17248.42,46464.5,15009.22,71,171.44,56931.58,1,0,40,0.3081,0.1804,0.1456,0,1,0,0,0
C08263,47710.3,30466.47,55010.73,30907.04,71,339.31,146649.22,2,0,59,0.5338,0.4,0.0615,0,0,0,0,0
C08264,45727.32,34718.81,56818.91,37416.35,75,509.68,79312.5,1,1,33,0.3327,0.4457,0.076,0,0,0,0,0
C08265,50566.48,30331.84,48684.28,37406.18,73,405.91,147244.22,0,0,27,0.1039,0.1234,0.147,0,1,1,0,0
C08266,82143.44,42135.86,92297.65,50273.83,61,882.07,181106.25,1,1,16,0.5858,0.2488,0.1126,0,0,1,0,0
C08267,26466.62,18714.81,29648.27,20119.76,60,267.26,47797.68,0,1,32,0.1334,0.2257,0.0449,0,2,0,0,0
C08268,38578.45,25875.59,42628.17,24339.03,68,300.42,93227.68,0,0,28,0.5544,0.2957,0.0508,0,0,0,0,0
C08269,60742.33,24476.83,60621.83,29690.93,76,293.09,12791.85,0,1,27,0.1967,0.3713,0.1015,0,1,1,0,0
C08270,55872.88,36293.11,55897.69,36625.75,59,746.33,111019.94,1,1,25,0.134,0.1718,0.1051,0,0,0,0,0
C08271,55334.41,35917.3,54224.08,39646.18,61,684.86,45864.84,0,0,15,0.2945,0.3707,0.2169,1,0,0,0,0
C08272,155364.23,106947.23,151876.92,110722.11,82,1225.89,432884.05,2,0,14,0.5322,0.1238,0.2203,0,0,0,0,0
C08273,59324.57,29207.74,56309.99,37650.8,62,569.63,181453.52,3,3,14,0.5892,0.4457,0.1689,0,0,0,1,0
C08274,74857.36,39717.45,77661.55,38795.8,66,458.97,199591.5,0,1,47,0.1195,0.264,0.1924,0,1,0,0,0
C08275,39192.29,30649.04,37587.83,35551.37,63,682.12,129274.55,1,0,21,0.0948,0.4363,0.2486,0,1,0,0,0
C08276,28784.93,17502.84,31728.97,18196.5,76,211.43,19411.95,1,1,50,0.1908,0.3522,0.0503,0,0,0,0,0
C08277,39064.72,22611.72,41284.94,25286.52,70,268.31,35902.27,0,2,23,0.4598,0.1708,0.2027,0,0,0,0,0
C08278,61994.43,49228.68,66352.31,61260.25,63,890.21,158138.05,2,0,13,0.295,0.4194,0.1194,0,0,0,0,0
C08279,54040.57,24496.64,54969.06,19828.84,68,246.64,35240.45,0,0,8,0.5638,0.2947,0.2032,0,1,1,0,0
C08280,53953.66,28545.35,57097.43,29748.63,67,419.39,101646.98,1,0,29,0.3708,0.4134,0.0348,0,3,0,0,0
C08281,40862.29,28274.56,41692.66,26654.77,56,578.87,100367.36,0,1,9,0.1192,0.3384,0.0528,0,1,0,0,0
C08282,38032.89,25516.09,43492.33,28156.69,70,461.34,33920.21,1,0,51,0.1426,0.3648,0.1763,0,1,0,0,0
C08283,41501.38,32579.22,41373.28,36910.94,73,427.86,63300.2,2,0,39,0.5198,0.2403,0.2114,0,0,0,0,0
C08284,62344.56,40177.03,68271.22,39917.59,67,531.94,179269.07,0,1,29,0.4946,0.2907,0.1669,0,0,0,0,0
C08285,65692.83,32248.13,58679.17,31840.32,81,377.31,91772.42,1,1,39,0.1282,0.3728,0.0709,0,1,0,0,0
C08286,28612.79,15134.54,32488.36,16261.42,67,193.41,70948.88,0,1,4,0.1957,0.3066,0.2391,0,0,0,0,0
C08287,63416.03,24755.77,62330.9,22211.26,80,241.83,212062.09,1,0,13,0.6139,0.2891,0.181,0,0,0,0,0
C08288,33576.89,25708.95,31579.98,28022.4,62,400.03,91315.73,1,1,33,0.1203,0.3292,0.1276,0,0,0,0,0
C08289,55571.88,22667.8,50756.24,21576.91,80,219.36,156783.9,0,0,17,0.5077,0.3131,0.2437,0,1,0,0,0
C08290,41275.86,24582.53,37307.17,27975.85,67,360.78,51106.26,0,0,52,0.2249,0.3404,0.0786,0,0,0,0,0
C08291,91037.12,48306.83,90329.16,43082.65,77,534.23,68682.95,2,1,33,0.2542,0.1271,0.1542,0,2,0,0,0
C08292,37282.68,15300.84,45851.56,15024.32,70,259.42,98700.77,0,0,48,0.1283,0.2855,0.0363,0,1,1,0,0
C08293,48766.22,23497.83,47439.84,22554.71,62,403.07,81446.57,1,1,41,0.1549,0.2509,0.1012,0,0,1,0,0
C08294,59123.56,37549.73,46406.05,38083.72,68,414.54,147144.45,1,0,37,0.5789,0.3055,0.1043,0,1,0,0,0
C08295,30367.74,11055.78,33217.94,13434.55,69,195.68,36703.64,1,0,57,0.1427,0.414,0.0265,0,0,0,0,0
C08296,43548.57,34172.36,39903.08,39350.02,75,441.19,38681.36,2,2,34,0.5202,0.1631,0.1747,0,1,0,1,0
C08297,39912.89,30297.6,45811.09,30068.48,60,351.18,74094.02,3,0,55,0.059,0.1752,0.1615,0,0,0,0,0
C08298,35710.56,13858.22,35691.66,13751.98,67,213.32,20755.23,1,1,5,0.1761,0.3575,0.2003,0,1,0,0,0
C08299,36921.25,27349.75,37553.3,31622.81,65,398.68,76219.67,0,2,20,0.557,0.4162,0.046,0,1,0,0,0
C08300,74222.63,36952.26,88597.87,33638.57,76,481.65,74714.32,0,1,12,0.52,0.1253,0.1282,0,0,0,0,0
C08301,34374.49,13075.26,38641.31,13764.15,68,173.35,23847.44,0,1,20,0.6324,0.1759,0.0324,1,2,0,0,0
C08302,58064.01,28320.77,52282.85,27678.12,60,389.92,103606.28,1,0,25,0.1513,0.2921,0.063,0,1,0,0,0
C08303,51843.54,37016.25,47596.98,38104.43,69,582.33,111272.61,0,0,25,0.4425,0.1562,0.1285,0,0,0,0,0
C08304,23999.22,15590.47,20062.78,17883.72,68,277.3,67699.91,0,1,49,0.3364,0.158,0.1283,0,1,0,0,0
C08305,56842.75,25997.14,77441.8,25209.16,77,395.9,64788.44,0,0,53,0.3481,0.249,0.2257,1,1,0,0,0
C08306,23821.33,16046.75,22546.3,18724.92,68,225.52,49942.06,1,0,36,0.4661,0.363,0.2014,0,2,0,0,0
C08307,59698.32,39909.49,71063.54,52439.09,66,1026.67,126445.59,0,1,14,0.4971,0.2309,0.0563,0,0,0,0,0
C08308,35817.13,24509.22,35320.24,27511.13,77,329.26,26842.21,0,0,20,0.3404,0.1649,0.1116,0,0,1,0,0
C08309,45169.76,26799.01,41575.03,27868.55,73,489.41,12001.14,1,1,47,0.3535,0.1371,0.1243,0,1,0,0,0
C08310,25134.38,18059.69,26456.13,21470.38,59,288.66,55325.75,1,0,4,0.5258,0.287,0.2288,0,0,0,0,0
C08311,47547.75,30364.61,48061.28,27842.48,67,528.44,93972.24,0,3,19,0.3668,0.2994,0.0581,0,0,0,0,0
C08312,68291.83,27755.83,78277.8,34209.85,64,683.37,227075.83,1,2,58,0.3413,0.4469,0.1882,0,1,0,0,0
C08313,31297.18,22365.44,35920.59,21462.59,67,280.05,68052.53,0,1,33,0.5251,0.1731,0.0932,0,0,0,0,0
C08314,34241.46,16973.34,33528.66,22237.99,83,220.21,29465.84,0,1,34,0.2298,0.2688,0.0783,0,0,0,0,0
C08315,55215.4,36843.34,48435.25,35514.97,70,538.71,146558.12,2,2,29,0.5206,0.2046,0.0497,0,1,0,1,0
C08316,55840.02,36508.72,50610.06,41233.1,65,496.31,15177.77,0,0,54,0.5735,0.2722,0.1605,0,0,0,0,0
C08317,15048.55,7541.74,11679.26,6507.4,62,100.0,37982.12,1,2,45,0.2979,0.43,0.1545,0,0,0,0,0
C08318,111452.15,47117.25,113354.06,48267.37,63,988.15,321164.97,0,3,23,0.1488,0.1426,0.17,0,1,0,0,0
C08319,57083.3,37830.88,59856.63,34820.93,85,474.78,43488.25,0,1,42,0.37,0.1293,0.2388,0,0,0,0,0
C08320,61576.23,45077.52,56210.52,39533.8,66,705.38,68120.25,0,0,41,0.1648,0.1329,0.0403,0,2,0,0,0
C08321,42185.19,30677.25,37897.57,36648.95,64,700.95,21844.14,0,0,33,0.304,0.2112,0.1047,0,1,0,0,0
C08322,19526.13,12339.09,20464.75,11138.42,74,167.62,16601.32,0,0,8,0.4035,0.2995,0.1092,0,0,0,0,0
C08323,60964.24,27576.15,59389.25,26522.5,68,440.73,62922.58,2,1,37,0.5875,0.396,0.2053,1,0,0,1,0
C08324,34894.45,17178.35,35747.57,16281.76,80,231.92,39206.92,2,0,24,0.2387,0.1997,0.1857,1,1,0,0,0
C08325,57479.69,39636.99,57820.72,47039.58,72,610.78,98181.42,2,0,39,0.5394,0.3676,0.0504,1,1,0,0,0
C08326,40780.42,21812.8,44036.64,25566.78,64,303.64,135328.64,1,1,48,0.601,0.3009,0.1234,1,1,0,1,0
C08327,50087.94,34040.96,49194.7,40932.05,74,589.65,22145.31,0,1,50,0.5422,0.2974,0.0652,0,0,0,0,0
C08328,31750.68,15534.1,31476.06,14844.76,68,257.59,42069.44,0,0,56,0.1193,0.2213,0.2078,0,0,0,0,0
C08329,66396.05,23427.39,54722.57,28392.88,67,356.25,61185.3,0,0,19,0.3865,0.4138,0.2443,0,1,0,0,0
C08330,26361.17,16385.32,27520.0,15641.46,82,154.4,70834.28,3,0,27,0.2019,0.4119,0.2395,0,1,0,0,0
C08331,123614.61,76692.03,131110.97,73581.21,67,1399.36,406018.43,0,0,28,0.1424,0.1408,0.0471,0,0,0,0,0
C08332,123191.42,77906.2,126724.06,75269.29,69,854.21,200877.33,0,0,16,0.6308,0.209,0.1638,0,0,0,0,0
C08333,93819.93,44159.5,120035.1,42857.79,67,658.39,297665.9,1,1,39,0.3248,0.1952,0.2033,0,1,0,0,0
C08334,79888.19,57118.61,85443.09,59352.27,71,956.89,241988.49,0,1,50,0.1841,0.423,0.1386,0,2,1,0,0
C08335,43320.06,24664.71,44672.63,23415.61,68,260.67,59758.37,1,0,59,0.1909,0.1622,0.2425,1,0,0,0,0
C08336,76066.54,52719.78,84426.06,56819.77,66,892.2,40890.05,2,0,4,0.4949,0.3732,0.1486,0,0,0,1,0
C08337,43093.97,26933.39,56174.87,19846.47,77,285.61,146502.0,2,2,47,0.558,0.1333,0.0731,0,0,0,0,0
C08338,22366.84,12016.18,24163.5,12945.96,47,200.03,64232.4,0,0,17,0.2065,0.1899,0.0618,0,3,0,0,0
C08339,88508.9,58046.98,69318.58,53359.01,68,746.95,227643.03,2,1,48,0.0678,0.2246,0.0353,0,1,0,0,0
C08340,74786.21,45525.34,82402.96,44144.62,67,648.71,124045.72,0,0,16,0.4972,0.217,0.2057,0,0,0,0,0
C08341,44369.84,25726.52,41906.94,25020.81,55,470.18,39749.9,0,0,12,0.1249,0.3873,0.106,0,1,0,0,0
C08342,25928.16,16642.05,21243.02,19357.71,64,218.93,33958.33,0,0,34,0.3787,0.2246,0.0292,0,1,0,0,0
C08343,34566.06,13434.88,43335.72,14920.13,77,239.52,59335.46,0,0,43,0.431,0.3735,0.0317,0,0,0,0,0
C08344,19829.03,15062.48,24345.56,15516.38,81,233.0,45065.0,3,0,14,0.1608,0.32,0.0393,1,1,0,0,0
C08345,68851.28,34479.82,64815.13,33244.47,61,660.51,39461.96,1,0,8,0.3546,0.1339,0.1987,0,2,0,0,0
C08346,21871.26,9866.38,20606.32,11286.6,80,142.75,56013.09,0,1,38,0.1583,0.4043,0.1195,0,1,0,0,0
C08347,51199.84,35702.08,54743.89,45176.16,84,630.77,133144.72,0,0,5,0.6159,0.4296,0.0322,0,0,0,1,0
C08348,30784.17,13977.55,29053.44,14629.47,64,269.9,106657.08,1,1,29,0.5372,0.3582,0.078,0,0,0,0,0
C08349,23680.36,18899.21,24480.55,16219.33,67,309.35,65586.39,1,3,28,0.4939,0.2546,0.0544,0,0,0,1,0
C08350,50095.05,27012.34,48312.58,26084.53,64,484.9,173652.92,0,1,5,0.5759,0.2499,0.0398,0,0,0,0,0
C08351,38723.74,18722.19,38799.31,20914.67,80,201.73,15897.39,0,0,47,0.421,0.1168,0.1381,0,0,0,0,0
C08352,65617.84,24798.9,57840.64,24721.39,81,239.77,214218.63,0,0,4,0.49,0.2847,0.1077,0,0,0,0,0
C08353,25437.9,9381.8,29233.94,8884.16,80,111.62,72057.2,0,0,47,0.3489,0.3934,0.1385,0,0,0,0,0
C08354,32004.32,12571.72,38227.71,11839.27,58,229.78,66222.31,0,0,58,0.1522,0.2577,0.1315,0,0,0,0,0
C08355,15367.02,5413.26,15950.59,5743.48,64,107.8,20982.76,1,1,14,0.6381,0.1704,0.17,0,2,0,1,0
C08356,16839.15,8372.26,17607.87,7249.88,68,100.0,11400.11,1,0,50,0.5878,0.1857,0.1211,0,0,0,0,0
C08357,101073.61,49496.2,113758.23,51765.16,73,680.86,43122.93,0,2,16,0.2657,0.2894,0.1161,0,1,0,0,0
C08358,114925.23,62466.6,120697.71,66253.08,89,710.24,159495.32,1,0,38,0.2166,0.187,0.1516,0,0,0,0,0
C08359,46917.43,21338.77,59000.91,21254.64,79,300.44,72873.38,0,0,51,0.6354,0.4211,0.1803,0,0,0,0,0
C08360,31060.58,11748.15,27707.17,10865.36,65,172.6,83863.49,1,1,44,0.2808,0.299,0.1527,0,2,0,0,0
C08361,39344.67,15030.57,45376.72,17618.97,71,293.23,41033.81,1,1,44,0.4218,0.4309,0.2172,0,0,0,0,0
C08362,66671.05,28799.62,69090.93,25633.57,76,377.77,74759.85,0,0,40,0.3046,0.4108,0.1099,1,0,0,0,0
C08363,35701.31,17581.66,32682.93,18825.17,75,248.08,28876.45,0,1,44,0.2363,0.2325,0.1195,0,2,0,0,0
C08364,50078.8,20862.65,66086.52,23727.72,75,266.59,167218.41,0,0,51,0.2761,0.4355,0.2165,0,1,0,0,0
C08365,44742.43,23011.17,59785.91,24602.05,86,310.84,31006.5,0,0,12,0.4172,0.3342,0.0416,0,0,0,0,0
C08366,34837.58,26650.72,35710.46,31920.68,72,370.69,67330.41,2,0,15,0.293,0.1805,0.2343,0,2,0,0,0
C08367,35512.18,16609.81,39182.97,15177.25,64,258.14,49160.47,1,0,56,0.5117,0.3922,0.1564,0,1,0,0,0
C08368,51349.59,21863.61,51013.64,20881.72,60,275.2,106500.2,2,1,13,0.5482,0.3686,0.1181,0,0,0,0,0
C08369,28993.24,18820.94,29363.33,18720.29,68,227.73,6676.14,3,0,54,0.3749,0.2178,0.1788,0,0,0,0,0
C08370,55143.6,31481.29,50406.77,45486.8,75,580.89,167669.09,0,1,12,0.0597,0.1914,0.032,0,1,0,0,0
C08371,36395.75,13512.44,32624.0,15011.46,64,237.2,55702.08,1,1,22,0.5874,0.222,0.152,0,0,0,0,0
C08372,47654.53,33573.25,60583.11,38051.99,66,733.49,50560.23,1,0,4,0.2602,0.2242,0.2158,1,1,0,0,0
C08373,83884.9,56362.63,87688.9,63599.7,72,940.34,103385.87,1,1,42,0.4211,0.3177,0.1478,0,2,0,0,0
C08374,41719.81,32949.65,44059.05,34908.78,52,641.01,141585.18,0,0,41,0.4697,0.2844,0.1109,1,0,0,0,0
C08375,68072.58,52568.23,64855.32,61816.69,69,1072.23,96443.56,0,0,53,0.6487,0.149,0.093,0,0,0,1,0
C08376,20090.51,12313.71,21553.03,10165.75,70,113.79,35199.78,0,3,47,0.3551,0.4377,0.0469,0,0,0,0,0
C08377,36415.67,23987.35,31665.05,25983.98,66,279.08,111102.51,0,0,47,0.1789,0.3333,0.1375,0,0,0,0,0
C08378,45564.2,24343.95,43611.84,26812.09,69,331.6,158789.25,1,2,30,0.5933,0.2147,0.2098,0,0,0,0,0
C08379,106928.6,80176.16,96880.2,93985.52,71,1349.8,364754.76,1,0,33,0.1289,0.251,0.0283,0,0,0,0,0
C08380,18628.34,11153.98,22449.87,10164.82,68,161.72,11997.65,0,0,42,0.5961,0.2245,0.1014,0,0,0,0,0
C08381,43093.32,21395.75,36705.69,19687.29,64,363.27,87953.53,0,1,12,0.2504,0.1166,0.203,0,1,0,0,0
C08382,86675.61,30706.67,78744.28,28487.64,75,403.38,188598.76,1,0,13,0.4548,0.3165,0.0837,0,1,0,0,0
C08383,31607.78,19404.09,25421.8,21590.52,71,234.05,87984.69,2,1,15,0.3374,0.1006,0.0644,1,1,0,0,0
C08384,40889.98,23979.73,38567.37,26722.78,79,397.42,73582.41,2,2,59,0.4554,0.1422,0.2175,0,1,0,0,0
C08385,52245.04,37373.22,51976.37,34982.21,75,329.99,91715.07,0,1,18,0.2338,0.1515,0.0428,0,1,0,0,0
C08386,48895.79,21228.21,57077.7,27166.02,73,417.99,67768.39,1,0,25,0.607,0.1236,0.0596,0,0,0,0,0
C08387,91036.38,65266.76,93163.01,70772.97,73,981.92,237722.93,1,0,13,0.1532,0.2604,0.2389,1,0,0,0,0
C08388,55062.87,19650.71,55103.05,20926.13,77,270.98,129859.23,0,1,32,0.2478,0.2168,0.0444,0,0,0,0,0
C08389,81790.43,50243.13,88823.51,51503.47,70,844.02,281991.65,1,0,43,0.4111,0.1643,0.1875,0,0,0,0,0
C08390,38269.71,20228.74,38149.22,23498.9,58,294.33,81762.62,2,2,53,0.4208,0.4342,0.2104,0,1,0,0,0
C08391,32247.03,16097.21,43184.87,17654.44,84,198.9,104236.82,0,1,15,0.5427,0.1301,0.0201,0,1,0,0,0
C08392,40653.59,22155.52,39803.1,28287.77,57,627.74,137910.3,0,1,16,0.0666,0.1501,0.1138,0,2,1,0,0
C08393,26710.75,12036.3,29372.35,10884.81,58,132.92,8624.35,0,1,13,0.3075,0.1325,0.1508,1,1,0,0,0
C08394,55937.93,24195.48,64282.46,20917.78,75,342.05,18158.67,2,1,21,0.3367,0.2483,0.181,0,0,0,0,0
C08395,37826.78,26943.94,36905.11,25898.33,64,440.73,130125.79,1,0,24,0.1976,0.4245,0.1207,0,1,0,0,0
C08396,33260.07,15049.89,35583.11,16801.73,71,294.59,72447.76,3,0,19,0.4273,0.1969,0.1431,0,0,0,0,0
C08397,56320.51,38390.17,55751.59,38337.54,69,404.24,63898.27,0,1,6,0.5928,0.3365,0.1214,0,2,0,1,0
C08398,26896.34,18023.57,29125.58,21673.76,82,313.05,44565.26,1,1,46,0.3001,0.3523,0.0397,0,0,0,0,0
C08399,63649.31,23233.92,67602.63,23298.35,57,416.44,105897.57,1,1,48,0.2045,0.4335,0.0631,0,0,0,0,0
C08400,36285.23,27086.29,37488.66,31957.19,56,484.54,19715.83,0,0,11,0.3925,0.1594,0.2187,0,1,0,0,0
C08401,75811.95,53463.33,69089.88,50806.66,69,723.53,243001.8,1,1,49,0.298,0.2459,0.1621,0,1,0,0,0
C08402,37710.2,26707.5,48029.34,31834.45,55,725.75,47520.97,1,1,18,0.4438,0.3992,0.0828,0,1,0,0,0
C08403,59800.97,42706.02,66999.08,51857.85,67,745.85,120297.5,1,1,41,0.6285,0.1529,0.1126,0,0,0,1,0
C08404,48787.08,29864.96,41925.84,29334.13,83,276.42,149750.21,0,1,47,0.3683,0.3836,0.2114,0,0,0,0,0
C08405,62891.96,50126.24,62864.01,55577.34,77,533.62,197177.59,2,0,3,0.567,0.2344,0.083,0,0,0,1,0
C08406,47282.42,20360.68,40741.96,22032.82,79,197.63,38627.16,1,1,25,0.2696,0.2305,0.0488,0,0,0,0,0
C08407,21287.79,8143.67,24298.94,9055.8,74,101.17,16156.25,2,1,12,0.5099,0.2391,0.1832,1,1,1,0,1
C08408,70853.87,47250.7,74211.36,56896.1,68,861.48,46450.65,0,0,39,0.2047,0.2514,0.1991,0,0,0,0,0
C08409,43258.99,20862.59,45443.11,24342.17,82,270.19,42049.03,0,1,58,0.6241,0.1134,0.0917,0,1,0,1,0
C08410,64196.25,40039.52,60916.84,44511.67,73,746.96,80556.14,0,0,9,0.2429,0.1102,0.1227,0,0,1,0,0
C08411,61391.62,32308.31,62136.45,36494.37,74,577.8,159705.0,2,0,38,0.4641,0.3838,0.1603,0,2,0,0,0
C08412,31774.98,15890.22,36365.26,14264.45,68,205.34,22281.59,1,0,27,0.309,0.27,0.0739,0,0,0,0,0
C08413,29814.79,22419.59,35083.06,23430.48,66,297.57,27314.48,2,2,25,0.5175,0.3993,0.1375,0,1,0,1,0
C08414,60435.23,25015.33,69595.44,22959.55,69,315.73,87406.71,1,1,60,0.4083,0.2239,0.1851,0,1,0,0,0
C08415,39259.77,17079.71,33910.24,17896.48,87,222.73,10876.71,1,0,41,0.514,0.2392,0.151,0,2,0,0,0
C08416,68583.75,44615.68,70481.2,52825.72,72,523.8,70747.87,2,1,37,0.0939,0.4426,0.1826,0,0,0,0,0
C08417,41532.33,29162.77,44871.43,30596.23,56,673.96,71956.3,0,1,6,0.1085,0.1805,0.1114,0,0,0,0,0
C08418,71321.43,51672.13,68598.88,38719.44,73,579.65,145276.27,2,1,55,0.0692,0.4476,0.0652,0,0,0,0,0
C08419,54442.74,24717.95,46326.31,22848.88,64,456.1,124857.24,0,2,40,0.5541,0.1009,0.1327,0,0,0,0,0
C08420,51226.21,38263.47,45878.41,42844.77,77,611.25,76580.98,1,0,34,0.518,0.3079,0.0662,0,1,0,0,0
C08421,38029.32,23741.62,46775.04,23392.77,77,278.78,78204.71,0,2,60,0.4745,0.1854,0.1814,0,2,0,1,0
C08422,49961.61,35994.76,45316.41,41180.21,68,583.08,151703.18,3,1,38,0.1235,0.2438,0.0351,0,0,0,0,0
C08423,76972.35,29313.75,81260.27,26532.9,59,316.68,199683.49,3,1,12,0.6087,0.3346,0.2351,0,0,0,0,0
C08424,43915.42,22423.32,45287.33,24571.62,82,220.05,92071.29,0,1,6,0.5186,0.4053,0.1444,0,0,0,0,0
C08425,57150.66,33501.08,58953.55,36912.6,85,330.82,157894.67,3,0,27,0.5059,0.1655,0.0497,0,2,0,0,0
C08426,45948.65,28011.71,46482.42,32067.47,64,469.04,53653.41,0,1,55,0.4171,0.3729,0.1928,0,1,1,0,0
C08427,47595.31,18780.26,54482.19,18242.68,79,201.4,159807.7,1,1,21,0.5001,0.2198,0.0226,0,0,0,0,0
C08428,97728.9,57894.23,103033.0,66206.41,60,1037.71,241971.2,1,0,36,0.0804,0.2084,0.2465,0,2,0,0,0
C08429,77280.45,50191.25,75342.37,61774.74,78,747.36,186764.75,1,0,15,0.4437,0.4149,0.2066,0,0,0,0,0
C08430,46637.0,23911.62,49256.19,18585.94,68,248.88,130192.85,3,0,42,0.3029,0.2209,0.0793,0,0,0,0,0
C08431,49559.15,28513.0,44439.42,30115.55,68,446.54,10554.15,2,0,33,0.1432,0.1847,0.1413,0,0,1,0,0
C08432,32812.87,15804.48,36327.56,13168.89,79,210.26,21869.22,1,0,6,0.6247,0.2797,0.1842,0,0,0,1,0
C08433,41630.18,30878.15,40309.83,29234.7,72,411.6,87069.37,0,0,58,0.6213,0.2165,0.1078,0,1,0,0,0
C08434,51722.43,32049.44,50439.48,30657.57,69,529.68,114087.08,1,1,38,0.5467,0.308,0.0611,1,0,0,0,0
C08435,65985.74,39464.3,73347.48,41122.83,57,842.44,208527.2,0,1,33,0.4763,0.1762,0.0846,0,0,0,0,0
C08436,63042.68,48855.61,63113.42,53511.78,73,696.73,123342.89,0,1,5,0.1722,0.1782,0.1849,0,1,0,0,0
C08437,27316.64,17734.48,27531.84,20547.14,73,237.5,29646.77,1,1,4,0.5544,0.4425,0.2095,1,0,0,1,0
C08438,69846.83,33241.54,83125.81,35956.8,83,311.48,126727.89,1,0,9,0.2513,0.368,0.0374,1,2,0,0,0
C08439,43237.77,27619.8,40350.24,31233.45,79,289.96,53666.96,0,0,48,0.1906,0.3011,0.0322,0,2,0,0,0
C08440,28861.73,22590.96,32030.92,20796.78,67,258.08,70572.66,1,2,42,0.6203,0.3815,0.1535,0,2,0,1,0
C08441,82108.01,29608.25,95569.04,34842.96,65,657.35,182252.66,0,1,45,0.1906,0.1604,0.1316,1,1,0,0,0
C08442,86933.03,54938.71,103452.71,38457.1,62,473.43,71739.68,0,0,9,0.5765,0.3482,0.2418,0,1,0,0,0
C08443,50670.74,21310.88,66438.58,26280.65,74,424.48,72209.04,1,1,46,0.4018,0.2936,0.1196,0,0,0,0,0
C08444,61906.16,44411.9,60231.17,53812.29,62,845.66,150635.95,1,0,27,0.1594,0.4292,0.03,1,1,0,0,0
C08445,63561.93,40572.09,60119.9,46252.44,83,605.93,210771.43,1,2,59,0.4922,0.2516,0.0988,0,0,0,1,0
C08446,84331.88,65074.3,96818.55,85733.82,57,1182.66,126995.83,2,0,40,0.4331,0.3032,0.0394,0,0,0,0,0
C08447,62445.45,40671.35,72613.37,33901.27,79,504.83,161297.37,2,0,53,0.3111,0.2505,0.1431,0,0,0,0,0
C08448,24759.34,8857.62,23647.94,10128.96,68,112.29,39421.23,3,0,21,0.4033,0.2051,0.1192,0,1,0,0,0
C08449,111171.71,64441.71,123197.88,68708.57,83,839.24,161892.37,3,1,31,0.3285,0.3768,0.0432,0,0,1,0,0
C08450,72690.31,55001.17,100087.64,59362.23,71,636.96,166401.22,0,0,9,0.547,0.3554,0.2082,0,0,0,0,0
C08451,35779.55,16263.11,38017.91,14805.47,67,268.06,120552.24,2,1,30,0.4581,0.3949,0.0387,1,0,1,0,0
C08452,28313.29,10965.83,32866.63,12033.65,61,207.74,35736.94,2,1,17,0.3391,0.343,0.1535,0,0,0,0,0
C08453,56476.72,38062.46,69986.43,41554.26,67,637.2,94011.45,0,1,6,0.5342,0.216,0.1112,1,2,0,0,0
C08454,39703.74,22874.47,53617.9,22125.3,80,238.84,15009.35,1,1,18,0.2115,0.3725,0.1998,0,0,0,0,0
C08455,52204.07,19389.52,56353.45,20199.17,66,308.07,118891.79,1,1,40,0.1554,0.4478,0.1566,0,0,0,0,0
C08456,62877.95,29927.51,75476.43,26703.1,66,288.23,90470.21,3,1,46,0.2862,0.3422,0.1121,0,0,0,1,0
C08457,34874.77,17334.05,33318.68,17378.29,74,232.14,20748.61,1,1,24,0.5648,0.1755,0.2079,0,1,0,0,0
C08458,27232.58,17715.82,28675.51,20644.21,57,300.11,61145.09,1,0,52,0.5489,0.2975,0.1317,0,0,0,0,0
C08459,53532.06,30096.8,53340.72,35143.94,79,549.52,130835.93,2,1,46,0.4024,0.3159,0.0562,0,0,0,0,0
C08460,35397.39,20149.45,29158.92,23015.6,64,310.49,21516.91,3,0,54,0.1727,0.2005,0.2477,0,0,0,0,0
C08461,48057.85,34263.89,41216.14,39925.88,71,566.14,104683.49,1,1,36,0.5305,0.1959,0.1112,0,1,0,0,0
C08462,24585.72,11685.29,27083.72,13634.58,68,140.73,73394.63,0,0,50,0.2055,0.3818,0.0593,0,4,0,0,0
C08463,40172.4,26218.83,44348.83,25505.01,64,456.59,79819.09,0,0,28,0.5509,0.3782,0.1289,0,2,0,0,0
C08464,62077.95,31995.02,57422.39,34898.43,74,375.59,175600.16,2,1,18,0.0669,0.2355,0.1756,0,0,0,0,0
C08465,59105.98,31814.77,73107.37,37554.59,84,580.87,107861.16,0,1,36,0.1561,0.1501,0.2213,0,1,1,0,0
C08466,31560.34,18941.13,28934.59,16752.53,76,193.03,30506.14,0,2,6,0.1259,0.2457,0.0341,0,1,0,0,0
C08467,26600.86,17637.46,28752.13,15587.31,82,208.96,18874.99,0,1,19,0.5912,0.1753,0.2036,0,0,0,1,0
C08468,45320.35,35138.58,45328.11,30820.83,65,605.02,43511.79,1,0,47,0.4838,0.1338,0.0475,0,1,1,0,0
C08469,57923.74,27285.27,61563.3,22803.26,61,431.31,134200.56,2,0,26,0.5676,0.1454,0.1825,0,0,0,0,0
C08470,54000.39,21421.16,62522.95,19791.08,67,268.76,62805.74,1,2,51,0.1182,0.1664,0.2223,0,0,0,0,0
C08471,35737.14,19403.71,40771.83,19150.37,79,303.61,71637.08,3,1,21,0.3324,0.3758,0.0712,0,1,0,0,0
C08472,51453.76,30667.58,58396.98,37766.41,81,385.87,146757.66,4,1,20,0.5652,0.3108,0.1888,0,0,0,0,0
C08473,88475.21,40044.03,99058.5,39944.04,67,644.28,46517.43,3,1,50,0.382,0.2237,0.0774,0,0,0,0,0
C08474,49351.97,37049.66,44282.07,32160.42,64,576.39,28967.67,0,0,56,0.3333,0.1372,0.0709,0,0,0,0,0
C08475,21579.55,15310.28,25596.44,16381.12,60,249.58,56764.31,4,0,10,0.6334,0.1018,0.0416,1,1,0,1,0
C08476,49308.8,28211.97,45500.46,28982.84,72,482.55,14763.21,1,1,15,0.3564,0.3798,0.0385,0,1,0,0,0
C08477,112893.3,62376.8,117101.5,59641.21,74,792.68,99676.08,0,0,41,0.2365,0.4122,0.145,0,0,0,0,0
C08478,25212.42,9286.58,25410.1,9095.02,76,145.63,40987.57,0,0,9,0.1253,0.1446,0.1843,0,1,0,0,0
C08479,45605.97,26980.51,49802.39,31784.41,69,381.75,154716.59,0,1,10,0.1686,0.1241,0.118,0,1,0,0,0
C08480,40642.39,25120.5,40310.51,22126.48,57,480.33,78405.66,0,1,14,0.5772,0.3533,0.2042,0,1,0,0,0
C08481,46984.13,35296.09,48439.64,30005.47,67,456.73,31493.24,0,0,28,0.1381,0.3496,0.152,0,0,0,0,0
C08482,49110.65,28262.89,61106.62,31259.33,73,409.89,104395.41,1,0,25,0.5661,0.3571,0.1898,0,1,0,0,0
C08483,75162.31,31629.79,67237.92,30880.91,79,328.83,108393.76,0,2,18,0.3455,0.2929,0.1556,0,1,0,0,0
C08484,46750.03,20150.46,49073.7,24911.31,78,243.32,18325.6,1,0,5,0.0573,0.4364,0.2422,0,0,0,0,0
C08485,79952.23,33735.07,73260.6,34797.17,60,507.3,148942.91,0,0,56,0.3905,0.189,0.1696,0,1,0,0,0
C08486,42679.45,32963.07,48267.12,34214.2,71,452.3,98080.4,0,0,4,0.1946,0.3474,0.0374,0,1,0,0,0
C08487,38440.09,27178.11,37009.83,31102.26,78,422.46,129522.24,3,0,37,0.3266,0.2579,0.2308,0,1,0,0,0
C08488,33299.09,24013.47,35118.03,20395.62,60,385.48,86382.62,1,1,48,0.612,0.3736,0.0407,0,0,0,0,0
C08489,19865.28,14465.8,17700.76,15775.1,80,143.09,55143.76,0,1,36,0.4829,0.1262,0.1025,0,0,0,0,0
C08490,50945.89,20023.55,61389.02,20146.21,78,328.24,163503.22,0,2,52,0.5931,0.4338,0.0911,0,2,0,0,0
C08491,113404.68,75525.2,120065.48,88607.43,73,1030.74,143742.92,2,2,43,0.3492,0.2342,0.1049,0,0,0,0,0
C08492,55305.28,36885.94,58984.85,35867.4,66,601.69,114266.13,0,1,34,0.4311,0.105,0.246,0,0,0,0,0
C08493,61295.03,27654.47,70457.87,29623.98,75,467.67,208730.16,0,1,39,0.2358,0.4474,0.1771,0,1,0,0,0
C08494,37367.39,21329.29,33624.33,21476.98,64,318.93,75651.38,1,0,17,0.2291,0.2934,0.0597,0,1,0,0,0
C08495,40314.55,26127.61,39354.96,28728.56,60,460.92,25441.35,1,0,7,0.0621,0.4433,0.0346,0,1,0,0,0
C08496,70087.97,52832.41,75022.62,53881.79,87,451.3,235635.92,2,0,17,0.5975,0.1953,0.2308,0,1,0,0,0
C08497,111115.99,44412.12,93177.58,48030.69,71,639.2,151605.45,1,1,37,0.4768,0.2475,0.2164,0,0,0,0,0
C08498,87903.45,66058.29,74844.94,83259.12,74,1420.22,90720.5,3,3,24,0.4,0.1064,0.1081,0,0,0,1,0
C08499,64652.23,49464.56,61513.27,50240.25,71,652.09,147448.85,0,0,49,0.091,0.3854,0.0941,0,1,0,0,0
C08500,45717.46,35002.4,41743.71,38444.19,71,670.54,62324.93,2,0,58,0.1595,0.2306,0.1173,0,0,0,0,0
C08501,49453.66,17416.38,49885.7,23065.83,73,354.06,77015.64,2,1,57,0.3641,0.3046,0.144,1,0,0,0,0
C08502,32059.2,14408.99,35672.01,15803.53,70,277.9,29230.03,1,2,14,0.6311,0.4027,0.0518,0,0,0,0,0
C08503,23452.73,15503.67,26735.78,11750.21,57,168.53,7619.05,1,2,10,0.5695,0.3067,0.0594,1,3,0,0,0
C08504,27101.88,13409.55,34341.59,13007.91,71,201.76,11940.17,2,0,33,0.2132,0.1333,0.0463,0,2,0,0,0
C08505,46019.84,17371.91,48195.89,15731.14,69,173.19,51270.07,0,1,9,0.1289,0.2036,0.028,1,0,0,0,0
C08506,39459.15,27357.97,42163.01,31752.64,74,425.84,62952.49,1,0,45,0.2813,0.3356,0.1013,0,0,1,0,0
C08507,23229.28,8429.13,24321.39,8755.69,64,155.22,68007.41,2,1,52,0.4712,0.1901,0.0866,1,0,0,0,0
C08508,44250.51,24369.18,48163.68,28697.69,77,297.06,40150.05,1,0,48,0.0683,0.3184,0.0906,0,0,0,0,0
C08509,38992.48,30274.12,42806.11,34009.55,66,657.13,91997.28,2,1,13,0.2471,0.2543,0.1239,1,1,0,0,0
C08510,26546.04,14550.01,30810.77,16337.75,70,229.17,86428.85,1,0,9,0.2712,0.2338,0.2025,1,0,0,0,0
C08511,38094.96,28965.47,44197.2,26161.71,60,422.31,58710.2,1,0,6,0.6004,0.3512,0.1294,0,0,0,1,0
C08512,38948.24,20800.38,43323.05,23100.64,62,458.88,133601.66,3,0,22,0.1905,0.3714,0.2116,1,0,0,0,0
C08513,34095.85,17252.8,41979.52,20944.74,49,519.82,78545.73,2,0,38,0.2543,0.1564,0.1673,0,0,0,0,0
C08514,68283.22,27198.73,71916.63,23835.56,70,425.66,229309.33,0,1,6,0.16,0.3912,0.1522,1,0,0,0,0
C08515,19112.77,9769.32,18665.76,9885.99,62,175.7,22426.12,0,0,22,0.5106,0.4078,0.2497,0,0,0,0,0
C08516,18412.93,9236.73,18343.59,10091.41,66,167.76,43482.96,2,1,52,0.3875,0.1819,0.169,0,1,0,0,0
C08517,45066.59,32941.33,46747.56,34975.85,80,366.3,32635.46,0,1,56,0.2685,0.3479,0.0457,0,0,0,0,0
C08518,46989.29,35898.02,43228.45,43881.4,83,605.54,151037.8,1,1,45,0.2774,0.225,0.0637,1,1,0,1,0
C08519,53977.07,19424.65,52702.99,22094.0,72,329.23,70950.88,3,0,4,0.0586,0.4157,0.0561,0,0,0,0,0
C08520,35308.52,13919.16,32244.43,15293.42,86,161.09,25544.21,2,0,5,0.5068,0.3823,0.1404,1,1,0,0,0
C08521,29772.85,19038.33,32490.37,21858.14,71,394.05,57961.1,1,1,30,0.4403,0.3977,0.0428,0,2,0,0,0
C08522,44852.09,25482.01,48999.05,29093.19,80,360.65,33739.14,2,3,38,0.0832,0.1402,0.2233,0,1,0,0,0
C08523,36890.44,17840.04,30904.23,18819.97,69,309.31,41472.14,0,0,8,0.0819,0.4055,0.1101,0,1,0,0,0
C08524,90436.2,42229.92,87859.68,42543.34,64,730.93,131967.6,0,2,32,0.4633,0.1854,0.0438,0,0,0,0,0
C08525,38890.9,17543.82,49353.43,20505.87,69,209.91,26631.11,1,0,46,0.5,0.4031,0.0325,0,1,1,0,0
C08526,43935.79,25766.27,49452.96,24757.02,66,365.37,14637.07,2,0,25,0.1096,0.2636,0.1372,0,0,0,0,0
C08527,137084.93,49058.03,151413.1,51085.43,77,706.03,197017.74,1,0,60,0.5034,0.3943,0.1067,0,2,0,0,0
C08528,41223.99,28135.29,39999.21,25636.65,75,444.35,36441.75,0,1,21,0.4853,0.3851,0.187,0,0,0,1,0
C08529,57796.78,28041.53,62679.1,31905.68,70,361.26,139611.66,0,2,46,0.4051,0.116,0.0565,0,1,0,0,0
C08530,60189.73,32627.3,63094.41,39084.33,89,487.09,12082.06,0,0,18,0.1094,0.2983,0.0769,0,1,0,0,0
C08531,62539.18,36721.35,59686.79,34434.86,76,435.86,146189.28,1,1,17,0.1516,0.3163,0.1139,0,0,0,0,0
C08532,51261.08,22816.91,50786.67,23536.29,73,316.71,102169.9,1,1,29,0.3724,0.2208,0.2105,0,1,0,0,0
C08533,49101.56,36711.58,48779.93,36432.28,77,376.15,94614.22,3,0,6,0.3859,0.425,0.1202,0,0,0,1,0
C08534,47078.34,30927.73,41022.14,36465.01,66,562.49,88288.33,0,0,41,0.2724,0.127,0.0611,0,2,0,0,0
C08535,34725.19,25753.36,30946.11,31420.04,81,282.2,69083.12,0,0,4,0.4587,0.4063,0.0317,0,0,0,1,0
C08536,52099.01,29381.38,53456.91,29161.28,75,368.78,97515.36,0,1,35,0.2504,0.2592,0.1571,0,2,0,0,0
C08537,112118.14,61060.35,106314.93,42742.24,71,567.88,187574.16,0,2,43,0.0687,0.1773,0.0744,0,0,0,0,0
C08538,77592.39,35437.54,78670.13,42111.71,65,520.96,102529.11,1,0,38,0.4894,0.351,0.1538,0,0,0,0,0
C08539,51595.04,30708.24,44233.55,32409.83,68,618.93,72142.41,2,1,40,0.4396,0.2859,0.2027,0,2,0,0,0
C08540,66140.81,40803.82,75807.89,43083.71,71,684.15,34405.46,0,0,36,0.0845,0.1526,0.2014,0,1,0,0,0
C08541,30433.18,16402.43,39552.71,19119.42,56,434.76,45681.47,0,0,42,0.4415,0.2183,0.2163,0,0,0,0,0
C08542,40022.11,16626.07,46957.44,16731.11,78,245.71,72769.04,0,2,43,0.2937,0.2106,0.1786,1,1,0,0,0
C08543,68937.13,32600.16,81736.28,31764.52,74,427.68,187434.31,1,0,55,0.4016,0.2759,0.2463,0,1,0,0,0
C08544,87872.57,31318.94,98868.48,31548.04,63,534.64,144644.49,0,0,52,0.1563,0.2163,0.1609,0,1,0,0,0
C08545,31809.75,15701.69,34414.02,17408.31,68,204.99,87184.27,0,0,9,0.5069,0.2192,0.1992,0,3,0,0,0
C08546,36199.59,22130.31,38385.42,25571.05,67,302.18,100333.65,1,0,28,0.281,0.1104,0.213,0,2,0,0,0
C08547,120094.82,93682.37,112919.97,116726.21,79,1465.44,153525.2,4,2,49,0.5786,0.4078,0.0744,0,1,0,1,0
C08548,46992.13,20209.13,53232.99,22197.85,68,268.28,86326.45,3,2,5,0.3227,0.1218,0.106,0,0,0,0,0
C08549,102224.91,38330.15,115073.05,39581.44,74,621.54,130384.68,1,0,41,0.5143,0.256,0.1909,0,0,0,0,0
C08550,49390.02,23872.17,49115.35,27604.42,76,318.97,21686.33,1,1,16,0.3937,0.3529,0.2103,0,0,0,0,0
C08551,50271.77,21142.24,55958.53,19735.21,65,228.44,151854.8,2,1,29,0.5375,0.2116,0.1152,0,0,0,0,0
C08552,39220.19,26002.34,37915.2,31731.35,68,490.55,114040.77,1,1,6,0.288,0.388,0.1354,0,1,0,1,0
C08553,68773.07,24248.5,67010.38,26075.99,68,396.23,33000.54,2,0,6,0.4396,0.3942,0.2096,0,0,0,0,0
C08554,82902.27,65608.04,94758.34,67087.97,66,870.81,195658.11,0,1,33,0.6288,0.2517,0.2109,0,1,0,0,0
C08555,28244.86,20761.38,31116.33,19387.75,72,209.3,84427.03,0,2,27,0.1834,0.3046,0.2072,0,1,0,0,0
C08556,38400.09,21918.84,39251.29,24663.8,70,379.52,12747.32,0,0,12,0.3373,0.4053,0.0917,0,0,0,0,0
C08557,67927.97,51925.77,68490.41,52773.51,76,794.53,101148.52,0,0,16,0.6005,0.428,0.158,0,2,0,0,0
C08558,42451.64,26856.04,45464.55,27895.0,68,333.69,42686.56,0,0,21,0.4037,0.398,0.2363,0,1,0,0,0
C08559,36040.35,28731.15,29904.55,24405.87,68,411.86,63714.71,1,1,49,0.5367,0.1234,0.0872,0,0,0,0,0
C08560,70877.74,33683.78,67976.55,33610.97,70,524.97,50171.01,0,0,35,0.3977,0.2041,0.1538,0,0,0,0,0
C08561,73937.23,59046.84,66409.45,57971.03,93,726.02,23069.91,0,0,42,0.4687,0.1632,0.2479,1,1,0,0,0
C08562,36756.81,15846.28,38646.93,17434.51,58,221.94,9898.3,0,0,9,0.101,0.4356,0.0788,0,1,0,0,0
C08563,49512.61,25203.81,58456.28,25654.52,85,386.22,164912.7,1,2,28,0.3886,0.2197,0.2254,0,2,0,0,0
C08564,26123.85,20138.77,28925.87,14744.3,93,173.72,11006.76,1,1,52,0.2331,0.2634,0.098,0,0,0,0,0
C08565,30075.05,15541.1,29732.81,15544.19,82,162.13,27660.52,2,0,46,0.4317,0.1538,0.0402,0,0,0,0,0
C08566,47585.92,21148.44,45930.33,18514.65,85,267.11,107826.73,0,1,21,0.2865,0.2114,0.1162,0,0,0,0,0
C08567,45640.5,17195.94,43793.71,15903.81,77,216.55,105300.22,2,0,24,0.437,0.2677,0.0572,0,0,0,0,0
C08568,29124.17,12145.69,37568.83,14216.11,60,188.68,15037.31,1,0,11,0.133,0.1991,0.2493,0,1,0,0,0
C08569,32605.28,16623.82,34501.85,14085.73,76,224.55,65214.32,2,3,33,0.3044,0.4053,0.0283,0,2,0,0,0
C08570,27865.59,15035.0,29926.81,16318.71,75,246.59,47742.99,0,0,25,0.3172,0.1521,0.1978,0,1,0,0,0
C08571,55226.31,32810.12,43996.84,32453.59,74,380.76,51817.16,1,0,11,0.2431,0.4221,0.2122,0,1,0,0,0
C08572,18564.01,13293.96,16861.46,12841.91,82,160.72,53049.22,3,1,5,0.4062,0.4188,0.0886,0,1,0,0,0
C08573,28544.17,10162.77,29820.06,9476.59,83,107.27,96666.23,0,1,34,0.5945,0.2189,0.2277,0,0,0,0,0
C08574,19459.57,14176.34,19269.26,15428.72,63,172.43,22800.71,0,1,3,0.2901,0.3879,0.1526,1,0,0,0,0
C08575,54337.89,33133.19,57922.4,36506.7,65,554.14,47798.19,0,2,58,0.5426,0.4202,0.2289,1,1,1,0,1
C08576,19994.0,13804.16,21281.33,11636.66,71,137.9,28023.73,0,0,36,0.4631,0.4204,0.0397,0,1,0,0,0
C08577,45647.13,31525.76,51218.55,37454.59,64,463.88,142135.07,1,0,56,0.4986,0.2781,0.1021,0,0,0,1,0
C08578,94108.49,71187.54,77705.44,64613.25,83,588.2,256672.68,0,1,19,0.2209,0.25,0.0618,0,1,0,0,0
C08579,95555.55,37459.79,87660.04,41079.65,73,469.35,256002.23,0,0,30,0.1115,0.2619,0.1252,0,0,0,0,0
C08580,19965.47,12122.67,20725.08,11010.83,56,227.24,63480.86,1,0,24,0.5696,0.2168,0.1286,0,0,0,0,0
C08581,51467.31,39066.94,50042.26,38868.19,86,413.65,49756.06,2,1,30,0.4392,0.2782,0.0903,0,0,0,0,0
C08582,28836.02,19425.18,29204.16,17415.53,67,203.64,87942.62,1,0,40,0.5335,0.3857,0.1844,0,0,0,0,0
C08583,26304.8,10349.97,27964.19,10210.77,83,100.0,84889.7,1,2,17,0.3407,0.3409,0.2271,0,0,0,0,0
C08584,42759.91,26779.85,41075.51,27472.99,68,440.94,106804.8,1,0,53,0.3797,0.4173,0.1649,0,0,0,0,0
C08585,78209.69,55524.69,83924.66,50643.05,67,712.06,120634.43,2,0,50,0.5213,0.1699,0.2139,1,0,0,0,0
C08586,58939.35,27918.85,65733.77,30368.26,79,412.54,188370.6,1,0,23,0.1045,0.2902,0.1694,0,0,0,0,0
C08587,32617.5,20699.78,34503.11,22841.22,58,288.0,10371.51,0,0,8,0.5664,0.1004,0.2162,0,0,0,0,0
C08588,61801.51,45002.96,70236.63,61866.63,80,879.35,70251.51,0,0,38,0.6333,0.1891,0.152,0,3,1,0,1
C08589,16395.28,9603.38,12939.93,11153.78,64,222.66,8466.4,0,1,60,0.5893,0.1228,0.0616,0,1,0,0,0
C08590,32067.3,14025.73,31415.56,16707.04,62,315.8,47010.31,0,1,30,0.5559,0.1402,0.072,0,0,0,0,0
C08591,31059.7,18553.73,35938.55,15542.8,74,237.98,82169.02,2,0,41,0.3073,0.3836,0.1025,0,0,0,0,0
C08592,46614.27,28649.22,44110.04,23348.66,71,269.39,71102.9,1,0,27,0.0918,0.264,0.0586,0,0,0,0,0
C08593,41074.6,21822.27,38199.09,22135.66,64,326.28,83922.08,1,0,23,0.4567,0.304,0.0603,0,1,0,0,0
C08594,42224.49,27691.98,43695.93,35014.24,64,434.08,66028.43,1,0,24,0.487,0.2716,0.2424,0,1,0,0,0
C08595,41597.44,22670.6,43590.86,30535.56,82,430.94,12854.83,0,0,40,0.4136,0.3521,0.093,0,1,0,0,0
C08596,45456.04,33857.13,44812.22,32756.63,72,521.06,18637.61,0,0,49,0.4084,0.2203,0.2475,1,0,0,0,0
C08597,57381.47,40524.6,72944.98,39700.06,83,370.18,19982.25,1,3,54,0.4399,0.1048,0.2299,0,0,0,1,0
C08598,48127.87,34274.14,52188.85,38224.82,67,654.46,138222.46,1,1,28,0.1131,0.3326,0.1622,0,1,0,0,0
C08599,39595.05,23231.78,37284.84,23843.73,78,318.73,18807.74,0,0,47,0.4124,0.2727,0.115,0,1,0,0,0
C08600,53917.18,23634.95,47299.34,24329.06,79,396.79,69905.26,0,1,12,0.6388,0.16,0.1239,0,0,0,0,0
C08601,65262.53,44116.81,71701.93,49683.81,82,783.89,132889.98,0,1,12,0.4735,0.2112,0.0426,0,0,0,0,0
C08602,35038.62,13350.23,32894.62,18368.07,66,208.3,68921.67,2,1,46,0.1434,0.3652,0.0453,0,0,0,0,0
C08603,43813.03,25539.0,57321.21,30814.05,66,561.23,97726.97,1,1,32,0.5166,0.2724,0.1185,0,0,0,0,0
C08604,75907.88,28377.44,83601.38,36161.24,68,423.47,146861.0,0,0,35,0.1168,0.3399,0.2277,0,1,0,0,0
C08605,27396.63,16103.42,30607.43,13344.97,76,180.85,50071.81,0,1,34,0.3384,0.2844,0.2373,0,0,0,0,0
C08606,101370.13,66768.95,109463.77,78718.85,66,1196.38,244475.63,0,0,30,0.6295,0.1946,0.0538,0,1,0,0,0
C08607,24631.91,13267.71,29178.67,12418.79,64,167.72,28655.06,0,0,32,0.5554,0.2045,0.1623,0,1,0,0,0
C08608,38522.73,20710.07,29375.82,25911.89,75,391.53,65706.52,2,0,16,0.4061,0.2948,0.2129,0,1,0,0,0
C08609,29343.67,11891.74,26573.85,14423.24,87,169.35,47692.73,0,1,7,0.2081,0.3336,0.1703,0,1,0,0,0
C08610,120449.39,58518.21,141419.21,65684.21,72,979.11,165067.55,0,0,11,0.2385,0.3104,0.0858,0,2,1,0,0
C08611,35879.1,19730.75,44133.79,18958.35,62,340.85,125199.57,0,0,7,0.2276,0.3075,0.24,0,2,0,0,0
C08612,35919.63,26530.35,32391.11,26316.56,69,359.54,114217.4,0,0,40,0.2802,0.4092,0.2465,0,0,0,0,0
C08613,38085.19,28719.7,31677.9,28767.12,69,302.21,92484.51,0,1,53,0.3385,0.3761,0.1236,0,2,0,0,0
C08614,46978.2,36601.24,50271.5,41779.58,68,525.08,124070.97,0,1,8,0.061,0.122,0.0567,0,2,0,0,0
C08615,38817.21,15337.4,43019.15,16847.62,71,191.11,119534.98,0,2,12,0.2093,0.2639,0.0791,0,0,0,0,0
C08616,42387.92,20485.86,45256.98,25001.03,74,389.21,58650.1,2,1,3,0.6311,0.2675,0.2271,0,1,0,0,0
C08617,12000.0,6699.73,12514.13,8329.76,74,100.0,23377.37,0,0,15,0.453,0.2171,0.2018,0,0,0,0,0
C08618,46172.5,29494.29,38220.55,27977.02,60,428.58,63140.15,1,0,20,0.0989,0.1231,0.1095,0,1,0,0,0
C08619,45362.03,30222.88,45588.79,33457.44,67,483.21,142595.14,0,0,25,0.3049,0.4324,0.1315,0,0,0,0,0
C08620,71809.62,50532.96,73453.48,55867.43,59,1137.38,158376.54,0,1,38,0.5777,0.4244,0.2165,1,0,0,0,0
C08621,81104.62,46484.56,79824.07,48278.73,85,685.38,166446.61,1,1,50,0.5837,0.1559,0.1098,0,0,0,0,0
C08622,41355.02,24832.16,33900.84,28880.09,69,348.21,69878.43,1,1,14,0.1817,0.1035,0.2099,0,0,0,0,0
C08623,64972.6,50825.26,72780.25,56360.98,73,729.61,135739.76,0,2,21,0.629,0.3983,0.1837,0,1,0,1,0
C08624,27411.33,12554.74,31629.7,12316.87,64,162.94,31715.87,0,0,38,0.3689,0.3503,0.1935,0,0,0,0,0
C08625,63558.87,45234.33,60676.01,46724.62,73,822.88,120656.35,2,1,16,0.5224,0.3712,0.0289,0,0,0,0,0
C08626,34780.2,23313.8,35743.04,23502.49,64,374.53,30606.47,0,0,10,0.1659,0.3021,0.1497,0,1,0,0,0
C08627,26404.87,10906.28,26150.61,10499.45,72,102.15,26332.98,1,0,60,0.4359,0.295,0.2384,1,0,0,0,0
C08628,41394.48,31746.31,41044.16,33008.59,70,355.73,32973.9,0,0,34,0.2763,0.1019,0.2372,0,0,0,0,0
C08629,84510.44,62107.59,93737.28,55547.11,67,1006.14,71561.09,2,2,53,0.3419,0.3535,0.232,0,1,0,0,0
C08630,48818.78,34211.08,54290.3,37867.08,70,507.87,86645.08,0,0,55,0.6418,0.348,0.1543,0,0,0,0,0
C08631,88241.92,35918.71,104034.8,43766.74,71,766.35,34742.3,0,1,3,0.4567,0.3961,0.2298,1,0,0,0,0
C08632,32128.16,13264.16,37797.86,14007.71,65,236.61,41587.35,1,1,29,0.1002,0.3488,0.1383,0,0,0,0,0
C08633,72110.2,47408.08,74229.03,55162.68,53,1061.57,128447.63,1,1,33,0.6398,0.262,0.0355,1,0,0,0,0
C08634,33555.15,13364.06,46676.98,14281.36,85,199.77,23267.06,1,1,26,0.2024,0.1257,0.1931,0,0,0,0,0
C08635,49802.26,19970.31,61555.31,18519.41,56,376.41,68382.69,0,3,34,0.3041,0.2776,0.1512,0,2,0,0,0
C08636,49608.88,26298.94,48171.37,33947.93,76,468.62,99261.91,0,0,25,0.1397,0.3264,0.206,0,3,1,0,1
C08637,60602.36,21357.49,64553.14,16216.92,77,158.16,193242.93,1,1,30,0.479,0.1041,0.1111,0,1,0,0,0
C08638,50375.04,33986.4,40889.54,35727.76,78,541.18,63702.61,1,0,56,0.6034,0.3864,0.1902,0,1,0,0,0
C08639,32266.5,19137.04,33985.36,18328.95,83,264.73,6993.81,1,1,21,0.4822,0.3332,0.0989,0,0,1,0,0
C08640,66873.36,25758.17,83648.09,31935.06,78,506.15,162200.72,1,0,21,0.3258,0.3922,0.2016,0,1,0,0,0
C08641,98092.21,58326.83,135735.74,62754.78,61,782.89,330022.01,0,0,44,0.6156,0.4309,0.0986,0,0,0,0,0
C08642,34603.37,12953.41,35829.94,17573.33,74,304.75,119797.02,2,1,29,0.5412,0.3843,0.1552,0,1,0,0,0
C08643,19703.73,7523.15,21480.73,7931.81,68,112.27,34043.86,0,0,24,0.5436,0.2358,0.1623,0,0,0,0,0
C08644,56337.27,32025.47,63246.33,30702.79,70,364.36,43987.05,2,0,21,0.0628,0.1211,0.0603,1,2,0,0,0
C08645,38769.4,22289.32,49918.1,18829.3,66,321.37,93955.88,2,0,47,0.3968,0.1294,0.1521,1,3,0,0,0
C08646,42421.96,21319.06,39539.1,25216.13,78,376.53,121510.9,0,0,9,0.2247,0.3202,0.1979,0,1,0,0,0
C08647,57797.32,36400.59,79104.98,34574.46,74,327.21,117675.72,0,2,5,0.1389,0.3492,0.0904,0,0,0,0,0
C08648,36645.33,19213.56,37083.29,19206.31,75,229.21,49835.9,0,0,24,0.2096,0.3701,0.2093,1,0,0,0,0
C08649,39872.19,24486.8,36267.01,29319.83,77,373.55,51898.3,1,1,18,0.3166,0.4398,0.1665,0,1,0,0,0
C08650,43017.57,21827.26,43541.04,25677.67,69,450.08,71276.11,1,0,48,0.4057,0.3549,0.1626,0,1,0,0,0
C08651,87186.7,58566.37,83075.62,57210.2,71,573.68,76140.32,2,0,22,0.5244,0.4487,0.1764,0,1,0,0,0
C08652,45613.05,27854.92,50188.52,27730.1,53,602.23,73080.21,0,0,55,0.4093,0.2487,0.1978,0,3,0,0,0
C08653,25806.06,10890.66,21979.35,9140.23,77,149.43,75270.11,0,1,4,0.1851,0.1766,0.1975,0,0,0,0,0
C08654,26272.35,17308.78,28032.52,13904.81,81,217.15,53393.63,1,1,24,0.2956,0.28,0.119,0,0,0,0,0
C08655,47909.6,33669.49,54122.34,38438.56,60,535.0,49926.55,0,0,16,0.4154,0.121,0.2007,0,1,0,0,0
C08656,27069.83,10276.88,33240.13,11868.62,83,153.07,67937.08,0,1,9,0.053,0.2964,0.1549,0,2,0,0,0
C08657,22278.59,13912.58,25212.07,15204.58,56,267.72,30160.66,1,1,42,0.1245,0.2459,0.1301,0,0,0,0,0
C08658,59898.63,42270.07,73109.45,45333.25,69,702.8,48972.99,0,1,19,0.3855,0.2155,0.2234,0,2,1,0,0
C08659,61233.03,24590.81,59844.26,23736.52,64,381.22,22356.31,0,0,12,0.0749,0.1546,0.1321,0,0,0,0,0
C08660,38129.99,28816.49,41840.14,35334.09,75,585.5,116685.23,1,0,59,0.6331,0.253,0.132,0,0,0,0,0
C08661,51357.41,27561.44,40186.8,23039.09,85,308.89,105545.06,1,0,46,0.2252,0.3725,0.0437,0,0,0,0,0
C08662,48975.36,33402.56,50754.21,33194.82,76,448.84,14608.58,0,1,48,0.2642,0.2622,0.2206,0,1,0,0,0
C08663,59012.61,44529.29,64702.03,47614.47,77,802.9,108125.86,0,0,59,0.3602,0.1982,0.1954,0,2,0,0,0
C08664,59074.53,46984.15,65411.34,49331.03,78,798.94,67391.35,1,0,55,0.1306,0.4119,0.2233,0,0,0,0,0
C08665,13930.18,8535.94,11995.43,8960.64,66,107.23,14791.59,0,0,32,0.4869,0.3067,0.2495,0,1,0,0,0
C08666,40384.17,26933.14,40512.6,26601.6,74,388.77,131214.08,1,1,38,0.3539,0.351,0.0838,0,0,0,0,0
C08667,56810.4,26318.26,57941.42,29342.46,55,673.01,190737.42,1,1,13,0.4739,0.1136,0.2115,0,0,0,0,0
C08668,37410.71,17976.63,37355.0,16253.62,85,230.8,98702.37,0,0,55,0.1093,0.3355,0.181,0,0,0,0,0
C08669,45739.11,33519.73,52005.4,34616.48,70,611.44,46611.81,1,1,37,0.2882,0.228,0.12,0,1,0,0,0
C08670,63084.65,33385.01,64597.46,36784.55,68,578.83,33241.46,1,0,40,0.3865,0.3589,0.2412,1,1,0,0,0
C08671,46668.94,33606.08,49558.64,33945.38,72,352.12,17735.99,1,0,22,0.6157,0.312,0.0887,0,0,0,0,0
C08672,88697.01,33063.46,87920.53,34735.62,80,308.37,31890.1,1,1,30,0.052,0.2836,0.0529,0,0,0,0,0
C08673,74724.37,33492.51,88008.79,36033.31,93,341.34,254802.46,1,3,4,0.5411,0.1456,0.0659,1,1,0,1,0
C08674,42662.0,18197.15,50627.34,15261.98,63,259.16,33093.71,1,1,33,0.405,0.336,0.1796,0,1,0,0,0
C08675,41163.08,24170.15,41698.16,20542.79,80,322.34,107543.26,0,1,32,0.2175,0.1044,0.2074,1,1,0,0,0
C08676,12478.62,5000.0,17371.12,5330.36,66,100.0,15412.86,1,0,49,0.6167,0.2508,0.1557,0,1,0,0,0
C08677,38851.1,19609.77,37220.24,19158.63,69,298.79,105814.46,2,0,38,0.137,0.3213,0.1326,0,1,0,0,0
C08678,24475.96,19429.27,28658.01,19123.01,72,270.95,70837.72,2,1,59,0.5519,0.1811,0.1359,0,3,1,1,0
C08679,49710.48,35165.08,46523.04,39324.44,64,517.12,53107.43,2,1,8,0.3094,0.107,0.0361,0,0,0,0,0
C08680,48204.59,33370.41,55086.42,31079.18,58,475.94,63416.22,1,3,6,0.326,0.1911,0.21,0,1,0,1,0
C08681,61546.78,25283.52,69757.15,19225.87,67,265.12,112887.4,1,0,25,0.2249,0.231,0.1167,0,1,0,0,0
C08682,84365.98,43368.47,78341.52,54160.42,82,765.34,31305.82,0,1,3,0.4495,0.2804,0.0659,0,1,0,0,0
C08683,44471.18,29184.86,45997.77,34881.19,66,581.95,12437.46,3,0,35,0.3625,0.2429,0.0257,0,0,0,0,0
C08684,125568.3,45170.85,159990.18,53918.66,75,707.89,363021.15,0,0,6,0.3929,0.3379,0.0891,0,0,0,0,0
C08685,49962.15,27243.83,47578.14,24942.01,78,414.04,85173.85,2,0,22,0.4876,0.2967,0.0539,0,1,0,0,0
C08686,24954.77,19161.91,27405.93,19941.98,67,261.65,46028.5,1,3,43,0.0781,0.1816,0.2196,1,2,0,0,0
C08687,34943.42,13524.95,38097.34,12142.56,78,177.45,77037.68,1,1,45,0.1382,0.1107,0.2374,0,0,0,0,0
C08688,38050.97,28835.66,39760.45,30069.96,66,349.17,48911.14,1,0,33,0.3482,0.2415,0.1029,0,0,0,0,0
C08689,58739.93,25700.76,49474.55,25912.5,61,412.48,159528.71,0,0,4,0.3204,0.2087,0.0914,0,0,0,0,0
C08690,29382.52,12784.28,33773.3,11769.64,68,201.97,8078.59,1,1,50,0.32,0.2219,0.2345,0,1,0,0,0
C08691,39353.04,17234.52,41375.55,19137.11,74,255.22,24417.5,0,0,30,0.1727,0.2745,0.0781,0,1,0,0,0
C08692,41854.29,32188.68,49491.09,32798.68,65,530.58,136526.19,2,1,26,0.5392,0.3661,0.0948,0,1,0,0,0
C08693,36781.98,22866.82,39644.02,28737.28,67,423.2,113727.09,0,1,57,0.0794,0.1194,0.0625,0,0,0,0,0
C08694,64832.01,44595.02,68575.17,47283.82,62,637.14,29360.58,0,1,20,0.3817,0.4265,0.1051,0,1,0,0,0
C08695,60054.78,30921.21,65742.26,23013.19,63,446.63,121846.17,2,1,51,0.5478,0.4027,0.0443,0,0,0,0,0
C08696,76067.24,56515.14,70856.35,47051.39,57,906.6,199259.62,0,2,57,0.4342,0.3597,0.1242,0,0,0,0,0
C08697,38772.11,23723.56,47960.04,30875.65,80,442.27,40659.99,3,0,51,0.6395,0.1496,0.1939,1,0,0,0,0
C08698,77308.19,47925.34,77690.89,48256.77,84,729.29,19532.18,0,1,51,0.2784,0.4333,0.1852,0,1,0,0,0
C08699,24358.08,16771.62,24516.23,18093.24,79,255.47,57900.32,0,0,10,0.0519,0.2228,0.0223,0,0,0,0,0
C08700,24092.23,16819.73,29032.96,17680.36,79,165.39,66414.44,1,0,13,0.4912,0.3696,0.2317,0,0,0,0,0
C08701,26061.31,17118.07,28137.9,20883.34,82,274.45,68188.08,1,1,10,0.2871,0.1527,0.1746,1,0,0,0,0
C08702,45186.92,18233.35,46164.14,14972.7,78,192.54,34312.5,0,0,59,0.4302,0.363,0.0533,0,0,0,0,0
C08703,77302.99,57206.3,85006.88,69191.6,74,778.79,160052.93,0,2,44,0.1337,0.2525,0.0308,0,0,0,0,0
C08704,34318.98,16040.85,38612.91,19268.98,86,236.6,32645.67,2,2,47,0.5253,0.3648,0.0283,1,0,0,1,0
C08705,36312.08,28987.47,37612.02,30458.27,65,517.24,80896.08,0,2,46,0.2236,0.102,0.0303,0,1,0,0,0
C08706,40831.52,21374.43,47392.32,23503.2,70,347.68,73131.29,0,0,10,0.1487,0.1754,0.1052,0,0,0,0,0
C08707,58232.01,23525.66,52265.18,23655.72,70,267.63,121190.7,0,0,15,0.5515,0.3414,0.2153,0,0,0,0,0
C08708,36296.86,17866.73,39252.04,15146.87,79,207.27,44949.15,0,3,10,0.3045,0.2621,0.0677,0,0,0,0,0
C08709,35396.92,21524.53,40566.02,24099.6,70,246.12,68636.2,1,2,19,0.1156,0.128,0.1673,1,0,1,0,1
C08710,24562.84,12923.76,27623.75,13952.35,61,181.99,46687.83,0,0,59,0.074,0.443,0.089,0,2,0,0,0
C08711,34792.02,25151.38,27175.14,27215.89,71,451.91,26669.7,2,0,47,0.5088,0.1592,0.1626,0,1,0,1,0
C08712,76441.08,50221.24,79101.91,55638.87,81,682.71,20094.89,1,1,6,0.5521,0.1664,0.1284,0,0,0,1,0
C08713,46879.44,20910.7,42393.81,20439.79,75,287.34,111351.92,2,2,24,0.3736,0.3258,0.129,0,0,0,0,0
C08714,32256.77,19111.62,38846.59,23491.85,68,312.14,32402.74,1,1,34,0.5132,0.1677,0.1892,0,0,0,0,0
C08715,78486.55,55285.09,78731.36,58103.3,73,827.5,153200.05,0,1,43,0.4446,0.2545,0.1344,0,0,0,0,0
C08716,34581.42,25972.55,41185.24,28959.53,69,303.33,8960.69,0,0,16,0.1239,0.4166,0.0847,0,2,0,0,0
C08717,85254.64,44991.0,77066.33,45771.37,75,435.94,92256.19,4,0,29,0.5768,0.2322,0.0275,1,0,1,1,0
C08718,84629.73,64827.15,92828.42,76238.45,77,1230.04,28228.27,1,1,32,0.3826,0.4063,0.2459,0,0,0,0,0
C08719,46148.65,16899.0,48500.06,17954.84,71,220.46,54073.98,2,1,56,0.216,0.4307,0.1491,0,1,0,0,0
C08720,22927.0,15005.97,31677.97,15603.0,63,292.78,59814.76,1,0,33,0.3359,0.264,0.2123,0,1,1,0,0
C08721,126082.67,88496.56,150208.75,105743.02,67,1593.69,286156.85,2,1,46,0.4597,0.351,0.0266,1,0,0,1,0
C08722,53567.19,28996.65,63405.67,24451.58,66,276.06,39790.37,1,1,34,0.5925,0.2584,0.0913,0,0,0,0,0
C08723,38896.85,13805.99,50306.74,14032.38,69,150.01,23345.53,1,0,40,0.5241,0.2464,0.0221,1,2,0,0,0
C08724,69194.41,45610.59,75010.34,44537.94,61,538.27,40793.02,1,1,16,0.6179,0.1388,0.1986,1,0,0,0,0
C08725,61725.6,31119.2,64074.83,34071.34,81,421.24,185386.58,1,0,4,0.5952,0.2016,0.1241,0,0,0,0,0
C08726,81173.17,33956.02,83151.94,36940.63,70,475.05,92498.98,1,0,29,0.2835,0.2768,0.1762,1,2,0,0,1
C08727,33401.67,14052.05,36385.71,14734.76,63,300.96,116386.2,0,0,56,0.1864,0.1611,0.1531,0,0,0,0,0
C08728,51934.1,36152.56,37267.14,34862.63,79,337.37,105467.42,0,2,39,0.1564,0.1582,0.2252,0,0,0,0,0
C08729,26390.94,11462.25,27717.86,12002.31,67,168.04,92265.33,0,1,35,0.293,0.2303,0.1231,0,0,0,0,0
C08730,60734.56,34487.77,65424.18,37550.43,70,379.99,60397.8,2,0,8,0.3508,0.1834,0.1084,0,0,0,0,0
C08731,44537.75,35036.74,45931.69,36038.37,61,631.15,148367.2,0,0,12,0.3111,0.1988,0.0964,1,0,0,0,0
C08732,51065.88,35310.45,44237.92,41768.93,67,471.74,165710.31,2,1,30,0.5266,0.1503,0.2314,0,1,0,1,0
C08733,42131.9,25120.6,43480.94,28221.53,72,434.47,32168.94,4,2,38,0.5658,0.2005,0.1823,0,3,0,1,0
C08734,40193.99,23622.97,34806.23,24858.07,72,390.57,138841.14,2,1,23,0.2677,0.3965,0.2372,0,2,0,0,0
C08735,30446.12,12948.65,38448.91,9950.75,58,221.6,41258.98,0,0,45,0.282,0.334,0.0307,0,0,0,0,0
C08736,64222.66,35379.66,65450.47,36221.8,72,418.91,44112.67,4,2,3,0.1339,0.1802,0.1636,0,0,0,1,0
C08737,87972.94,36526.79,70596.13,41114.98,67,671.28,123469.09,0,1,57,0.2489,0.1862,0.0703,0,0,0,0,0
C08738,35028.49,13577.46,35911.86,13801.17,69,176.71,16439.4,0,0,13,0.0955,0.2301,0.2426,0,1,0,0,0
C08739,57728.77,23040.23,66818.04,25030.69,65,339.9,125349.48,0,0,21,0.0797,0.2056,0.1902,0,1,0,0,0
C08740,54660.71,34052.26,58548.69,34837.19,52,813.3,119101.57,0,0,19,0.4258,0.1868,0.1436,0,1,0,0,0
C08741,45164.28,19741.25,42469.66,21279.08,84,312.66,58521.5,0,0,23,0.2916,0.4495,0.1745,0,1,0,0,0
C08742,22639.46,9445.31,21928.81,11505.53,57,173.87,27993.29,2,0,50,0.2563,0.2165,0.0206,0,0,0,0,0
C08743,25051.75,18543.53,25442.01,21221.39,73,307.85,7981.12,1,0,46,0.36,0.2018,0.1626,0,1,0,0,0
C08744,31665.27,12821.45,31577.89,11469.18,74,177.33,75911.25,0,1,17,0.3908,0.1886,0.1621,0,0,0,0,0
C08745,17186.26,11472.45,15447.91,9763.48,78,113.11,17647.61,0,2,57,0.5023,0.1602,0.165,0,0,0,1,0
C08746,84798.37,45591.85,88350.43,50292.69,66,603.81,149401.37,0,1,15,0.168,0.1824,0.0806,0,2,0,0,0
C08747,53097.45,32420.55,47254.18,38585.08,74,620.41,99326.99,0,0,59,0.6116,0.294,0.1045,0,1,0,0,0
C08748,44397.36,16005.69,51673.44,13616.39,73,189.1,124276.26,0,3,20,0.1451,0.3575,0.0448,0,0,0,0,0
C08749,16794.58,5878.25,19792.96,6024.17,76,100.0,38451.72,0,0,34,0.3638,0.4251,0.1355,0,2,0,0,0
C08750,19804.73,14215.08,18410.82,18974.09,70,194.23,67399.54,2,2,41,0.6137,0.2205,0.1612,0,1,0,1,0
C08751,44952.61,25350.96,43334.44,25801.28,79,396.72,102752.22,0,1,19,0.3688,0.2018,0.1264,0,0,0,0,0
C08752,109222.05,41732.45,109139.04,56468.3,62,880.63,150598.74,0,1,27,0.5841,0.2794,0.211,0,1,1,0,1
C08753,32860.54,16579.96,34379.29,15770.32,59,276.06,100892.46,0,1,14,0.6484,0.1276,0.1708,0,0,0,0,0
C08754,66378.39,38357.38,71743.21,37297.64,79,368.48,126280.49,0,0,44,0.313,0.2049,0.1802,0,0,0,0,0
C08755,36259.68,14901.72,40087.48,14389.78,69,156.33,29706.64,1,1,3,0.3292,0.4265,0.1735,0,0,0,0,0
C08756,46132.61,27488.21,50873.51,24643.11,56,402.03,95254.25,0,0,47,0.2448,0.3907,0.0343,1,0,0,0,0
C08757,77732.25,45701.73,96113.12,38711.33,70,463.14,47040.44,1,0,53,0.0915,0.217,0.061,1,0,0,0,0
C08758,38512.55,23926.92,40717.15,24488.03,69,255.74,51585.54,2,2,11,0.5311,0.2923,0.2343,0,0,0,1,0
C08759,32987.06,23573.14,29480.61,25161.59,81,250.27,9918.59,1,2,58,0.4759,0.336,0.1183,0,0,0,0,0
C08760,85182.35,45636.48,72992.6,43992.95,74,649.35,39040.91,1,1,9,0.4703,0.2242,0.1165,0,0,0,0,0
C08761,45932.07,34442.25,57244.88,34196.12,71,409.65,42307.2,0,0,47,0.0818,0.1137,0.1122,0,1,0,0,0
C08762,73530.83,41442.21,81704.42,50705.75,71,913.77,165629.08,4,1,33,0.5766,0.314,0.0735,0,0,0,1,0
C08763,33059.22,18371.57,35531.2,21432.44,70,379.82,60422.74,0,0,48,0.514,0.3816,0.2053,0,1,0,0,0
C08764,84746.62,54666.53,93550.22,55702.95,79,639.83,138038.08,2,1,56,0.0769,0.406,0.1808,0,0,0,0,0
C08765,50896.53,31957.15,54420.21,35203.51,70,590.81,106121.85,0,1,39,0.6056,0.1426,0.1614,0,0,0,0,0
C08766,54724.8,19435.28,60305.78,16590.52,65,206.19,46244.94,1,1,19,0.1508,0.1932,0.0274,0,0,0,0,0
C08767,47746.02,37819.32,47998.57,40933.94,68,589.42,117051.01,3,0,54,0.3978,0.1575,0.1677,0,2,1,0,0
C08768,35844.81,27751.49,42175.85,28931.23,68,407.36,71539.9,2,0,44,0.1807,0.1402,0.205,0,1,1,0,0
C08769,44965.94,21429.81,44382.11,21539.1,66,399.38,29686.63,0,0,22,0.3594,0.1006,0.0687,0,0,0,0,0
C08770,36873.64,22174.42,34720.42,23370.45,63,349.83,74798.71,0,1,52,0.1434,0.3388,0.1291,0,0,0,0,0
C08771,69300.92,48283.22,58704.72,49950.88,70,569.13,39646.22,0,0,32,0.2109,0.3923,0.2112,0,0,0,0,0
C08772,41070.36,31386.4,41952.27,28008.07,80,391.85,99601.35,1,1,21,0.2231,0.2179,0.0242,0,0,0,0,0
C08773,22948.08,14082.27,27585.89,17624.99,75,254.8,21697.36,1,1,10,0.3884,0.4165,0.1529,0,0,0,0,0
C08774,21134.82,7577.32,21031.64,8820.74,67,117.59,7636.11,1,0,55,0.2489,0.434,0.0606,0,0,1,0,0
C08775,20689.77,13578.8,18301.64,13625.84,71,219.75,16942.68,0,1,46,0.5853,0.284,0.2441,0,0,0,0,0
C08776,59427.04,23288.57,64429.57,19532.87,63,336.13,106595.09,0,1,42,0.3695,0.1031,0.1285,1,1,0,0,0
C08777,26802.24,17475.87,26048.35,13198.59,69,151.64,68300.28,0,1,54,0.1316,0.1581,0.0929,0,0,0,0,0
C08778,51506.14,31642.41,63650.88,40836.57,64,524.02,73315.69,0,1,28,0.0508,0.316,0.203,0,0,0,0,0
C08779,47852.39,30544.24,56415.66,31434.93,73,472.54,67284.71,1,2,7,0.4745,0.2821,0.2104,0,3,0,1,0
C08780,43708.55,19020.47,39228.1,21712.97,64,359.66,72114.33,1,0,40,0.3815,0.2762,0.2334,1,1,0,0,0
C08781,54813.96,31360.4,56410.83,29358.12,75,282.19,167689.98,2,1,17,0.33,0.3101,0.1424,0,0,1,0,0
C08782,48322.59,30350.48,46359.12,30748.54,62,423.26,137330.82,2,0,30,0.4914,0.333,0.0664,0,0,0,0,0
C08783,13293.62,6449.16,12107.02,6573.24,75,100.0,43312.45,2,1,45,0.3954,0.203,0.2377,0,1,1,0,0
C08784,38901.43,16794.93,40585.39,18121.32,58,401.3,108631.16,3,1,19,0.5381,0.315,0.1711,0,0,0,1,0
C08785,54486.82,24530.31,62561.11,26021.37,73,352.85,90958.46,2,1,11,0.3832,0.4376,0.0313,1,0,0,0,0
C08786,94140.63,69297.63,97924.63,65093.21,57,1146.68,196507.02,1,1,6,0.2131,0.1582,0.0337,0,1,0,1,0
C08787,96117.21,53733.81,94969.75,50406.48,78,509.16,194219.81,1,2,21,0.0714,0.1,0.2337,1,1,0,0,0
C08788,24367.37,15777.46,19134.51,16411.94,83,194.0,84361.72,1,0,44,0.2296,0.1138,0.0916,0,1,1,0,0
C08789,38447.21,22364.74,37297.72,18774.81,53,452.79,101257.97,1,1,5,0.5636,0.1537,0.1051,0,1,0,0,0
C08790,22240.41,16132.24,24825.11,15345.49,65,287.77,43602.92,1,1,57,0.5816,0.4386,0.1115,0,0,0,1,0
C08791,89175.9,51617.03,79274.44,53243.14,76,692.86,207834.75,2,0,24,0.3235,0.328,0.062,0,0,0,0,0
C08792,70983.52,27825.28,85457.59,30543.81,71,528.45,238636.89,0,1,17,0.1665,0.17,0.2411,0,0,0,0,0
C08793,52690.07,23135.85,51634.36,28466.63,79,343.41,43727.69,4,0,58,0.3425,0.4012,0.1733,0,1,0,0,0
C08794,48492.31,17261.78,52044.19,17137.91,61,299.91,160568.76,1,0,14,0.5374,0.1059,0.2323,1,0,0,0,0
C08795,83759.24,60657.26,83935.41,63953.0,62,958.69,114258.83,2,0,27,0.3604,0.1765,0.0414,0,0,0,0,0
C08796,77614.85,50331.12,70539.64,41569.3,74,622.65,104770.86,1,2,59,0.3047,0.1701,0.031,0,0,0,0,0
C08797,75776.07,52409.83,83568.55,57136.02,71,902.23,71332.51,0,1,26,0.107,0.1917,0.215,0,0,0,0,0
C08798,55266.58,37125.83,54063.9,34930.84,71,375.04,75650.01,1,1,34,0.0942,0.3868,0.0585,0,1,0,0,0
C08799,38455.81,27727.25,36534.41,28088.03,74,470.34,71908.14,0,2,59,0.2888,0.2805,0.1107,1,1,0,0,0
C08800,63552.65,50469.46,48609.01,55875.03,72,659.93,48542.74,0,0,5,0.3919,0.3046,0.2187,0,3,0,0,0
C08801,64967.12,41842.86,78371.3,46534.37,83,648.78,49162.06,0,1,38,0.3375,0.3374,0.0479,0,1,1,0,0
C08802,41300.54,19143.61,43396.04,16761.19,74,286.59,47509.36,2,1,35,0.1989,0.3754,0.1984,0,0,0,0,0
C08803,38420.86,15200.27,45443.74,17423.07,80,190.77,8671.64,1,1,8,0.1676,0.2378,0.0355,0,0,0,0,0
C08804,74937.43,46115.49,84261.37,48206.14,67,924.61,174820.21,1,0,6,0.2985,0.1515,0.0699,1,0,0,0,0
C08805,95155.72,66308.38,112547.51,79706.75,68,1365.06,82228.8,1,0,57,0.303,0.3358,0.152,0,1,0,0,0
C08806,32118.57,19358.1,31550.16,23721.33,66,409.76,98965.49,0,3,60,0.5424,0.3473,0.167,0,0,0,0,0
C08807,39970.55,19449.66,35386.14,24170.78,78,236.62,57913.54,0,1,41,0.2602,0.3862,0.1116,0,0,0,0,0
C08808,52698.26,35512.34,60156.28,31217.82,71,430.03,89634.51,1,1,4,0.1744,0.1293,0.238,0,0,0,0,0
C08809,56015.7,30897.57,59691.67,33934.0,67,498.41,182747.69,4,0,42,0.3795,0.3666,0.2202,0,2,0,1,0
C08810,35573.38,17038.41,35361.22,14665.16,71,255.51,10085.88,0,1,41,0.4084,0.2819,0.0797,0,0,1,0,0
C08811,105030.08,76513.15,119642.45,92288.18,65,1411.6,266188.17,1,0,45,0.6377,0.1789,0.2363,0,1,0,0,0
C08812,54413.12,33161.18,59145.74,40564.49,69,547.58,101708.82,1,0,24,0.4524,0.1659,0.1231,0,1,0,0,0
C08813,57156.04,27294.96,64396.14,31863.21,64,475.27,131495.04,1,0,19,0.4119,0.2511,0.0557,0,1,0,0,0
C08814,99301.47,49439.41,92083.51,49392.35,69,914.99,337742.49,1,0,54,0.397,0.1744,0.0226,0,1,0,0,0
C08815,36766.41,22326.38,42917.95,24900.83,78,341.05,23064.82,3,0,60,0.191,0.3332,0.2131,0,1,0,0,0
C08816,43244.42,23365.63,45382.61,22985.49,61,376.37,105006.8,0,0,11,0.2452,0.2592,0.1988,0,1,0,0,0
C08817,25601.92,10809.99,30214.99,11368.35,89,147.96,64633.88,0,2,48,0.1443,0.231,0.168,0,1,1,0,0
C08818,41641.81,26014.12,48562.28,27026.98,67,350.35,70609.08,0,2,32,0.6403,0.103,0.0731,0,0,0,0,0
C08819,23026.49,15199.77,26074.17,12314.84,73,204.67,18246.53,1,2,11,0.6417,0.2557,0.0763,0,1,0,1,0
C08820,63003.78,22054.41,65313.8,21014.75,62,363.99,48373.72,1,1,59,0.5719,0.3622,0.0529,0,0,0,0,0
C08821,54361.76,32159.94,61708.66,42531.62,77,474.25,86268.11,4,0,32,0.5474,0.4035,0.1864,1,1,0,0,0
C08822,39725.02,24221.25,47006.39,25180.34,65,293.85,96455.22,0,0,14,0.5562,0.267,0.0812,0,0,0,0,0
C08823,43011.68,21481.28,48293.86,22968.37,62,371.01,86660.0,1,0,6,0.0917,0.2195,0.1392,0,0,0,0,0
C08824,63391.03,31849.5,68101.72,33408.83,70,552.45,34212.07,0,0,4,0.4087,0.293,0.0666,1,0,0,0,0
C08825,26992.37,13305.79,30647.73,13315.6,69,172.99,10136.93,1,1,3,0.3079,0.2254,0.184,0,0,1,0,0
C08826,49330.28,27151.27,48684.81,28626.47,88,415.68,70221.05,5,0,12,0.4788,0.2301,0.0563,0,1,0,0,0
C08827,61648.07,44101.36,75930.62,44152.47,64,704.67,35136.44,1,0,42,0.4458,0.1107,0.1377,0,0,0,0,0
C08828,20178.93,11321.63,17115.38,8786.1,74,143.71,13364.34,0,0,33,0.1157,0.3338,0.1734,0,0,0,0,0
C08829,61245.15,48821.07,64560.24,55868.26,65,665.5,149580.3,0,1,21,0.3897,0.3078,0.2445,0,1,0,0,0
C08830,21185.87,11001.22,21213.09,13680.5,68,206.66,37476.91,1,0,16,0.4974,0.35,0.0661,1,0,0,0,0
C08831,42680.62,28368.44,41532.21,25823.76,76,437.24,99818.46,0,0,23,0.5514,0.2484,0.2391,0,0,0,0,0
C08832,26659.26,15916.5,28968.58,15923.79,56,273.18,35890.37,1,3,14,0.1408,0.1136,0.2447,0,0,0,0,0
C08833,85688.91,59384.98,78400.47,73043.2,65,1311.33,43803.89,0,0,47,0.3019,0.2497,0.2387,0,2,1,0,0
C08834,26734.58,20044.63,34975.03,19191.36,65,331.59,11043.04,0,0,22,0.4403,0.2082,0.199,0,1,0,0,0
C08835,21414.69,12426.03,19010.83,13625.47,69,178.61,5467.81,0,0,26,0.3327,0.1559,0.0908,1,0,0,0,0
C08836,47783.05,27356.54,44717.66,41034.81,71,692.47,145647.31,0,0,49,0.4458,0.349,0.1309,0,1,0,0,0
C08837,37356.1,28921.97,34536.38,32562.45,59,532.9,126372.21,1,0,44,0.1084,0.4114,0.0294,0,0,0,0,0
C08838,22864.61,17609.1,24552.47,18634.99,85,204.05,15884.01,1,0,6,0.3748,0.3882,0.1151,0,0,0,0,0
C08839,57013.0,45533.35,66804.72,52627.68,79,731.49,189412.22,0,1,44,0.0982,0.4245,0.0514,0,0,0,0,0
C08840,18365.76,7721.22,20443.31,8826.98,74,100.0,19645.69,0,1,52,0.3124,0.2756,0.0342,0,3,1,0,0
C08841,28229.12,9925.53,34628.13,9633.01,69,173.74,65724.85,0,0,44,0.3832,0.1827,0.1776,0,0,0,0,0
C08842,34737.31,18994.0,33025.73,15985.86,80,147.88,50471.22,0,0,48,0.2181,0.4019,0.145,0,2,1,0,0
C08843,64564.36,43903.96,72896.17,49228.18,73,835.15,144732.48,2,1,26,0.1135,0.1084,0.1031,0,0,0,0,0
C08844,80610.04,30856.33,81704.37,35153.47,55,654.98,240364.64,1,0,47,0.2148,0.187,0.2116,0,1,0,0,0
C08845,73914.91,38296.84,79633.62,38844.45,61,701.36,224729.18,1,0,30,0.6137,0.4096,0.0283,0,1,0,0,0
C08846,42000.83,25690.09,49688.73,32046.42,73,559.41,128844.23,1,2,59,0.6088,0.3255,0.0732,0,2,0,0,0
C08847,15095.15,6727.1,12784.5,8229.72,66,159.18,16201.35,2,1,27,0.16,0.3997,0.1564,0,1,0,0,0
C08848,53653.48,36431.46,69155.1,41639.05,66,764.38,148279.71,0,0,53,0.1152,0.3591,0.0527,0,1,0,0,0
C08849,87218.87,39535.61,90059.65,40190.53,65,716.18,117962.14,2,0,19,0.0952,0.3899,0.2098,0,1,0,0,0
C08850,78403.47,57101.44,67207.82,45629.12,70,678.86,62339.86,2,0,58,0.2734,0.2179,0.1831,0,1,0,0,0
C08851,55422.72,28083.96,53585.91,28900.57,76,317.69,67498.43,1,1,3,0.0589,0.3778,0.1976,0,1,0,0,0
C08852,26347.84,16319.64,27988.69,13539.7,80,163.17,35533.9,0,1,3,0.3744,0.1101,0.187,0,1,0,0,0
C08853,35526.34,21133.53,34347.96,16212.56,62,273.83,73165.16,3,1,8,0.4302,0.1893,0.2003,0,0,0,1,0
C08854,107434.24,51933.82,86404.3,58563.64,78,635.23,240320.53,1,1,57,0.3491,0.4237,0.1805,0,1,0,0,0
C08855,23786.88,13025.27,25252.53,15508.89,64,257.24,36062.19,1,0,6,0.3412,0.3589,0.0888,0,0,0,0,0
C08856,26846.46,19616.38,25863.61,16005.56,72,230.68,78660.57,1,0,51,0.2873,0.1642,0.2367,0,0,0,0,0
C08857,68772.96,41040.6,77585.31,41829.18,64,739.07,25857.02,1,0,20,0.0593,0.3251,0.0961,0,0,0,0,0
C08858,37063.8,13899.45,34165.17,14565.25,65,241.68,113481.82,1,1,25,0.4892,0.241,0.0766,1,0,0,0,0
C08859,26439.86,17737.56,34937.19,18002.06,82,267.58,68984.73,3,2,34,0.3198,0.4162,0.0844,0,1,0,0,0
C08860,89500.98,38673.7,99492.46,34209.92,57,571.22,125413.63,1,1,38,0.0852,0.2949,0.0344,0,1,0,0,0
C08861,55375.52,31493.62,59452.01,38098.61,74,538.51,123618.51,1,1,40,0.5884,0.1011,0.0236,0,0,0,0,0
C08862,37896.24,21253.82,42624.74,18871.13,62,323.57,61434.54,1,1,3,0.159,0.3863,0.0303,0,0,0,0,0
C08863,26871.43,15287.67,22341.41,12476.21,79,143.51,14979.75,1,0,16,0.2528,0.4095,0.1037,0,1,0,0,0
C08864,113068.68,41152.06,111979.27,36422.3,73,547.4,382239.7,0,1,48,0.5675,0.2957,0.1474,0,1,0,0,0
C08865,44507.56,21033.16,56255.89,23299.71,79,264.91,60774.17,1,0,21,0.259,0.4242,0.167,1,0,0,0,0
C08866,84390.95,31463.56,85368.54,32027.87,77,485.31,251393.31,1,1,36,0.6483,0.2047,0.1873,0,0,0,0,0
C08867,67275.6,36108.87,70132.18,34576.78,85,506.33,186339.73,0,1,57,0.3927,0.372,0.0576,0,0,0,0,0
C08868,35596.84,22411.82,35383.97,24951.48,77,275.93,96343.34,0,0,27,0.3282,0.3886,0.0955,0,1,0,0,0
C08869,35724.58,23018.54,43789.08,25088.26,68,387.81,11315.82,2,0,29,0.2371,0.3543,0.0211,0,0,0,0,0
C08870,86271.92,32701.08,88052.91,25281.9,66,466.05,254601.76,0,2,10,0.3719,0.1172,0.1576,1,1,0,0,0
C08871,86903.24,35065.46,78193.77,38996.59,61,671.54,154449.77,1,2,28,0.2052,0.259,0.1794,0,1,0,0,0
C08872,19337.58,12524.53,26288.62,14926.08,80,177.69,59660.04,0,1,25,0.1083,0.3192,0.0843,0,0,0,0,0
C08873,57631.17,33946.75,51003.43,35142.29,69,568.54,85936.82,1,2,42,0.1069,0.4378,0.2131,0,0,0,0,0
C08874,42611.14,30894.59,44243.76,31568.41,69,430.7,99747.14,0,1,20,0.4402,0.3925,0.0346,0,1,0,0,0
C08875,28266.21,12502.54,26824.2,15969.06,75,210.16,33685.31,1,0,47,0.1691,0.4112,0.0549,0,2,0,0,0
C08876,50625.14,20460.35,48894.16,19740.59,81,315.76,130875.59,1,1,52,0.1837,0.3886,0.1653,0,1,0,0,0
C08877,24516.44,12574.75,22624.26,12953.51,67,179.36,85148.99,1,0,21,0.3105,0.2431,0.2029,0,1,0,0,0
C08878,36479.76,23225.94,35939.89,25309.72,57,552.58,45894.98,1,3,10,0.275,0.3577,0.2118,1,1,0,1,1
C08879,31417.01,17866.39,36697.7,18863.56,71,304.27,40738.3,2,1,28,0.3305,0.3853,0.0459,0,2,0,0,0
C08880,35936.61,14172.21,29531.32,14417.76,61,225.06,95554.06,0,2,10,0.4977,0.3587,0.0575,0,2,0,0,0
C08881,43575.59,16649.42,52347.22,17660.16,71,308.75,78067.33,0,0,19,0.4558,0.2199,0.2125,0,0,0,0,0
C08882,28492.97,18661.82,33639.03,23108.44,62,294.58,32012.43,1,0,55,0.1202,0.2508,0.1968,0,1,0,0,0
C08883,91340.39,44175.47,101487.13,50665.68,84,767.31,310671.04,1,0,39,0.4229,0.1534,0.0446,0,0,0,0,0
C08884,56184.45,36591.08,59844.33,38092.55,60,713.55,23549.17,1,1,37,0.3659,0.1538,0.1465,0,1,0,0,0
C08885,100908.67,48709.8,109303.94,46095.4,61,776.78,311333.86,1,1,58,0.6267,0.1985,0.0888,0,0,0,0,0
C08886,41872.38,20586.87,51118.2,19810.32,61,314.55,15523.84,0,0,42,0.0915,0.4113,0.1013,0,2,0,0,0
C08887,35152.9,15622.53,29546.21,18185.03,68,336.41,81826.68,0,1,14,0.557,0.1472,0.2103,0,0,0,0,0
C08888,99280.53,78696.96,112909.25,67585.06,60,1335.8,135851.66,2,0,55,0.2023,0.1807,0.1376,0,0,0,0,0
C08889,34692.92,12393.41,33321.14,16587.12,56,305.0,84690.68,0,0,60,0.2454,0.4383,0.2317,0,0,1,0,0
C08890,41530.62,16913.91,47722.41,17695.09,61,344.96,99066.95,1,2,47,0.2911,0.3107,0.2099,1,0,0,0,0
C08891,62220.46,45192.62,60750.06,39976.23,62,667.47,71642.0,1,0,45,0.6425,0.3486,0.0794,0,1,0,0,0
C08892,25782.24,10626.74,29258.31,11390.13,70,184.94,35049.31,1,0,9,0.64,0.1314,0.2385,1,0,0,0,0
C08893,61975.87,29519.95,53558.42,28159.53,62,491.52,164765.74,1,0,56,0.3753,0.3118,0.0573,0,1,0,0,0
C08894,58508.3,27396.7,49550.17,27389.07,58,385.76,13917.2,1,0,3,0.3541,0.2336,0.2132,1,0,1,0,1
C08895,79667.27,52870.67,82569.75,45929.14,74,515.45,113982.8,3,0,36,0.2348,0.1495,0.1457,0,0,0,0,0
C08896,67167.03,35937.08,82095.82,36704.98,62,670.86,56634.65,1,0,13,0.3068,0.2398,0.0364,0,0,0,0,0
C08897,80773.81,58824.7,90010.63,46782.31,71,572.03,148626.56,2,0,40,0.6061,0.3013,0.0928,0,2,0,0,0
C08898,42818.6,29388.22,47678.25,28742.15,74,480.09,38424.12,2,1,35,0.2063,0.3505,0.2468,1,1,0,0,1
C08899,30522.4,17977.56,35199.14,17091.68,66,263.99,76108.31,0,1,47,0.2811,0.1272,0.0865,0,0,0,0,0
C08900,116298.01,53738.73,116572.8,53186.39,79,527.27,326558.03,1,0,8,0.4709,0.2166,0.0308,0,0,0,0,0
C08901,22638.44,15996.06,25429.53,15328.96,84,211.64,26848.9,2,1,30,0.4136,0.4141,0.113,0,1,0,0,0
C08902,23682.39,17517.76,23219.14,18465.05,58,365.96,48541.27,1,1,6,0.0771,0.4379,0.2164,0,1,0,0,0
C08903,58030.58,42149.18,58745.41,48748.09,61,871.46,104032.59,0,0,49,0.3493,0.3661,0.0984,0,0,0,0,0
C08904,93494.84,34898.93,96039.58,38154.07,74,642.11,91519.14,1,0,25,0.1494,0.3052,0.1798,0,1,0,0,0
C08905,49006.86,32544.55,48249.05,39245.84,56,804.3,130682.58,0,2,41,0.5932,0.1863,0.0772,0,0,0,0,0
C08906,70551.94,47042.08,73520.34,46579.97,73,742.26,81594.54,1,0,20,0.6064,0.4108,0.228,0,0,0,0,0
C08907,18330.22,14194.63,18686.8,15457.47,69,224.61,39599.44,0,0,44,0.4312,0.4253,0.2406,0,0,0,0,0
C08908,35940.59,16840.51,34685.55,18418.36,86,248.13,109319.96,1,0,56,0.6346,0.443,0.2399,0,0,0,0,0
C08909,19363.42,13629.06,20004.89,16194.03,71,218.13,45825.33,1,0,36,0.3343,0.3373,0.0773,0,0,0,0,0
C08910,63933.75,42202.25,68321.65,40613.19,85,463.25,94496.39,1,2,23,0.591,0.3929,0.1563,0,0,0,1,0
C08911,22430.2,16720.08,20591.29,19138.81,59,343.99,43884.12,2,1,20,0.127,0.4399,0.1043,0,0,0,0,0
C08912,25321.25,16762.38,27855.78,15876.03,73,251.01,79142.38,1,3,8,0.5263,0.3279,0.1082,0,1,0,1,0
C08913,56711.32,41603.68,56187.22,40838.57,81,380.58,130026.4,4,1,55,0.2803,0.313,0.1908,0,1,0,0,0
C08914,72565.05,37139.44,77919.23,37397.98,78,474.97,146006.27,2,1,48,0.2476,0.327,0.1102,1,0,0,0,0
C08915,41893.34,17634.2,40643.42,19474.88,74,186.34,64945.42,0,1,58,0.1839,0.2921,0.1793,0,0,0,0,0
C08916,58162.46,29866.91,68402.51,27464.39,64,429.58,156554.06,0,0,42,0.3583,0.1761,0.2487,0,0,0,0,0
C08917,57321.01,41086.16,66763.72,38468.22,65,568.04,44023.29,0,0,7,0.1246,0.2607,0.0546,0,1,0,0,0
C08918,40842.39,16714.44,37741.36,16256.34,73,164.15,104590.29,0,0,32,0.0754,0.3449,0.141,0,1,0,0,0
C08919,27496.12,17517.1,30603.18,18494.79,65,259.7,56281.59,0,0,20,0.5266,0.3535,0.2185,0,0,0,0,0
C08920,58024.4,46094.6,70995.91,43220.61,71,529.13,28857.22,2,2,48,0.1059,0.2597,0.2469,0,0,0,0,0
C08921,59296.81,44636.07,55514.78,48281.8,81,736.64,175490.65,2,1,8,0.1316,0.431,0.2446,0,0,0,0,0
C08922,67287.43,43873.59,63635.44,44183.35,72,590.85,141419.08,1,0,56,0.35,0.112,0.2333,0,0,1,0,0
C08923,51784.58,36595.31,58941.58,41314.23,81,383.82,114965.04,0,2,15,0.3439,0.359,0.1991,0,0,0,0,0
C08924,26598.04,10703.43,23755.74,11319.45,75,141.89,56056.74,0,2,5,0.2316,0.4479,0.2087,0,0,0,0,0
C08925,61394.21,35269.45,58735.75,44448.54,85,567.54,197488.68,2,0,4,0.2506,0.4127,0.1911,0,2,1,0,0
C08926,44972.04,26504.75,41744.86,28215.3,69,511.08,90107.43,2,0,22,0.2102,0.1263,0.1973,0,0,0,0,0
C08927,36213.45,25429.56,41272.4,22983.06,60,468.7,98691.03,0,0,18,0.3571,0.3965,0.1143,0,0,1,0,0
C08928,39412.24,18806.22,38108.02,19266.37,82,226.39,77747.83,1,2,21,0.1449,0.4147,0.2324,1,2,0,0,0
C08929,32984.8,13125.26,33507.53,13814.82,61,244.55,93683.95,1,0,47,0.642,0.165,0.1423,0,1,0,0,0
C08930,67130.75,44584.97,64459.02,41952.63,68,789.98,187509.81,1,0,7,0.1876,0.2941,0.0356,0,1,0,0,0
C08931,23772.06,13589.71,28236.96,16743.23,82,161.18,82551.67,2,0,7,0.5562,0.2496,0.1094,0,1,0,1,0
C08932,28777.5,20979.73,27248.65,21248.42,67,390.05,62340.14,2,5,6,0.6177,0.3171,0.1854,1,0,0,1,0
C08933,38811.43,21993.28,34196.28,21391.54,61,423.6,53901.43,1,0,50,0.2272,0.4382,0.177,0,0,0,0,0
C08934,93023.33,67983.49,81524.25,72863.68,71,1281.57,296558.64,0,1,54,0.1448,0.3878,0.124,0,1,0,0,0
C08935,72319.13,41838.48,81954.87,39380.68,59,854.43,170105.86,0,1,34,0.4765,0.245,0.1018,0,1,1,0,0
C08936,21504.97,15101.1,24556.61,17607.3,80,175.82,47836.89,1,1,36,0.4397,0.156,0.0215,0,1,0,0,0
C08937,82662.72,55742.39,99180.92,63649.02,68,970.05,219227.11,2,0,35,0.1464,0.1269,0.232,0,0,0,0,0
C08938,82591.07,38796.09,74223.21,41344.03,71,465.45,154094.46,0,1,33,0.5469,0.2501,0.0442,0,1,1,0,0
C08939,26532.19,12980.32,27122.65,14550.77,59,212.66,67662.16,3,0,4,0.5879,0.2162,0.0679,0,0,0,1,0
C08940,14468.97,10918.83,19406.88,10810.08,64,198.74,49853.88,1,0,38,0.1077,0.4146,0.1001,0,2,0,0,0
C08941,43561.02,19774.67,44158.77,17197.51,87,242.65,111715.21,1,0,27,0.5734,0.2865,0.1563,0,1,0,0,0
C08942,74571.13,49505.93,73258.01,50046.88,64,761.92,202333.64,2,0,52,0.3049,0.1135,0.1568,0,1,0,0,0
C08943,92086.69,38243.97,96458.85,37854.58,70,621.15,231214.53,4,0,46,0.4422,0.2511,0.123,0,0,0,0,0
C08944,30410.57,20977.86,33865.03,16900.09,56,248.28,70140.25,2,1,54,0.5192,0.2654,0.1168,0,0,0,0,0
C08945,98993.39,44594.59,110039.86,41163.38,74,540.42,228431.29,0,0,31,0.5635,0.3051,0.1073,0,0,0,0,0
C08946,16512.09,10193.4,16120.23,9198.07,70,100.0,57049.78,2,0,22,0.5394,0.1049,0.1026,0,1,0,0,0
C08947,38131.46,23027.95,37361.04,21267.34,73,340.05,90540.75,1,0,38,0.2613,0.233,0.1656,0,0,0,0,0
C08948,37297.18,16469.74,37835.18,19928.34,78,219.69,13200.21,1,1,7,0.211,0.2269,0.1277,1,0,0,0,0
C08949,75581.7,43167.09,72739.04,47977.31,68,508.36,68037.51,0,0,19,0.3166,0.1842,0.0376,0,0,1,0,0
C08950,80712.91,60184.52,72789.2,70162.92,69,926.35,89547.77,1,0,35,0.5579,0.2398,0.2067,1,1,0,0,0
C08951,69135.14,45369.12,87591.05,50411.93,75,614.84,168850.76,0,1,18,0.3188,0.3911,0.1148,0,0,0,0,0
C08952,24505.93,19523.74,24534.57,23037.25,62,420.51,18068.06,0,1,25,0.5252,0.2508,0.0839,0,1,0,0,0
C08953,66343.19,46642.54,66872.0,49125.39,73,618.98,208821.9,1,0,15,0.5965,0.4395,0.1516,0,0,0,0,0
C08954,56584.29,36188.76,57246.87,44580.23,69,568.93,42834.5,1,1,7,0.4901,0.3654,0.0623,0,1,0,0,0
C08955,21212.85,12800.7,22068.55,11549.21,56,145.37,62898.1,2,0,5,0.2613,0.2028,0.0248,0,0,0,0,0
C08956,17752.14,13701.87,19565.9,14275.58,60,278.13,57237.36,0,2,58,0.3359,0.2244,0.031,0,1,1,0,0
C08957,71790.9,42152.46,71372.86,39075.9,73,398.19,249400.18,0,0,26,0.4018,0.1153,0.1877,0,1,0,0,0
C08958,41496.86,22043.25,49245.26,26429.95,58,412.68,10505.41,2,3,16,0.0788,0.1043,0.2322,0,0,0,0,0
C08959,25237.49,18310.36,28309.85,20148.26,66,258.81,45134.21,1,1,50,0.5996,0.2208,0.1392,0,0,0,0,0
C08960,40975.94,31678.91,42086.07,37774.04,83,579.37,115121.75,0,0,29,0.2605,0.3015,0.2172,0,0,0,0,0
C08961,53010.02,29977.84,51422.47,26427.98,75,374.85,171731.97,1,1,55,0.1201,0.1208,0.2195,1,0,0,0,0
C08962,43353.16,17850.98,51165.01,17453.03,60,208.7,82379.24,2,0,53,0.347,0.2087,0.2218,0,0,0,0,0
C08963,22382.26,13961.33,23066.15,11670.64,66,195.45,22279.25,0,0,33,0.2217,0.2623,0.1225,0,0,0,0,0
C08964,105126.36,71843.04,94705.17,78549.83,59,1637.11,141925.36,0,1,48,0.4279,0.3389,0.1287,0,0,0,0,0
C08965,70708.13,36636.45,82907.25,36586.02,63,639.32,108494.92,1,0,34,0.4901,0.1979,0.0875,0,0,0,0,0
C08966,38696.25,26566.73,37258.32,30303.89,75,409.77,108969.81,0,1,11,0.5689,0.3396,0.1298,0,2,0,1,0
C08967,39404.1,23207.96,45481.01,24456.51,66,332.03,129338.98,0,0,15,0.6128,0.426,0.0449,1,1,0,0,0
C08968,52901.51,25689.51,39585.56,20407.18,77,283.98,90741.2,3,1,37,0.5017,0.1296,0.1467,0,3,0,0,0
C08969,27067.48,17141.41,27223.4,14583.14,75,140.92,91018.89,1,0,37,0.6272,0.4373,0.113,0,2,1,0,0
C08970,52032.41,27318.39,61876.75,28954.48,66,366.28,129291.62,0,2,29,0.1488,0.2786,0.084,0,0,0,0,0
C08971,24725.45,17408.48,25976.94,19251.81,65,370.89,42664.6,0,2,32,0.6026,0.4334,0.1639,1,1,1,0,1
C08972,43594.11,15318.36,48902.84,12010.3,75,180.38,24145.02,0,2,60,0.6275,0.4285,0.2418,0,0,0,0,0
C08973,26597.18,19101.57,25048.38,19865.3,61,246.46,49681.36,0,1,35,0.4037,0.1882,0.2478,1,0,0,0,0
C08974,27208.37,13276.57,29704.05,12319.48,72,188.61,40634.61,1,0,6,0.6492,0.4028,0.2312,1,1,0,0,0
C08975,94371.36,73782.55,99132.42,67641.94,67,1251.65,58974.13,0,0,39,0.5416,0.3095,0.026,0,0,0,0,0
C08976,46215.45,31963.72,49875.72,31049.51,71,482.12,143994.79,2,2,17,0.2951,0.4427,0.1127,0,0,0,0,0
C08977,49402.22,22649.34,63961.73,24117.53,69,368.56,29418.66,1,0,60,0.2645,0.3998,0.2213,0,0,0,0,0
C08978,18202.18,14388.09,21961.86,13887.6,73,189.64,59870.9,0,2,37,0.6003,0.2727,0.1516,0,0,0,0,0
C08979,34398.46,19772.62,39387.58,16048.7,59,286.87,9692.14,1,0,29,0.571,0.1065,0.0223,0,0,0,0,0
C08980,55379.41,32414.44,63495.51,34484.94,69,611.06,45685.26,0,0,32,0.3771,0.2701,0.0989,0,1,0,0,0
C08981,49108.09,37286.95,46205.87,37582.12,56,597.0,125465.02,1,0,32,0.2037,0.1789,0.1577,0,0,0,0,0
C08982,17070.45,13029.56,16958.68,12213.98,58,244.99,57167.11,2,1,47,0.1072,0.129,0.1,0,2,0,0,0
C08983,49396.25,32779.21,42781.61,33207.33,75,480.24,19681.16,0,2,31,0.1126,0.2656,0.1585,0,1,0,0,0
C08984,53070.11,41941.44,47638.38,42287.76,61,539.62,54693.03,0,1,10,0.12,0.4001,0.0789,1,1,0,0,0
C08985,80186.52,39932.22,75665.28,42139.73,84,423.01,174043.83,3,2,31,0.41,0.316,0.2475,0,0,0,1,0
C08986,33508.81,15231.48,35067.14,15539.97,59,324.02,110954.68,2,0,17,0.3037,0.3092,0.0878,0,1,0,0,0
C08987,16407.39,5958.6,14815.85,6374.8,77,100.0,26347.86,2,2,51,0.5936,0.2014,0.0658,0,0,0,1,0
C08988,28734.99,14535.75,30036.68,15177.75,65,220.79,60808.25,2,1,15,0.2328,0.2613,0.1084,0,1,0,0,0
C08989,27466.94,17062.05,28332.6,19593.44,69,255.46,37688.59,0,0,15,0.1504,0.205,0.1518,0,0,0,0,0
C08990,62688.72,30555.77,57290.75,37894.31,70,559.54,38592.94,0,1,58,0.4533,0.2157,0.1929,0,3,1,0,1
C08991,13251.77,8094.57,16340.36,8484.59,70,100.0,3612.97,0,1,58,0.4003,0.3056,0.1815,0,1,0,0,0
C08992,36778.08,13673.12,32771.36,13336.85,61,210.98,88961.58,1,0,52,0.217,0.2728,0.0378,0,0,0,0,0
C08993,85478.98,43537.95,101213.86,38207.99,66,578.83,264616.42,1,0,15,0.5421,0.3432,0.1399,0,0,0,0,0
C08994,45146.29,30997.54,35190.94,34951.64,75,553.88,33506.56,1,0,41,0.3259,0.2364,0.1515,1,0,0,0,0
C08995,67356.88,26737.12,69575.08,25178.36,90,231.53,142833.47,1,2,56,0.0773,0.3206,0.2472,0,3,0,0,0
C08996,21495.71,14438.17,19481.24,19227.39,69,259.95,56879.23,0,2,51,0.3905,0.4306,0.2009,0,1,0,1,0
C08997,21884.25,15176.51,21259.79,20996.71,75,284.46,25953.66,3,1,26,0.0528,0.2782,0.1318,0,0,0,1,0
C08998,85920.43,52062.85,108879.96,53335.09,63,1003.88,125930.46,0,0,13,0.4038,0.421,0.0421,1,0,0,0,0
C08999,47097.0,35263.38,47490.92,29980.92,63,533.54,153054.33,1,2,6,0.2133,0.1629,0.1613,0,0,0,0,0
C09000,47140.66,36748.67,43249.4,41469.19,71,424.63,61690.79,0,1,26,0.0751,0.1871,0.0864,0,0,0,0,0
C09001,27207.53,9947.2,30159.99,12949.82,76,154.98,29570.3,0,1,42,0.4645,0.3625,0.028,1,1,1,0,1
C09002,47087.82,30870.18,47432.04,27552.46,62,369.05,23134.06,0,1,48,0.3538,0.4446,0.0441,0,1,0,0,0
C09003,26869.47,12272.05,28698.89,15680.81,66,183.82,59057.92,1,0,54,0.199,0.408,0.1178,0,0,0,0,0
C09004,76765.41,40968.36,72179.87,33926.7,72,407.71,133911.63,1,0,12,0.3937,0.3777,0.1951,0,0,0,0,0
C09005,153574.58,96816.4,145308.28,84762.36,68,1299.94,516855.67,0,2,43,0.6205,0.4142,0.2167,0,0,1,1,0
C09006,55948.74,37514.89,53457.81,40781.53,63,770.42,120616.92,1,0,10,0.3169,0.2791,0.0626,1,0,0,0,0
C09007,33816.09,24621.02,38746.88,28855.96,75,473.63,33183.52,1,1,9,0.0699,0.3706,0.1198,0,0,0,0,0
C09008,14389.75,9604.07,14717.56,10007.7,61,147.87,5636.33,1,0,29,0.1977,0.3275,0.1661,1,0,1,0,0
C09009,21086.93,14757.26,19488.73,16290.99,60,227.6,66816.08,3,0,23,0.194,0.2396,0.0968,0,0,0,0,0
C09010,90590.59,56128.3,96879.24,66373.37,66,1050.18,241278.45,0,1,18,0.4898,0.1177,0.1918,0,1,0,0,0
C09011,28318.81,11403.32,30004.84,13643.19,67,223.96,61532.44,1,1,7,0.1068,0.3436,0.0346,0,1,0,0,0
C09012,38083.72,13696.57,42609.29,13358.59,72,191.41,64373.98,0,0,49,0.1634,0.401,0.1917,1,2,0,0,1
C09013,60434.44,35559.77,59962.08,33653.25,67,601.73,20330.5,0,1,60,0.5046,0.2825,0.1901,1,1,0,0,0
C09014,87679.92,58920.33,91247.74,69315.6,82,792.46,184595.81,2,1,45,0.3357,0.1406,0.028,0,0,1,0,0
C09015,41134.55,16412.25,45272.74,18127.43,69,236.19,25232.88,2,0,13,0.1901,0.2347,0.0666,0,1,0,0,0
C09016,37508.31,20373.88,34840.63,22831.95,73,325.3,101305.14,1,1,30,0.2455,0.2288,0.1665,0,0,0,0,0
C09017,46473.95,21623.39,53740.0,20988.92,81,283.99,146125.17,2,0,52,0.3805,0.3126,0.1247,0,1,0,0,0
C09018,33927.49,20532.64,35690.81,23131.39,69,301.93,110316.35,0,1,11,0.5623,0.3723,0.0846,0,1,0,0,0
C09019,34759.18,18273.82,31904.71,16787.45,68,210.39,13495.52,3,0,8,0.3779,0.2678,0.0701,0,1,0,0,0
C09020,54163.57,23867.74,49667.42,25769.26,70,471.22,87993.57,3,1,40,0.4668,0.2423,0.1441,0,0,1,1,0
C09021,48913.02,17216.25,50775.25,18307.97,78,263.98,107185.1,1,1,5,0.4991,0.4109,0.0825,0,1,0,1,0
C09022,117434.99,58093.48,115552.84,61825.49,66,1000.31,198351.61,0,3,43,0.4217,0.2908,0.1054,1,0,0,0,0
C09023,54824.9,31923.06,62530.69,36511.8,89,357.27,130441.2,0,0,51,0.6094,0.1964,0.0345,0,1,0,0,0
C09024,75541.18,58026.51,76718.85,53823.98,63,1070.42,141865.94,0,2,38,0.1128,0.3836,0.1283,0,0,0,0,0
C09025,27787.44,12570.04,30187.32,14219.62,70,206.63,15484.51,0,2,28,0.0953,0.1908,0.0811,0,1,0,0,0
C09026,56996.12,33087.09,54041.76,34823.44,70,428.84,40284.36,0,1,53,0.1509,0.4047,0.2064,0,0,0,0,0
C09027,32502.63,19661.6,34038.07,18777.1,72,239.12,75274.2,0,1,33,0.4836,0.3296,0.1278,0,2,0,0,0
C09028,53764.66,34525.11,64940.42,30775.05,69,411.81,152811.53,0,3,29,0.3329,0.1197,0.0874,0,0,0,0,0
C09029,61343.8,30540.31,63320.58,38989.01,71,395.65,15517.8,0,0,41,0.3515,0.3709,0.1003,0,1,0,0,0
C09030,46021.26,18167.67,45268.55,18924.64,74,241.78,61098.08,2,1,22,0.2874,0.2442,0.0609,0,0,0,0,0
C09031,132948.13,101653.51,125814.59,102406.14,68,1289.77,124095.01,1,0,12,0.6193,0.1423,0.0661,0,0,0,0,0
C09032,85563.04,66631.36,89648.46,60818.38,83,711.77,284132.89,2,2,24,0.3966,0.2617,0.0358,1,1,0,0,0
C09033,76433.64,41824.79,93181.61,49379.96,77,664.64,98635.36,0,2,28,0.101,0.2906,0.1733,1,0,0,0,0
C09034,63471.52,38797.52,56259.17,45444.7,67,611.39,106868.93,1,0,36,0.2313,0.3845,0.1371,0,0,0,0,0
C09035,99501.71,36125.28,103880.77,41479.77,62,480.57,260123.05,2,0,11,0.2376,0.3771,0.0577,0,0,0,0,0
C09036,23571.22,8750.74,19902.01,9124.19,62,184.92,13820.65,0,2,6,0.3202,0.2198,0.1403,0,0,0,0,0
C09037,83370.11,32055.84,83432.59,36548.49,76,370.56,95238.52,1,0,17,0.2919,0.3483,0.1632,1,0,1,0,0
C09038,28806.54,19658.62,31155.21,18698.12,86,197.93,91257.61,1,0,51,0.301,0.282,0.2426,0,0,0,0,0
C09039,34907.79,15787.24,30033.09,16988.86,87,221.9,81315.47,0,0,45,0.4633,0.4331,0.0663,0,0,1,0,0
C09040,57933.11,25085.11,57737.46,26175.84,59,544.66,105721.22,0,1,5,0.5264,0.4454,0.0764,1,0,0,0,0
C09041,78383.35,27728.18,85035.15,30003.16,47,694.35,181909.83,0,2,37,0.2766,0.2111,0.1308,0,0,0,0,0
C09042,26777.26,9647.95,28537.5,8031.15,71,100.0,61560.58,0,3,5,0.6018,0.1254,0.143,0,1,0,0,0
C09043,35730.95,19023.97,38970.85,24243.43,67,397.33,36134.57,0,1,11,0.3926,0.1251,0.0767,0,1,0,0,0
C09044,47019.01,27917.77,43871.01,34735.96,82,398.81,156661.47,1,1,56,0.1006,0.2077,0.1991,0,0,0,0,0
C09045,41380.0,25265.66,44889.56,23042.18,69,382.99,54647.92,1,1,29,0.1746,0.2876,0.1862,0,1,0,0,0
C09046,66087.32,36748.52,64633.33,41132.01,70,550.74,103721.7,0,0,29,0.5918,0.3438,0.0208,0,0,0,0,0
C09047,211205.15,117599.57,239862.2,102495.37,88,876.66,119958.91,2,1,9,0.4856,0.4079,0.2347,0,0,0,1,0
C09048,54345.23,37439.19,41993.74,39687.92,67,601.84,104927.3,2,1,30,0.4421,0.1749,0.1072,0,2,0,1,0
C09049,32324.46,15525.65,32817.3,12211.12,77,115.03,70977.97,1,0,32,0.1909,0.3849,0.1777,0,0,0,0,0
C09050,25109.19,11474.22,26662.57,11645.65,74,169.02,46707.25,0,1,41,0.2502,0.1361,0.1225,0,1,0,0,0
C09051,38872.93,28550.07,47111.35,28306.5,71,354.99,105020.02,1,0,26,0.411,0.1201,0.1166,0,1,0,0,0
C09052,29475.22,19458.62,31255.99,23132.58,73,389.54,38657.51,1,0,8,0.4951,0.3714,0.1033,0,0,0,0,0
C09053,55537.58,31355.96,59569.29,39201.76,56,700.41,120362.31,1,0,5,0.5438,0.2113,0.0297,1,1,0,0,0
C09054,55150.85,26137.76,60393.43,32748.49,74,318.82,50342.13,0,1,29,0.6359,0.3114,0.2321,0,1,0,1,0
C09055,36533.76,15032.25,43854.05,17873.21,80,241.98,120815.52,0,0,36,0.1468,0.4244,0.1648,0,0,0,0,0
C09056,109935.33,40328.62,110394.05,42743.91,80,640.44,291916.84,1,1,37,0.2094,0.2183,0.0316,1,1,0,0,0
C09057,32320.81,23709.39,28494.92,25999.62,80,236.25,32897.06,1,1,7,0.5302,0.2573,0.2172,0,1,1,1,0
C09058,42645.36,26313.19,36617.62,28839.58,68,486.43,21341.21,0,0,5,0.5171,0.211,0.1982,1,1,0,0,0
C09059,59996.47,22236.09,67778.22,20198.41,72,324.55,45112.25,0,1,12,0.4606,0.2317,0.0715,0,1,0,0,0
C09060,67227.82,28327.41,72389.9,33639.11,64,582.57,46649.61,0,1,39,0.0774,0.3458,0.093,0,0,0,0,0
C09061,79963.63,38047.01,81502.04,43099.92,71,603.44,202630.3,0,0,31,0.1509,0.3774,0.0368,0,0,0,0,0
C09062,54570.09,25559.66,53460.61,29096.61,76,416.72,12579.2,2,2,16,0.1995,0.4185,0.1158,0,0,0,0,0
C09063,72209.61,43092.96,77387.04,33449.77,74,449.2,76911.04,0,0,3,0.6466,0.1865,0.1384,0,2,0,0,0
C09064,33360.21,17672.56,35867.79,19516.33,53,340.9,50924.83,2,1,8,0.2614,0.269,0.1377,0,0,1,0,0
C09065,68019.84,50810.65,75337.38,59482.85,54,803.92,19946.04,0,2,56,0.4512,0.3809,0.178,0,1,0,0,0
C09066,67612.35,45552.79,61997.82,47747.11,69,690.45,69710.35,0,0,4,0.2215,0.445,0.2193,0,1,0,0,0
C09067,88895.5,67545.44,74519.61,66863.97,76,1029.19,247067.01,1,1,18,0.511,0.2873,0.0515,0,2,1,0,0
C09068,21239.58,15680.51,19973.21,13900.94,77,131.89,63978.31,0,0,27,0.57,0.2689,0.1895,1,2,0,0,0
C09069,29917.1,22875.09,26562.33,20082.09,62,233.97,51934.01,0,0,14,0.4266,0.4076,0.2458,0,1,0,0,0
C09070,65175.0,51553.76,57461.46,55086.22,69,639.96,166523.66,1,0,5,0.5913,0.3833,0.1211,0,2,0,0,0
C09071,13647.39,6690.82,16900.5,6836.87,60,100.0,40756.46,2,0,57,0.4106,0.2933,0.101,0,0,0,0,0
C09072,56152.17,24951.57,43684.13,25454.27,69,368.91,26309.9,2,0,36,0.3387,0.1517,0.0618,0,0,0,0,0
C09073,72499.12,30762.72,80210.46,37944.92,68,668.05,208205.05,0,1,13,0.5584,0.4183,0.0584,1,0,0,0,0
C09074,34719.23,21964.77,40234.02,19752.7,73,194.22,102971.96,0,2,20,0.0619,0.2193,0.0401,0,1,0,0,0
C09075,37079.97,24340.59,43327.79,24547.87,75,382.66,94977.88,1,1,11,0.6107,0.1915,0.231,0,0,0,1,0
C09076,27751.8,10810.07,30062.63,13548.19,90,169.9,43002.63,2,1,9,0.4987,0.3047,0.1485,0,0,0,0,0
C09077,35586.5,25603.85,43002.34,25925.15,64,404.89,67662.34,0,0,50,0.5823,0.1559,0.0448,0,0,0,0,0
C09078,36053.6,25323.32,45572.04,26790.93,63,346.76,25576.14,2,1,35,0.2156,0.4414,0.2083,0,1,0,0,0
C09079,33095.06,20942.99,33549.53,21550.1,67,241.56,88617.32,0,1,4,0.4364,0.3776,0.2003,0,0,0,0,0
C09080,32288.38,17630.28,35636.57,20004.98,64,248.47,83036.47,0,0,47,0.4114,0.1844,0.0383,0,0,0,0,0
C09081,39833.58,16696.08,47923.6,13413.55,65,185.66,89846.23,4,0,3,0.6223,0.3708,0.1329,0,0,0,1,0
C09082,39617.29,22879.64,37500.33,23465.3,77,310.38,116715.76,0,1,14,0.0543,0.4425,0.1718,0,0,0,0,0
C09083,104587.27,44096.73,106742.92,46589.67,43,985.59,49457.23,0,0,45,0.4775,0.1171,0.2295,0,1,0,0,0
C09084,37685.64,23449.53,36739.79,21813.12,73,309.35,73056.13,2,0,16,0.1659,0.1424,0.2079,0,2,0,0,0
C09085,52537.65,25716.35,58070.78,28062.47,69,499.78,65525.31,1,0,53,0.517,0.182,0.1485,0,0,0,0,0
C09086,34711.3,16011.9,28540.6,18323.46,62,229.89,75122.59,0,1,16,0.316,0.443,0.1832,0,0,0,0,0
C09087,34513.29,18929.61,42188.88,20902.69,62,416.93,8109.67,1,1,20,0.1987,0.2384,0.1238,0,0,0,0,0
C09088,20898.88,12775.92,23282.52,16142.55,76,173.45,23869.7,1,0,41,0.3087,0.3516,0.1627,0,0,0,0,0
C09089,22187.91,11434.74,24868.06,11411.83,75,151.47,10784.41,2,2,38,0.2313,0.2681,0.1069,0,1,0,0,0
C09090,26141.22,20484.82,20034.69,22734.65,71,365.09,42939.83,1,1,23,0.5077,0.2631,0.1244,0,1,0,1,0
C09091,48877.93,17237.0,45221.05,19083.51,60,355.63,158665.8,0,0,53,0.4172,0.396,0.2154,0,1,0,0,0
C09092,73035.14,55564.22,89749.69,56771.41,60,1092.75,25621.88,0,1,56,0.162,0.1833,0.0465,0,0,0,0,0
C09093,20139.11,7054.89,20717.32,8367.15,66,143.03,65172.21,0,0,32,0.0616,0.1403,0.1475,0,0,0,0,0
C09094,35148.36,15729.61,29634.01,17060.15,60,201.77,88084.17,0,1,54,0.5243,0.3439,0.0807,0,1,0,0,0
C09095,24326.39,19421.17,26189.66,17593.14,73,240.42,75736.59,2,0,57,0.4625,0.3561,0.1708,0,0,0,0,0
C09096,39954.36,27074.79,45208.32,30867.19,65,440.44,112480.53,2,0,3,0.5739,0.3026,0.0712,0,1,1,0,0
C09097,73021.85,46735.76,81330.21,46271.91,66,881.11,117458.61,0,0,7,0.2517,0.3299,0.2176,0,1,1,0,0
C09098,36802.49,24905.78,37978.38,25186.47,69,464.61,61611.83,1,1,24,0.4883,0.1899,0.1303,1,2,0,1,0
C09099,44048.0,23509.88,52252.71,23983.77,76,269.43,11200.42,0,1,16,0.4606,0.2788,0.1951,0,0,0,0,0
C09100,86618.66,60883.77,83652.71,69300.03,80,976.46,160943.88,0,1,4,0.339,0.413,0.0477,0,0,0,0,0
C09101,55296.96,23207.61,61645.64,27372.88,84,274.47,102891.17,1,0,37,0.3134,0.1544,0.0654,0,1,0,0,0
C09102,31964.35,22606.84,34080.46,23304.52,76,352.37,86435.19,0,0,7,0.1228,0.1396,0.0691,0,1,0,0,0
C09103,48335.89,37353.35,49980.74,38249.05,71,473.79,100502.58,0,2,8,0.0552,0.2945,0.2054,0,2,0,0,0
C09104,31008.63,22821.08,31148.8,18355.97,70,298.51,35309.51,0,0,40,0.5663,0.3367,0.103,0,1,0,0,0
C09105,54373.64,37128.9,54850.43,35822.73,66,388.77,51591.88,2,1,4,0.3321,0.3711,0.0321,0,1,0,1,0
C09106,56744.89,36493.76,59801.76,34172.32,75,511.06,156113.73,1,0,33,0.2132,0.3732,0.2039,0,0,0,0,0
C09107,24323.44,14216.85,24685.22,15458.59,63,233.71,45512.33,1,0,3,0.48,0.3957,0.2293,0,0,0,0,0
C09108,48690.29,25701.2,55408.02,26656.04,82,371.61,25867.77,1,2,41,0.6197,0.38,0.2026,0,1,0,0,0
C09109,42681.03,31564.5,42069.91,29700.29,81,276.82,121062.18,1,0,53,0.2659,0.1606,0.2046,0,0,0,0,0
C09110,57498.99,36877.34,71194.95,39396.96,75,641.28,86601.29,1,0,12,0.4291,0.4056,0.1916,0,0,1,0,0
C09111,65416.12,35697.91,64128.71,37192.99,62,659.44,73132.88,1,0,31,0.1703,0.2729,0.2483,0,0,0,0,0
C09112,55785.55,39225.96,64734.09,29229.19,74,364.38,32107.65,0,0,48,0.059,0.2931,0.0427,0,0,0,0,0
C09113,39260.76,14697.13,45761.79,17385.98,78,201.71,32960.38,0,0,58,0.3443,0.1508,0.1649,0,0,0,0,0
C09114,68488.17,49030.93,73275.73,57430.27,74,680.84,25503.21,1,0,3,0.1631,0.3004,0.1914,0,0,0,0,0
C09115,30379.99,21716.1,32178.83,22181.91,70,333.76,78371.07,2,2,14,0.3968,0.3837,0.0232,0,0,0,1,0
C09116,24839.31,11248.19,23908.43,12286.53,75,118.54,55512.0,1,1,49,0.2889,0.1814,0.1833,0,1,0,0,0
C09117,12000.0,5000.0,11855.42,5054.84,64,100.0,40541.19,1,0,28,0.1308,0.4103,0.0938,0,0,0,0,0
C09118,43601.83,29264.18,46931.87,25093.04,66,445.6,32643.25,1,0,55,0.485,0.1465,0.2255,0,1,0,0,0
C09119,31092.5,13678.9,32478.72,17914.53,64,238.49,37691.95,4,0,3,0.576,0.2553,0.2289,0,1,0,1,0
C09120,53820.37,42959.95,64152.27,48973.13,61,629.4,124320.13,1,1,39,0.288,0.2606,0.0564,1,4,0,0,0
C09121,18534.06,6563.51,18449.72,7632.52,62,157.93,37683.97,1,0,22,0.5373,0.3676,0.111,0,1,0,0,0
C09122,33630.46,15248.26,33721.67,15490.02,75,223.14,67167.11,1,0,40,0.5321,0.3355,0.0335,0,2,0,0,0
C09123,55605.6,20514.47,47277.68,24312.05,61,444.93,28178.96,0,1,49,0.5017,0.2551,0.1068,0,0,0,0,0
C09124,28310.6,19879.56,31912.37,17604.8,75,253.37,7599.39,1,1,29,0.3654,0.3913,0.0475,0,2,0,0,0
C09125,54099.67,33023.14,60396.12,33701.48,80,357.89,139695.86,3,0,45,0.403,0.4038,0.1139,1,0,0,0,0
C09126,35022.91,25629.61,40880.48,29186.42,87,396.2,88785.32,0,0,13,0.6009,0.3437,0.0535,0,0,0,0,0
C09127,44340.51,34726.43,52056.31,33850.73,71,471.46,13045.13,0,1,49,0.1798,0.4305,0.1423,0,1,0,0,0
C09128,58820.1,36736.19,67329.81,42587.73,67,545.41,173073.63,1,0,49,0.4239,0.35,0.1547,0,3,0,0,0
C09129,69090.77,31387.18,79436.0,34100.61,86,418.76,188631.89,1,0,57,0.6338,0.3768,0.1086,0,1,0,0,0
C09130,46912.5,18375.26,52692.5,19756.24,68,357.41,42999.5,0,0,11,0.2209,0.2555,0.201,0,1,0,0,0
C09131,31198.12,23080.91,35618.62,22240.58,72,360.1,64536.17,0,1,37,0.2623,0.3683,0.0903,0,1,0,0,0
C09132,36618.19,16855.39,30355.18,18516.07,66,316.17,39086.17,1,0,37,0.5624,0.2633,0.0851,0,1,0,0,0
C09133,59936.9,45077.54,55023.58,57785.14,71,700.31,176966.08,0,0,55,0.2446,0.1355,0.0711,0,0,0,0,0
C09134,28420.15,21179.53,25533.14,22684.01,81,242.91,22032.7,1,1,26,0.6129,0.1595,0.2195,0,0,0,0,0
C09135,41534.84,26271.37,49942.35,29337.66,51,689.47,122114.78,1,0,17,0.5902,0.3934,0.1732,0,1,0,0,0
C09136,37826.68,23520.56,36164.0,26682.25,74,425.41,89732.33,1,0,18,0.0524,0.1968,0.1522,0,0,0,0,0
C09137,42954.86,33413.38,41892.0,30495.39,58,639.73,34884.82,0,0,34,0.3207,0.163,0.2125,0,2,0,0,0
C09138,28573.66,19721.74,30025.17,20394.07,73,354.58,87327.55,0,0,49,0.2294,0.2525,0.0552,0,0,0,0,0
C09139,19556.11,12857.69,17615.33,13249.04,86,141.62,57433.69,1,0,40,0.1958,0.3226,0.0484,0,0,0,0,0
C09140,56883.01,31062.86,62324.74,24695.31,56,467.42,130664.59,1,1,4,0.2126,0.3377,0.042,0,1,0,0,0
C09141,69444.07,39430.29,55163.11,45134.94,65,721.18,128244.1,0,0,31,0.3051,0.4218,0.1399,1,0,0,0,0
C09142,20089.23,10547.14,18255.11,9895.12,71,122.94,45717.73,1,0,19,0.2089,0.1141,0.1694,1,2,1,0,1
C09143,53126.68,41218.04,57050.51,46640.52,75,639.07,128080.45,2,0,39,0.2321,0.2884,0.2048,0,0,0,0,0
C09144,73265.86,46681.61,66012.81,44769.38,64,902.77,39494.17,2,2,45,0.5332,0.1805,0.104,0,1,0,0,0
C09145,58840.03,41256.49,70954.82,53429.37,56,1203.47,89626.13,1,1,32,0.4855,0.2095,0.2281,0,1,0,0,0
C09146,37306.25,13681.69,39378.75,13908.44,70,200.99,122675.21,2,2,58,0.065,0.119,0.1901,0,0,0,0,0
C09147,29432.19,21591.22,34902.12,27648.4,75,312.2,80967.91,0,2,58,0.3056,0.3326,0.0935,0,0,0,0,0
C09148,46670.05,25105.56,51008.03,25840.52,77,403.06,21186.86,0,0,4,0.2792,0.4367,0.2157,0,1,0,0,0
C09149,50308.08,34296.14,52751.47,35790.89,68,639.04,152423.2,2,0,47,0.2913,0.1419,0.0627,0,1,0,0,0
C09150,46982.53,17290.11,43713.14,21404.99,64,347.08,19113.29,1,0,18,0.1683,0.1318,0.1298,0,0,0,0,0
C09151,41496.2,31215.22,48197.74,29338.94,75,383.66,102026.59,2,1,38,0.5853,0.3615,0.1389,0,0,0,0,0
C09152,27645.67,17884.83,30491.81,18886.29,70,218.31,36266.13,1,0,5,0.6124,0.4315,0.0773,0,1,0,0,0
C09153,54427.65,30254.99,70764.53,33726.58,73,414.84,59622.63,1,0,23,0.5375,0.2427,0.2146,0,0,0,0,0
C09154,55620.23,27064.87,63930.34,29729.53,71,296.76,99334.58,0,0,13,0.3856,0.25,0.0399,0,0,1,0,0
C09155,49256.06,24133.54,49369.92,25464.82,71,345.43,22708.43,3,1,16,0.4765,0.4196,0.2048,1,0,0,0,0
C09156,47304.7,23015.12,51312.85,23905.36,72,257.94,160389.55,0,0,10,0.1566,0.2217,0.1062,0,0,0,0,0
C09157,95805.95,39180.96,105449.44,45119.74,70,651.3,321495.56,2,0,34,0.1848,0.4306,0.0485,0,0,0,0,0
C09158,33977.28,18983.59,40417.84,20335.5,79,218.52,25895.58,0,1,37,0.2888,0.2144,0.1134,0,1,0,0,0
C09159,80102.6,44382.35,96813.95,51748.29,85,750.06,269681.4,2,0,25,0.3469,0.1224,0.0644,0,0,0,0,0
C09160,32341.51,17314.72,33329.96,18994.72,59,249.17,108643.52,0,1,6,0.4804,0.3508,0.1985,0,0,0,0,0
C09161,74120.36,49393.24,67014.99,55716.8,55,976.33,44695.29,0,0,58,0.1387,0.4093,0.0391,0,2,0,0,0
C09162,78388.55,42244.9,64869.61,50103.61,61,643.38,19187.58,2,0,24,0.4781,0.1455,0.1776,0,1,0,0,0
C09163,39440.35,15383.78,36019.06,15580.54,70,231.89,68939.48,1,0,30,0.6189,0.2207,0.08,0,0,0,0,0
C09164,95020.8,69690.81,93024.12,82428.47,62,1182.11,124911.22,0,0,40,0.4219,0.128,0.2402,0,1,0,0,0
C09165,55574.73,30082.35,68385.83,31020.38,72,328.61,99508.65,0,1,48,0.1106,0.1323,0.1462,0,2,0,0,0
C09166,30322.5,19554.33,37367.65,17245.37,66,277.04,57590.51,0,0,55,0.5866,0.1804,0.2045,0,0,0,0,0
C09167,38026.83,29221.85,44309.6,29528.57,60,503.4,102190.19,0,1,27,0.2293,0.1342,0.1609,0,0,0,0,0
C09168,74918.85,52093.83,89726.4,50180.72,67,618.78,171157.28,1,0,11,0.5901,0.4445,0.0826,0,1,0,0,0
C09169,68172.52,40389.46,65794.18,44228.08,61,928.12,128528.53,1,1,29,0.2518,0.1353,0.2262,0,0,0,0,0
C09170,27953.55,16639.63,24268.22,16900.98,72,275.35,51900.79,0,2,50,0.5541,0.3602,0.0654,1,0,0,0,0
C09171,42266.58,30951.35,39274.81,32973.86,81,435.73,139497.58,0,2,3,0.538,0.2627,0.0894,0,0,0,1,0
C09172,49315.96,35538.79,39739.88,41641.02,74,712.44,58093.72,1,0,53,0.214,0.4433,0.0702,0,0,0,0,0
C09173,35810.47,15412.6,32814.05,18931.19,59,368.39,29653.32,0,1,60,0.3501,0.1583,0.0269,0,0,0,0,0
C09174,130017.93,82161.64,128624.97,89155.58,68,1297.54,160696.7,1,0,31,0.0553,0.2039,0.2002,0,1,1,0,0
C09175,49989.41,36970.77,53488.89,43635.79,79,705.85,139910.5,0,0,18,0.4336,0.1662,0.0542,0,2,0,0,0
C09176,43765.55,31138.68,46665.23,32033.69,59,589.21,51788.32,0,1,37,0.181,0.1567,0.1345,0,0,0,1,0
C09177,76903.04,31232.03,74383.98,26935.16,77,273.51,180615.17,0,0,32,0.4132,0.2629,0.139,0,1,0,0,0
C09178,38180.17,20848.73,42695.89,18940.68,61,235.71,55423.57,2,1,4,0.4862,0.3447,0.1846,0,3,1,0,0
C09179,70810.33,41296.93,68653.96,42391.92,58,552.09,107260.14,0,0,59,0.1545,0.1848,0.2195,0,0,0,0,0
C09180,21246.3,9901.08,22334.23,11341.4,75,138.1,56363.84,2,1,41,0.0739,0.3208,0.2175,0,0,0,0,0
C09181,36690.51,24060.71,33637.94,24706.87,79,220.49,29941.95,1,1,20,0.2586,0.42,0.1767,0,1,1,0,0
C09182,72149.78,40714.26,85182.92,48543.84,75,670.1,161389.69,0,0,10,0.3615,0.3013,0.1434,0,0,0,0,0
C09183,91217.93,44138.43,96006.88,56046.88,59,913.7,189908.4,0,0,4,0.5781,0.2859,0.2446,0,1,0,0,0
C09184,31774.99,15937.99,35952.1,15036.01,73,189.15,90895.98,1,1,31,0.5541,0.1507,0.1792,0,0,0,0,0
C09185,30151.74,22176.63,27258.89,28940.13,73,379.68,96920.68,0,0,10,0.6175,0.1951,0.2134,0,0,0,1,0
C09186,58091.15,42975.25,62211.61,36693.59,71,493.37,39029.29,3,0,40,0.6299,0.2524,0.2309,0,0,0,1,0
C09187,33997.85,24327.81,38032.71,30941.57,56,714.38,35656.9,2,0,42,0.1129,0.3414,0.0661,0,1,0,0,0
C09188,39877.11,30356.09,32090.54,31751.77,70,431.46,26686.29,0,3,15,0.1585,0.2296,0.0925,1,0,0,1,0
C09189,66756.04,51972.11,79451.14,53118.55,81,821.85,233302.89,1,2,36,0.0894,0.2854,0.1337,0,0,0,0,0
C09190,35227.13,20126.05,31706.85,21112.99,63,406.25,77775.59,0,0,10,0.595,0.3596,0.1029,1,0,0,0,0
C09191,18582.51,7312.53,19981.92,6976.18,63,105.93,61262.31,2,1,27,0.5971,0.1596,0.2132,0,2,0,0,0
C09192,25057.53,17791.65,31685.86,21887.05,75,211.68,84683.14,1,0,36,0.06,0.195,0.0677,1,0,0,0,0
C09193,45202.05,28705.31,52641.78,27756.87,65,516.25,143926.48,0,2,59,0.5348,0.2319,0.2002,1,1,0,1,0
C09194,19455.35,10140.77,16949.65,9960.85,75,109.88,20996.79,0,1,49,0.2277,0.3512,0.1388,0,0,0,0,0
C09195,39367.49,31060.55,40494.81,27472.74,71,284.44,73688.39,5,1,59,0.1108,0.3447,0.174,0,0,0,1,0
C09196,24052.02,12083.94,28814.6,11628.62,76,187.07,23345.54,0,1,51,0.5909,0.4245,0.0509,0,0,0,0,0
C09197,94126.07,71388.53,89606.79,68959.22,69,1094.36,152524.93,3,2,14,0.1964,0.293,0.2335,0,1,0,1,0
C09198,119220.73,73519.01,120033.15,70425.07,85,668.5,191439.23,0,3,41,0.3427,0.286,0.1093,0,2,0,1,0
C09199,27951.58,10243.94,28048.13,10540.15,72,127.86,89899.83,1,2,36,0.2209,0.1657,0.1768,0,0,0,0,0
C09200,50511.64,37234.7,56492.46,34115.55,56,699.01,125938.56,0,0,46,0.4526,0.3337,0.2237,0,1,0,0,0
C09201,29209.11,20241.78,25282.27,25126.98,74,262.83,77328.39,0,2,41,0.6442,0.2515,0.1006,0,1,0,1,0
C09202,39152.74,25023.28,44052.05,25815.61,77,380.06,103438.07,0,0,33,0.116,0.36,0.1884,0,0,0,0,0
C09203,101313.91,63479.67,98807.82,69502.88,73,928.35,203029.47,1,0,8,0.0653,0.2344,0.0423,0,0,0,0,0
C09204,36475.93,16358.58,38250.11,18868.23,74,306.56,48855.27,0,1,30,0.0678,0.3809,0.0809,0,0,0,0,0
C09205,39565.03,17666.53,40475.64,22842.69,74,335.18,117423.99,2,1,19,0.1736,0.3123,0.1228,0,0,0,0,0
C09206,29445.01,10692.29,33036.47,12394.36,60,266.32,39621.69,1,3,43,0.3931,0.1296,0.0607,0,1,0,0,0
C09207,75372.89,31608.52,78951.24,32248.91,70,559.4,144647.75,1,0,12,0.2616,0.3895,0.0647,0,0,1,0,0
C09208,12000.0,6017.0,14674.23,5543.29,69,100.0,8406.41,2,0,25,0.0705,0.2532,0.1804,0,1,0,0,0
C09209,36870.2,21876.06,43091.37,23857.4,72,327.69,79444.75,2,1,35,0.4971,0.1222,0.202,0,0,0,0,0
C09210,44080.33,18022.86,42077.38,21221.47,57,470.48,77200.86,0,2,44,0.222,0.3212,0.211,0,1,0,0,0
C09211,33420.77,20082.79,40567.33,21428.98,73,232.28,103578.32,2,0,45,0.6474,0.1908,0.0547,0,1,0,0,0
C09212,66370.85,31094.35,72233.31,32892.41,74,422.4,79602.18,1,1,19,0.4102,0.3789,0.159,0,1,0,0,0
C09213,77290.79,35884.76,82730.98,38598.3,69,585.01,93023.03,0,0,45,0.5638,0.3255,0.1757,0,1,0,0,0
C09214,23837.14,18511.32,27455.26,15283.42,72,193.32,14540.31,0,0,3,0.6382,0.3456,0.1664,0,1,0,1,0
C09215,115437.76,91952.53,106787.1,98166.33,66,1125.19,206721.61,0,0,7,0.5511,0.4188,0.0899,0,0,0,1,0
C09216,23717.09,16961.22,20977.0,19299.71,67,237.31,64723.81,2,1,27,0.335,0.1914,0.2267,0,0,0,0,0
C09217,80362.39,30093.82,84621.03,31433.54,70,431.0,187703.28,1,0,15,0.361,0.1549,0.1647,0,2,0,0,0
C09218,48138.63,32632.42,47043.18,38663.58,85,556.45,23741.17,2,1,34,0.6125,0.3649,0.0318,0,0,0,1,0
C09219,35873.43,15436.04,46594.07,18350.77,81,236.34,42721.49,2,2,43,0.4937,0.4082,0.0772,0,0,0,0,0
C09220,37429.06,22687.61,35867.57,22450.12,80,246.7,47635.14,1,1,56,0.2986,0.374,0.1512,0,1,0,0,0
C09221,44326.46,33341.08,46756.86,36775.7,74,397.98,96738.95,1,0,16,0.131,0.1024,0.1144,0,0,0,0,0
C09222,49424.71,25754.63,53034.48,27174.5,62,469.42,138478.6,1,0,20,0.6467,0.2006,0.1685,0,1,0,0,0
C09223,29742.98,22841.97,35624.74,18423.79,60,248.23,103453.12,1,2,51,0.5316,0.4236,0.0836,0,0,0,1,0
C09224,40503.55,27087.45,37694.73,27833.38,47,439.68,42181.89,1,0,49,0.5969,0.4315,0.1334,0,1,0,0,0
C09225,31812.51,15443.55,27249.08,14305.24,64,160.89,26673.3,3,0,35,0.5267,0.282,0.1714,0,1,0,0,0
C09226,26046.68,10228.86,31707.46,10904.77,59,206.75,41559.2,1,2,18,0.0905,0.2868,0.1819,0,0,1,0,0
C09227,31151.81,22332.98,33010.39,25279.37,68,457.94,75737.95,0,0,7,0.5862,0.2743,0.0524,0,0,0,0,0
C09228,26820.7,14915.71,30767.88,15271.98,65,239.2,68937.37,1,2,19,0.1806,0.1646,0.1296,0,0,0,0,0
C09229,37247.8,14255.18,42939.4,13428.32,63,184.9,109466.74,1,1,27,0.1212,0.154,0.2383,0,0,0,0,0
C09230,54667.87,21670.62,64158.27,23362.58,76,252.87,67249.19,1,3,41,0.0859,0.3816,0.0766,0,0,0,0,0
C09231,47511.99,37303.22,47733.23,50107.34,83,522.69,141360.78,1,0,50,0.3025,0.1244,0.1727,0,1,0,0,0
C09232,109411.68,50258.35,106362.13,39670.16,79,443.45,263806.81,0,0,31,0.4623,0.3367,0.0262,0,0,0,0,0
C09233,16642.48,13063.78,13487.89,14081.93,75,199.47,4384.02,2,2,46,0.3349,0.3934,0.1596,0,0,0,1,0
C09234,55582.36,36491.03,51725.6,35934.39,64,704.14,189551.52,0,0,26,0.3098,0.3843,0.0699,0,1,0,0,0
C09235,45130.2,21898.12,47723.29,21873.38,78,234.01,46701.74,1,1,38,0.585,0.435,0.1589,0,0,0,0,0
C09236,64956.26,33951.18,62736.87,35222.22,80,403.11,29187.01,1,1,5,0.1774,0.1527,0.127,0,1,0,0,0
C09237,62120.24,43463.5,56721.49,43842.21,75,617.72,103277.6,0,0,18,0.1953,0.4346,0.1716,0,1,0,0,0
C09238,41779.94,22809.2,44121.72,25596.86,86,287.48,82069.47,1,1,29,0.1397,0.177,0.1024,0,0,0,0,0
C09239,48635.59,18658.45,58905.14,19050.0,80,183.35,84786.29,2,2,55,0.6258,0.1317,0.1981,0,2,0,0,0
C09240,32195.65,14598.03,33589.02,11540.84,66,138.83,88027.14,0,0,6,0.6194,0.2941,0.05,0,0,0,0,0
C09241,59312.41,43722.45,54215.2,52622.61,67,822.41,34736.47,2,0,6,0.0972,0.2666,0.0351,0,0,0,0,0
C09242,19320.53,12814.89,23236.63,15192.22,74,218.67,55637.12,1,2,60,0.3728,0.4272,0.0917,0,0,0,0,0
C09243,63830.71,36731.84,61092.75,35893.96,71,532.41,114926.3,2,2,20,0.1384,0.3845,0.2317,0,1,0,0,0
C09244,44533.18,20506.33,54665.57,21654.12,72,357.63,20258.89,0,2,34,0.4487,0.1526,0.2449,0,1,1,0,0
C09245,36143.05,20368.98,36808.94,24363.56,63,315.36,123540.49,2,0,34,0.1551,0.2756,0.1151,0,0,0,0,0
C09246,40529.19,28572.36,43057.23,33543.36,67,485.9,127690.48,0,0,33,0.2853,0.4315,0.028,0,1,0,0,0
C09247,41889.04,16198.26,51829.61,19646.61,61,315.41,52339.75,2,1,23,0.5931,0.3897,0.1139,0,0,1,0,0
C09248,80676.65,64351.37,71626.37,70460.71,80,730.24,150581.09,1,1,40,0.3701,0.3793,0.1624,0,3,0,1,0
C09249,192815.67,142084.54,178159.24,162309.43,64,2854.99,193556.49,2,0,49,0.2709,0.2978,0.2354,0,2,1,0,1
C09250,77913.9,38418.14,78756.48,46833.72,79,526.06,146031.23,3,0,49,0.2312,0.3682,0.2187,0,1,0,0,0
C09251,34892.29,25881.69,36050.85,26109.6,67,417.53,35627.31,1,1,39,0.3158,0.3216,0.0493,1,1,0,0,0
C09252,59743.73,39237.98,81672.57,43274.58,78,528.59,84943.75,2,2,12,0.2994,0.4468,0.2056,0,0,0,0,0
C09253,60926.04,39593.36,57479.61,31374.14,57,464.57,67114.8,2,1,19,0.4812,0.1482,0.0642,0,1,0,0,0
C09254,29676.05,12252.33,26515.26,10542.14,75,115.84,49819.23,3,0,45,0.5163,0.2883,0.2264,0,0,0,0,0
C09255,25515.93,19332.21,23926.28,21458.71,70,305.06,10804.82,0,1,31,0.0838,0.4119,0.0743,0,0,0,0,0
C09256,43736.63,24171.22,47141.79,27272.86,72,319.81,85927.14,0,1,47,0.2754,0.3212,0.1609,0,0,0,0,0
C09257,64723.92,46048.0,71781.7,46210.36,72,708.85,59896.18,1,2,15,0.2206,0.4248,0.2033,1,0,0,0,0
C09258,21787.77,10562.4,21028.46,10321.9,72,153.43,16500.22,3,0,29,0.0881,0.2383,0.124,0,0,0,0,0
C09259,32533.11,15895.73,34241.89,16012.28,62,303.19,44032.08,0,1,23,0.477,0.3568,0.0544,0,1,0,0,0
C09260,58227.38,45656.68,74730.44,48990.73,88,434.19,151483.63,0,1,46,0.5383,0.3747,0.0901,1,0,0,0,0
C09261,45852.88,26296.49,48339.04,20310.17,76,328.52,63026.08,1,1,47,0.2983,0.2925,0.0972,0,0,0,0,0
C09262,85113.5,32083.6,92647.64,35480.43,69,521.36,228809.49,0,0,22,0.3612,0.193,0.0613,0,0,0,0,0
C09263,23844.35,17312.62,30441.57,18245.58,62,320.99,81787.89,0,0,25,0.3444,0.4299,0.2226,0,3,0,0,0
C09264,129688.67,58652.15,125309.98,63326.23,80,1019.13,429900.98,0,1,18,0.5666,0.2699,0.1126,0,0,0,0,0
C09265,22523.65,16790.01,21586.46,17380.22,72,244.16,20928.87,3,0,37,0.1145,0.227,0.1558,0,1,0,0,0
C09266,18057.1,13766.69,17942.22,12170.16,58,257.66,59061.94,1,0,11,0.3061,0.2209,0.2198,0,0,0,0,0
C09267,43822.69,16772.9,43237.69,15401.16,86,160.26,133640.61,0,1,37,0.2568,0.4132,0.2485,0,0,0,0,0
C09268,27008.62,16531.79,22457.08,20380.69,65,375.64,7920.64,0,0,5,0.2742,0.4066,0.1136,0,1,0,0,0
C09269,44222.0,35009.93,47165.39,34060.64,81,530.39,150600.18,1,0,50,0.3666,0.2582,0.2402,0,1,0,0,0
C09270,43531.53,33471.99,46841.36,38390.29,69,452.04,146276.28,1,1,33,0.6036,0.2029,0.0671,0,0,0,0,0
C09271,41205.18,24161.05,42346.44,22230.98,61,364.09,109127.96,1,1,21,0.2409,0.4467,0.0687,0,0,0,0,0
C09272,30801.94,20212.91,33256.74,21187.18,70,374.44,67500.02,0,0,54,0.2039,0.1599,0.1176,0,2,0,0,0
C09273,54672.33,34001.7,59099.32,33903.71,64,484.09,189565.85,1,1,14,0.2556,0.1722,0.0376,1,0,0,0,0
C09274,39011.67,17222.25,34800.82,17489.2,59,331.29,32953.17,0,2,33,0.1385,0.3109,0.1584,0,1,1,0,0
C09275,73944.27,47608.94,80202.67,48046.92,67,545.74,203856.31,1,0,58,0.1625,0.1721,0.1594,0,0,0,0,0
C09276,41491.77,20742.29,46347.19,25373.44,69,323.79,132114.34,1,1,30,0.6319,0.4115,0.0271,1,1,0,0,0
C09277,29153.39,14637.55,25023.75,18755.07,82,250.6,53921.02,0,1,27,0.4652,0.1855,0.034,1,2,0,0,0
C09278,21056.15,11349.15,25805.87,12240.24,75,157.51,24926.06,1,1,45,0.4818,0.1882,0.087,0,0,0,0,0
C09279,41646.33,30546.73,37552.68,30561.28,78,429.06,69463.15,0,0,5,0.082,0.3042,0.0474,0,1,0,0,0
C09280,25419.6,11623.25,23218.55,10350.42,55,194.14,86619.45,0,0,9,0.0707,0.2622,0.0534,0,0,0,0,0
C09281,24512.41,11345.72,26332.08,10009.56,74,170.11,64965.85,0,1,50,0.2048,0.3127,0.239,0,0,1,0,0
C09282,57055.15,20157.75,63568.78,24671.53,60,317.48,114390.89,1,1,4,0.0819,0.2043,0.1823,1,0,0,0,0
C09283,20220.78,8487.74,23118.84,7416.32,71,112.2,11400.93,1,1,4,0.191,0.3176,0.2205,0,3,0,0,0
C09284,84957.36,67150.78,94924.48,66960.04,77,846.69,210914.32,2,0,9,0.5175,0.1064,0.2245,0,0,0,0,0
C09285,48353.32,26364.23,47755.46,28173.79,59,599.79,51881.6,1,0,38,0.5233,0.2796,0.0722,0,0,0,0,0
C09286,44120.89,19317.19,46901.71,14252.46,53,326.44,152793.45,0,0,19,0.0802,0.3347,0.1036,0,0,0,0,0
C09287,28247.86,22162.05,28586.83,19944.27,65,273.08,53846.14,1,3,26,0.4177,0.2859,0.1238,0,1,0,1,0
C09288,63473.98,22990.47,67974.99,20447.47,61,402.37,141379.35,1,2,15,0.1332,0.2358,0.0788,0,2,0,0,0
C09289,44941.21,25520.99,47557.46,24758.3,60,431.28,157194.14,0,1,50,0.4448,0.202,0.1159,0,0,0,0,0
C09290,33046.61,23531.53,32696.68,25438.57,57,390.23,88700.1,0,1,23,0.3037,0.2311,0.0661,0,1,0,0,0
C09291,49233.96,34354.05,49644.27,40308.74,67,454.15,88874.46,0,0,57,0.2783,0.3151,0.1368,0,0,0,0,0
C09292,21102.87,9182.87,17467.59,8910.81,72,100.0,42594.59,2,1,10,0.5574,0.1292,0.2459,0,0,0,0,0
C09293,21558.39,14411.9,24783.87,14334.09,79,195.48,68680.91,1,0,7,0.265,0.4274,0.209,0,0,0,0,0
C09294,27182.65,17125.88,29512.39,17736.42,69,256.72,89465.57,0,0,11,0.2898,0.128,0.2104,0,1,0,0,0
C09295,52664.93,34436.24,40720.44,32829.3,67,382.34,94669.19,1,0,13,0.1474,0.1874,0.2065,1,1,0,0,0
C09296,44934.07,21107.65,51457.56,23221.31,71,404.28,60524.2,0,1,15,0.4549,0.2912,0.2262,0,0,0,0,0
C09297,72146.82,51572.74,75295.06,56928.23,64,931.26,200515.26,2,0,44,0.5154,0.3914,0.2109,0,0,0,0,0
C09298,29745.18,17896.39,27888.52,12946.44,59,280.72,21582.08,2,0,25,0.1656,0.4374,0.241,0,1,0,0,0
C09299,58280.24,39414.06,54022.8,44409.03,69,556.84,88118.99,1,0,40,0.4267,0.3494,0.0726,0,0,0,0,0
C09300,42752.2,33039.25,41359.05,35195.55,68,419.4,11575.57,0,0,43,0.109,0.3408,0.1701,1,0,0,0,0
C09301,29438.17,21636.28,27619.39,23389.95,70,408.75,87342.95,2,0,5,0.5347,0.1413,0.2262,0,3,0,1,0
C09302,53519.76,37573.65,51075.91,44770.93,89,578.77,19306.0,0,1,44,0.1957,0.4397,0.223,0,2,0,0,0
C09303,43682.92,20982.74,54781.7,17534.11,67,216.47,87470.76,1,1,21,0.5543,0.3228,0.0917,0,2,0,0,0
C09304,33904.88,12691.86,37110.08,11414.31,73,142.41,118019.91,0,0,30,0.416,0.2807,0.0273,0,2,0,0,0
C09305,45858.57,27909.07,59355.72,29069.28,62,417.73,58594.28,5,0,25,0.5508,0.3642,0.2257,1,2,0,0,1
C09306,42451.99,15517.51,45724.56,11970.75,58,231.78,121014.26,1,0,11,0.3485,0.1567,0.1758,0,0,0,0,0
C09307,41993.0,28193.48,47011.66,28887.1,63,380.22,27093.8,3,0,14,0.2089,0.138,0.1836,0,0,0,0,0
C09308,37374.76,25473.5,35293.56,29333.45,89,245.93,23435.16,2,0,46,0.6058,0.3703,0.0955,1,2,0,0,0
C09309,25014.0,15091.2,25760.33,16564.05,73,270.23,23688.98,0,0,37,0.4611,0.4015,0.0332,0,0,0,0,0
C09310,46539.76,19810.5,48410.58,20988.82,80,185.47,132512.33,0,0,47,0.4065,0.1048,0.1539,0,1,0,0,0
C09311,31357.11,23332.03,35258.28,23847.04,74,343.18,71102.3,0,0,24,0.2146,0.1066,0.1541,0,0,0,0,0
C09312,28431.98,17575.64,29684.75,17552.01,68,228.47,83702.2,0,1,47,0.3768,0.1218,0.0385,0,0,0,0,0
C09313,40380.52,23489.41,44101.96,23295.44,63,352.73,46140.09,3,1,11,0.0738,0.272,0.2205,0,0,0,0,0
C09314,62613.09,37906.99,68114.49,40842.76,70,432.01,48631.04,0,1,26,0.559,0.3923,0.0715,0,1,1,0,0
C09315,48920.11,18946.72,49588.22,16367.94,77,169.92,98137.82,1,1,55,0.4201,0.3789,0.1308,0,0,0,0,0
C09316,35433.17,24207.83,35479.84,29668.48,74,401.22,11158.21,0,1,26,0.2799,0.2224,0.204,0,1,0,0,0
C09317,34797.89,13130.95,33744.24,12625.19,66,177.9,62923.35,1,0,20,0.09,0.1798,0.2052,0,0,0,0,0
C09318,59906.11,36559.18,70681.8,40833.73,84,471.69,201512.42,2,2,9,0.5372,0.3586,0.2277,0,0,0,1,0
C09319,15304.26,6522.15,15514.06,6911.16,70,100.0,35821.94,1,0,4,0.473,0.2141,0.1911,0,0,0,0,0
C09320,64423.39,28569.57,70187.2,26042.97,67,488.53,120476.31,0,0,22,0.4454,0.1001,0.1757,0,1,0,0,0
C09321,19362.83,8809.4,19967.21,10616.38,62,173.27,16407.94,1,2,50,0.4421,0.155,0.0799,0,0,0,0,0
C09322,23801.03,8483.58,28026.05,10008.72,65,147.99,40846.91,2,2,22,0.1738,0.3871,0.0967,1,0,0,0,0
C09323,35703.29,26824.86,28970.7,23110.17,58,486.38,71966.13,0,1,50,0.2583,0.2716,0.1923,0,0,0,0,0
C09324,119488.29,85064.41,129806.86,88566.65,76,859.51,221711.09,0,0,59,0.4018,0.4234,0.195,0,0,0,0,0
C09325,95727.08,34852.21,86097.96,37462.08,85,426.63,191528.52,1,0,60,0.3477,0.1689,0.1107,0,0,0,0,0
C09326,61841.95,23230.54,67833.46,18617.87,57,341.57,209619.26,0,1,9,0.5574,0.1873,0.1977,0,0,0,0,0
C09327,52831.44,37103.24,54543.95,29516.91,71,360.22,44285.41,0,1,12,0.2619,0.3091,0.2392,0,0,0,0,0
C09328,19465.39,6872.48,16985.43,6528.58,64,100.0,29472.36,1,0,21,0.6039,0.3449,0.1795,0,0,0,0,0
C09329,48288.99,27092.52,52659.96,24177.73,53,363.55,33322.73,1,3,52,0.2017,0.3031,0.1888,0,2,0,0,0
C09330,35146.07,13998.11,37848.87,12945.13,66,220.38,54775.43,1,1,38,0.6253,0.1715,0.2364,0,2,0,0,0
C09331,31160.81,19202.37,31854.25,17136.84,84,224.64,16095.82,1,0,28,0.633,0.1296,0.2199,1,2,0,0,1
C09332,48246.53,38561.19,50053.46,39922.89,89,424.15,66108.74,0,1,44,0.1482,0.2471,0.052,0,1,0,0,0
C09333,36403.43,15559.18,38929.15,14671.17,62,179.85,53777.86,0,0,20,0.3583,0.3163,0.1541,0,0,0,0,0
C09334,66542.93,51937.27,79278.34,61476.9,65,767.3,173005.3,0,0,35,0.3169,0.1518,0.1756,0,1,0,0,0
C09335,18830.59,13924.57,19061.85,14922.02,62,226.74,60560.25,1,1,19,0.2633,0.2552,0.1984,0,1,0,0,0
C09336,46544.91,36939.66,54530.33,42307.64,65,552.55,87065.87,0,0,38,0.1926,0.3888,0.0445,1,0,0,0,0
C09337,30297.61,21050.32,31676.33,17838.21,66,308.64,83664.55,0,2,6,0.5477,0.2918,0.1538,0,1,0,1,0
C09338,37424.53,27531.26,45114.83,26832.33,73,274.79,57636.04,1,0,11,0.5092,0.1455,0.1833,0,2,0,0,0
C09339,51611.49,31873.65,52735.75,33988.34,60,529.32,58462.57,1,2,17,0.344,0.4375,0.0689,0,2,1,1,0
C09340,27217.88,20148.79,26402.46,22251.47,70,391.8,18919.76,0,2,17,0.3049,0.149,0.1564,1,0,0,0,0
C09341,48451.68,19389.42,44492.15,18851.87,77,221.05,72715.6,1,2,40,0.1835,0.2607,0.0668,0,4,0,0,0
C09342,40899.19,27964.59,42778.19,27681.16,83,385.83,110489.09,0,2,7,0.5431,0.4276,0.0827,1,0,0,1,0
C09343,33428.15,21157.53,31917.84,21221.33,69,270.74,72926.94,0,0,4,0.1634,0.1334,0.0801,1,0,0,0,0
C09344,36412.24,13724.9,44369.72,13920.56,86,176.02,33505.09,3,1,37,0.0875,0.24,0.1096,0,1,0,0,0
C09345,41976.68,20199.83,39687.04,26455.8,70,391.1,111977.95,1,2,19,0.1727,0.323,0.1413,0,0,0,0,0
C09346,31853.14,14246.26,30808.27,15494.07,65,241.52,15689.64,0,1,15,0.2564,0.1066,0.0488,0,1,0,0,0
C09347,45143.89,24031.4,50548.97,25347.96,56,356.96,32268.26,2,1,5,0.178,0.3422,0.0846,0,2,0,0,0
C09348,39705.23,17440.88,47340.35,15677.94,70,163.66,31720.2,3,1,51,0.2422,0.2207,0.0479,0,0,0,0,0
C09349,34178.11,16189.26,38885.3,14598.8,72,158.14,83926.09,2,0,30,0.3815,0.1334,0.1728,1,0,0,0,0
C09350,92027.87,44469.12,108320.69,45554.83,63,833.58,104641.08,0,0,22,0.1335,0.3033,0.1283,0,1,0,0,0
C09351,54245.52,33627.61,56435.63,39870.41,52,995.8,168751.09,0,2,55,0.454,0.1806,0.225,0,0,0,0,0
C09352,37880.71,15557.35,39474.16,15963.45,69,197.99,19069.05,0,1,43,0.1073,0.1653,0.0618,0,0,0,0,0
C09353,48052.77,22031.98,62055.87,22720.32,57,342.29,158142.44,1,1,40,0.3086,0.4002,0.1769,0,0,0,0,0
C09354,28349.05,13968.05,35516.6,13418.97,60,208.11,6138.12,0,2,17,0.6389,0.2403,0.0326,0,1,0,0,0
C09355,36970.31,20410.59,41987.34,17165.29,66,238.31,119311.04,2,0,9,0.5585,0.377,0.2438,1,3,0,0,1
C09356,38963.59,14305.09,46085.85,15770.32,69,247.45,24584.7,1,1,56,0.0757,0.4015,0.037,0,0,0,0,0
C09357,25677.25,20532.69,29606.48,20932.62,73,277.71,7117.95,1,2,47,0.4664,0.1785,0.1406,0,0,0,0,0
C09358,53569.07,25990.45,48495.17,28681.08,97,317.86,58211.14,2,0,27,0.3621,0.4299,0.0577,0,1,0,0,0
C09359,35842.59,17179.54,37464.17,18357.3,72,193.37,46971.15,0,0,35,0.2537,0.3205,0.1523,0,1,0,0,0
C09360,38348.0,22996.98,47153.2,21486.26,68,361.82,100726.57,0,0,28,0.4776,0.2481,0.1,0,0,0,0,0
C09361,34839.04,25582.81,39592.5,27553.95,80,400.4,110237.68,1,1,31,0.5914,0.4391,0.1129,0,0,0,1,0
C09362,170417.83,94678.05,177638.31,84743.85,65,1655.78,251032.0,2,0,17,0.5577,0.1198,0.0733,0,0,0,0,0
C09363,33397.65,15428.97,41114.21,16603.19,55,329.91,34380.88,0,1,57,0.218,0.2281,0.0767,0,1,0,0,0
C09364,17738.86,10725.7,19411.93,11181.1,73,160.14,19952.49,2,1,39,0.1278,0.1027,0.022,1,0,0,0,0
C09365,21904.52,12426.96,24985.82,15345.71,75,214.59,67687.85,1,1,5,0.2188,0.414,0.0738,0,1,0,0,0
C09366,63329.34,34222.14,69342.06,32373.23,68,359.46,23952.94,1,2,3,0.4751,0.4408,0.2366,0,1,0,1,0
C09367,82110.52,65092.9,91548.26,57983.03,73,713.06,134135.96,1,0,6,0.2516,0.3701,0.1336,0,2,0,0,0
C09368,33110.61,26428.15,37200.44,26439.26,80,407.92,30730.22,0,2,41,0.2229,0.2382,0.1376,1,0,0,0,0
C09369,80013.06,48237.85,96492.62,54175.46,72,925.88,110238.09,3,0,47,0.5524,0.3971,0.0743,0,0,0,1,0
C09370,62826.56,23911.9,76748.6,17079.63,69,315.04,66682.8,1,0,21,0.6251,0.3254,0.0325,0,0,0,0,0
C09371,41322.06,25004.51,41151.36,28881.81,76,419.1,114753.3,0,1,51,0.3925,0.3892,0.049,1,0,1,0,1
C09372,40023.3,31162.64,43731.91,31940.65,65,409.81,41323.53,2,1,24,0.4838,0.2877,0.1504,0,1,0,0,0
C09373,48815.8,37420.32,58702.03,34163.66,71,576.68,154854.4,0,0,38,0.2205,0.1865,0.0311,0,1,0,0,0
C09374,66787.61,29852.42,69072.61,30027.31,81,388.24,169067.84,0,0,29,0.0888,0.4067,0.0945,0,1,0,0,0
C09375,53809.23,23436.81,48048.01,22524.45,81,210.7,62733.73,0,1,20,0.1137,0.1256,0.2101,0,2,0,0,0
C09376,33185.03,13888.44,31225.86,12541.08,82,112.44,13801.39,1,1,35,0.1806,0.361,0.0571,1,2,0,0,0
C09377,41607.04,29911.42,39495.5,24448.62,65,404.0,31955.35,1,0,27,0.0823,0.3298,0.1625,0,0,0,0,0
C09378,109752.85,62616.72,109206.12,71236.38,72,1083.61,210554.79,1,0,52,0.2873,0.1539,0.0341,0,0,0,0,0
C09379,50385.77,25299.75,48393.14,24866.17,73,301.57,147404.15,0,0,43,0.0908,0.2018,0.2305,0,0,0,0,0
C09380,66543.7,33016.54,78088.55,33116.35,74,564.61,97586.86,1,1,18,0.426,0.2244,0.1257,0,1,0,0,0
C09381,57375.12,27192.13,58337.94,31308.3,64,394.26,87298.7,3,0,51,0.0712,0.4186,0.114,0,0,0,0,0
C09382,50890.36,38024.2,61136.23,40180.32,71,448.66,163832.71,1,4,5,0.644,0.215,0.0887,0,1,0,1,0
C09383,47255.88,25251.46,43209.11,21788.72,74,271.38,76006.46,0,0,58,0.403,0.2396,0.144,0,0,0,0,0
C09384,67389.44,30986.2,67901.68,35037.2,67,522.43,51323.44,1,0,51,0.2944,0.1649,0.1077,0,1,0,0,0
C09385,62181.12,41641.59,66068.27,51138.38,62,807.95,49916.85,3,2,55,0.1209,0.2784,0.1158,0,1,0,0,0
C09386,50674.08,32226.41,58137.33,35783.28,57,699.98,152292.94,0,0,54,0.2948,0.3478,0.0437,0,0,0,0,0
C09387,32932.81,22128.03,39098.99,20937.51,84,204.22,58741.35,1,0,46,0.3111,0.1971,0.0741,0,1,0,0,0
C09388,53525.81,38532.17,52744.44,33648.84,80,425.43,149123.45,1,1,27,0.2255,0.4028,0.1999,0,0,0,0,0
C09389,43663.34,17271.26,51051.63,16266.64,53,307.35,91218.98,1,0,50,0.6185,0.2696,0.1264,0,1,0,0,0
C09390,39171.42,13745.05,33224.13,14602.25,63,288.11,34971.13,0,0,10,0.0697,0.1728,0.1948,1,1,0,0,0
C09391,150221.62,55995.83,173439.84,68379.35,63,1284.14,153392.4,0,0,36,0.1233,0.1958,0.24,0,1,0,0,0
C09392,22512.92,15039.91,20015.61,14421.43,63,281.04,14675.29,2,2,52,0.6433,0.1566,0.0613,0,2,0,0,0
C09393,69268.71,53373.16,76444.76,51885.69,79,804.69,36927.76,0,1,60,0.1461,0.3288,0.2336,0,0,0,0,0
C09394,30522.39,15230.59,36184.37,17858.99,46,295.19,67672.23,1,2,23,0.2729,0.4369,0.1638,0,0,0,1,0
C09395,47736.7,33489.08,55205.95,33419.37,77,435.16,134070.52,0,1,10,0.5785,0.4355,0.1755,0,0,1,0,0
C09396,142954.57,96942.21,121982.94,121728.16,66,2254.82,351828.35,1,1,18,0.2389,0.2204,0.2295,0,1,0,1,0
C09397,29183.29,23058.53,29076.25,23801.65,70,406.36,92847.31,0,0,21,0.5626,0.3334,0.0571,1,0,0,0,0
C09398,32489.59,18254.5,36909.22,21725.27,74,366.77,103690.49,2,0,8,0.3654,0.4119,0.1339,1,0,0,0,0
C09399,44646.74,18962.94,50566.69,20782.12,61,247.14,148300.45,1,1,47,0.0532,0.2721,0.0264,0,0,1,0,0
C09400,30735.39,21341.25,33289.87,24219.13,80,288.21,84187.5,0,3,31,0.2906,0.1537,0.1702,0,0,0,0,0
C09401,66986.28,48127.53,52638.3,49511.29,62,614.5,119067.28,0,1,18,0.3718,0.4287,0.1218,0,0,0,0,0
C09402,35379.21,23643.39,42234.49,24508.75,67,282.95,47686.59,1,0,21,0.3516,0.2311,0.1349,0,0,0,0,0
C09403,60398.65,44600.28,73393.5,49072.37,70,725.68,27787.88,0,1,9,0.3764,0.1946,0.1677,0,1,1,0,0
C09404,24742.62,12792.73,26465.92,14657.61,66,286.82,81369.43,0,1,20,0.1696,0.1551,0.1786,0,0,0,0,0
C09405,19957.17,13184.54,21502.44,14676.07,75,225.75,22790.88,1,0,42,0.1263,0.4301,0.0698,0,0,0,0,0
C09406,40593.96,19027.68,45074.2,15943.42,68,239.74,28746.48,1,4,19,0.3433,0.3498,0.1469,0,0,0,1,0
C09407,22216.47,12239.01,27220.8,13229.41,68,233.79,10665.38,4,0,7,0.2041,0.1878,0.2156,0,1,0,0,0
C09408,89111.06,40912.8,96245.88,39734.9,61,702.69,89758.54,0,1,3,0.6318,0.3656,0.2129,0,0,0,1,0
C09409,22606.8,9484.46,23218.52,9337.4,72,100.0,68247.92,0,1,32,0.1379,0.3784,0.1277,0,0,0,0,0
C09410,28210.76,10330.19,30912.86,11413.83,70,175.47,93998.45,2,1,4,0.0634,0.4443,0.0992,0,0,0,0,0
C09411,54205.99,35349.94,56844.02,44320.0,59,560.72,55590.05,1,1,10,0.6074,0.1782,0.0481,0,1,0,0,0
C09412,34563.52,25710.86,36292.73,26280.46,68,356.99,102617.59,0,1,22,0.3703,0.2378,0.2399,0,0,0,0,0
C09413,22723.23,11168.21,19044.27,14370.65,66,200.41,48644.16,0,1,38,0.3037,0.1154,0.1216,0,0,0,0,0
C09414,112690.64,61208.59,125395.36,56211.53,76,955.36,130189.75,1,0,58,0.2583,0.2076,0.1959,0,1,0,0,0
C09415,28672.18,10081.03,34136.37,12075.15,65,144.24,33541.25,0,1,5,0.552,0.1843,0.0346,0,2,0,0,0
C09416,41196.22,22072.3,48300.29,24316.68,74,397.11,62493.02,0,0,11,0.2811,0.2013,0.0325,0,0,0,0,0
C09417,40957.13,19519.96,47678.97,20984.48,67,276.3,27518.94,0,0,10,0.2001,0.2381,0.1231,0,0,0,0,0
C09418,61948.39,37688.78,64651.8,45828.79,69,656.41,145228.25,0,1,49,0.1048,0.3359,0.2108,0,0,1,0,0
C09419,55407.84,42045.28,59146.82,40935.96,62,813.53,17258.74,1,1,46,0.2031,0.315,0.1376,0,0,0,0,0
C09420,31019.07,17921.84,37004.76,21565.5,69,297.61,97357.34,1,1,45,0.5752,0.2532,0.1374,0,2,0,0,0
C09421,38862.91,25415.94,44851.0,26051.4,77,374.17,104890.65,0,0,14,0.5806,0.2364,0.1162,0,1,0,0,0
C09422,40631.65,27120.3,49910.41,26386.62,61,532.2,54205.14,1,0,15,0.0719,0.1872,0.0453,0,0,0,0,0
C09423,63035.26,26386.2,61098.44,23504.86,66,291.78,115550.77,1,2,36,0.2485,0.1389,0.0869,1,0,0,0,0
C09424,26600.17,13458.54,25762.94,16691.85,69,217.29,41737.02,3,1,47,0.2693,0.3182,0.1766,1,1,1,0,1
C09425,111587.86,44737.3,112713.98,53101.0,71,796.21,372848.4,0,2,33,0.4965,0.4,0.1166,0,0,0,0,0
C09426,31977.42,17534.37,29957.6,17405.18,75,214.4,58184.71,1,2,41,0.1766,0.3197,0.0833,0,0,0,0,0
C09427,44823.17,33585.04,39956.51,37462.44,67,539.76,149066.72,1,0,31,0.6056,0.4185,0.1244,0,0,0,0,0
C09428,26700.1,15123.48,29536.62,16109.41,91,199.83,74134.7,1,0,30,0.174,0.3167,0.2022,0,0,0,0,0
C09429,25090.54,13932.0,27551.07,14038.58,68,252.02,69261.21,0,0,32,0.4107,0.2143,0.0849,1,1,0,0,0
C09430,30361.33,13486.37,32776.48,15722.02,72,202.24,77119.85,0,1,55,0.5003,0.4325,0.1121,0,0,0,0,0
C09431,29076.41,14235.74,31764.5,13879.14,79,151.03,70721.73,1,0,8,0.4344,0.1285,0.0746,0,2,0,0,0
C09432,37346.78,28811.92,32654.33,22675.07,65,397.39,56351.02,0,0,4,0.6211,0.3909,0.1282,0,0,0,0,0
C09433,28966.16,14087.63,28745.83,15231.27,75,214.9,15518.61,0,1,41,0.1543,0.3199,0.249,1,0,0,0,0
C09434,61538.38,41792.19,62448.15,44216.64,70,723.74,114573.43,0,0,18,0.4153,0.3568,0.1119,1,2,0,0,0
C09435,31636.76,11672.82,33402.75,11425.44,69,209.31,88083.51,1,0,18,0.4712,0.1769,0.0754,0,0,0,0,0
C09436,30097.6,12272.04,26330.24,11571.42,59,164.28,18252.07,1,0,3,0.5248,0.3909,0.1934,0,0,0,0,0
C09437,37706.27,18482.3,35393.56,15947.86,66,279.1,66413.72,4,2,48,0.3561,0.1557,0.2384,0,0,0,0,0
C09438,70346.99,53156.96,70179.75,53501.06,70,659.68,73033.62,2,1,4,0.3861,0.4175,0.1851,0,1,0,1,0
C09439,49568.56,22240.48,58341.91,21016.64,64,278.29,83940.01,2,0,28,0.6168,0.3345,0.2165,0,1,0,0,0
C09440,43025.9,29130.04,46529.26,33957.69,74,519.48,37458.92,0,0,25,0.5566,0.4299,0.1043,0,0,0,0,0
C09441,23612.88,10044.59,27688.18,11169.39,76,128.14,57502.54,0,0,34,0.5716,0.2999,0.2273,0,0,0,0,0
C09442,26908.54,16838.8,27858.63,16701.66,67,176.41,62703.77,0,0,34,0.5864,0.1573,0.1865,0,0,0,0,0
C09443,25314.52,15544.95,26583.25,17297.28,83,198.64,40938.28,1,1,54,0.5343,0.182,0.1796,0,0,1,0,0
C09444,81024.01,51035.12,89927.67,52928.68,65,746.78,83475.79,2,1,17,0.1893,0.2778,0.0723,0,0,0,0,0
C09445,57134.94,27357.61,58776.7,27840.91,70,284.15,64009.41,1,1,17,0.0973,0.2991,0.178,0,0,1,0,0
C09446,30536.82,12915.44,29774.41,13476.26,74,165.66,25998.46,1,1,43,0.6219,0.3845,0.0236,0,0,0,0,0
C09447,34907.27,26142.71,30412.12,33006.66,56,540.34,118315.57,0,0,5,0.5221,0.4088,0.2473,0,2,0,1,0
C09448,31040.16,18818.09,30365.04,21213.3,76,284.46,29767.2,2,0,14,0.6442,0.3533,0.1253,0,1,0,0,0
C09449,30205.53,13454.13,34746.7,13644.94,65,208.95,48485.35,2,0,58,0.288,0.1775,0.0971,0,0,0,0,0
C09450,55356.71,29671.09,66498.96,34337.27,82,334.33,102752.07,2,1,35,0.4749,0.1065,0.2313,0,1,1,0,0
C09451,39538.35,15032.13,37846.95,17331.1,61,317.68,95450.98,1,1,18,0.4644,0.255,0.2215,0,1,0,0,0
C09452,114799.6,64737.7,96655.69,69992.21,75,1164.71,307567.87,1,2,26,0.2986,0.1237,0.1803,0,0,0,0,0
C09453,78990.25,42714.04,91722.95,43165.6,77,659.69,116255.61,0,3,41,0.3857,0.3153,0.2377,0,0,0,0,0
C09454,81119.93,33237.01,85850.5,33324.98,66,401.51,154671.71,0,1,17,0.2779,0.4084,0.0549,0,0,0,0,0
C09455,60871.99,33477.62,54075.9,30832.3,55,578.29,193008.27,1,0,54,0.4064,0.2858,0.0391,0,0,0,1,0
C09456,37205.85,23729.5,26044.09,25429.93,70,295.41,21549.28,3,2,9,0.2008,0.2354,0.1897,0,2,0,0,0
C09457,58889.83,45216.83,55026.11,44168.52,68,610.15,97653.94,1,1,59,0.2373,0.3302,0.0893,1,1,0,0,0
C09458,38462.66,25632.8,38249.05,25571.12,64,489.91,31727.35,2,1,53,0.3125,0.3531,0.1016,1,1,0,0,0
C09459,93717.67,53990.36,85451.95,60732.79,71,658.79,33003.33,0,1,23,0.6041,0.399,0.2158,0,1,0,0,0
C09460,53978.63,37597.36,61159.34,47089.26,61,976.16,38399.76,0,1,4,0.5687,0.1828,0.1165,0,1,0,0,0
C09461,50639.13,24102.75,48233.36,26390.2,70,340.17,51737.31,1,1,49,0.501,0.2551,0.1037,0,0,0,0,0
C09462,47648.22,31016.69,50101.54,32176.17,66,522.35,98156.8,0,2,34,0.119,0.2354,0.1032,0,2,0,0,0
C09463,98473.0,34689.87,131443.6,36346.25,82,441.59,268875.71,0,0,35,0.1379,0.2282,0.2113,1,1,0,0,0
C09464,23605.38,9032.55,25118.38,10717.63,76,145.54,78002.68,2,0,47,0.236,0.1798,0.2393,0,0,0,0,0
C09465,102913.83,64930.34,106632.91,71197.7,64,1197.25,345985.18,0,0,38,0.176,0.3679,0.2342,0,0,0,0,0
C09466,41383.96,18070.19,42991.67,19393.8,70,208.71,128291.18,0,0,44,0.2701,0.1357,0.1767,0,0,0,0,0
C09467,23900.41,15772.55,27014.19,17061.94,81,172.75,45401.47,0,0,32,0.3893,0.2992,0.1331,0,1,0,0,0
C09468,32077.93,20418.85,35780.05,17939.3,66,313.09,51290.91,0,0,20,0.1625,0.2193,0.1013,0,1,0,0,0
C09469,21408.74,8106.42,19901.0,8891.58,62,164.94,36083.87,0,0,57,0.2139,0.1131,0.1168,0,0,0,0,0
C09470,60389.06,31802.3,60429.02,30052.34,82,378.63,204441.14,0,1,12,0.4578,0.1895,0.1086,0,0,0,0,0
C09471,28203.07,17650.92,27354.73,19368.88,87,282.2,60495.4,3,0,57,0.127,0.1629,0.1812,0,1,0,0,0
C09472,48548.48,32579.27,49329.28,31334.0,75,303.46,129108.46,0,2,31,0.3463,0.1085,0.2496,0,0,0,0,0
C09473,74967.91,53769.82,95148.86,60272.77,76,984.52,31065.69,1,1,43,0.0541,0.414,0.2275,1,0,0,0,0
C09474,33256.65,16585.07,37383.6,17109.68,73,225.0,113528.61,0,1,3,0.1605,0.105,0.1631,0,0,0,0,0
C09475,39885.62,28977.79,41498.13,26443.87,68,485.09,76502.94,2,1,39,0.4167,0.1075,0.2214,0,0,0,0,0
C09476,25031.81,12751.57,30021.75,12944.35,72,176.13,54789.4,0,1,32,0.614,0.2424,0.221,0,1,0,0,0
C09477,37784.61,13343.41,40528.39,17542.67,74,275.5,108288.21,0,0,5,0.1061,0.2594,0.2335,0,0,0,0,0
C09478,143304.7,89494.16,122301.1,69557.85,85,1055.96,68617.61,0,2,34,0.3691,0.4314,0.0795,1,1,1,0,1
C09479,63862.51,29296.98,79807.42,31346.63,69,556.28,15432.34,2,0,10,0.6252,0.3147,0.1235,0,1,0,0,0
C09480,39946.21,16217.03,41193.82,15061.27,69,164.49,133928.32,0,0,4,0.64,0.1644,0.1748,0,0,0,0,0
C09481,34171.87,15933.01,26629.35,19362.2,72,314.87,30890.08,2,1,27,0.207,0.3297,0.1941,0,1,0,0,0
C09482,44144.9,31897.4,37878.31,36616.84,63,568.38,24238.76,0,1,37,0.4756,0.2274,0.0927,0,0,0,0,0
C09483,47712.11,36323.26,56554.23,38949.77,68,500.31,156869.98,0,0,3,0.1514,0.2444,0.0518,0,1,0,0,0
C09484,37265.99,29170.46,32048.46,33840.41,71,537.29,53609.0,1,1,20,0.1815,0.2458,0.1704,0,0,0,1,0
C09485,57121.99,27776.92,69226.53,29980.98,60,479.88,172474.07,0,1,10,0.5445,0.4107,0.0844,0,0,0,0,0
C09486,29300.69,16266.8,31050.7,17092.09,52,346.04,95904.21,1,1,25,0.5582,0.3574,0.1017,0,0,0,0,0
C09487,29235.63,20790.53,33201.94,20335.98,79,301.03,24802.15,2,0,18,0.6104,0.1716,0.1542,0,1,0,0,0
C09488,53157.03,26209.41,54176.76,26384.75,66,477.15,22773.45,0,0,59,0.1287,0.1967,0.2462,0,0,0,0,0
C09489,26596.34,13918.25,29596.51,13839.09,73,185.84,8765.5,1,2,18,0.3458,0.167,0.1104,0,0,0,0,0
C09490,62472.11,28535.61,67968.91,29997.81,71,407.41,69466.16,2,0,11,0.2416,0.3427,0.0953,0,0,0,0,0
C09491,44711.74,27165.3,46740.6,22355.63,85,249.3,35245.75,3,0,27,0.2769,0.2863,0.1675,0,1,0,0,0
C09492,19768.77,12783.87,18229.72,15002.63,66,251.42,62767.09,1,1,37,0.5497,0.4203,0.1173,0,2,0,0,0
C09493,47272.9,23319.61,51670.38,29933.63,68,558.44,154339.6,2,1,11,0.5174,0.2012,0.141,0,0,0,0,0
C09494,21080.46,7608.02,17538.04,7593.82,72,100.0,34962.53,0,0,34,0.6203,0.4136,0.0573,0,0,0,0,0
C09495,61477.75,41876.1,71423.64,49874.19,58,749.38,83859.38,3,0,47,0.5375,0.1573,0.2378,0,0,0,0,0
C09496,40235.15,25246.3,43198.04,26102.34,58,489.97,62210.95,0,1,6,0.3905,0.1092,0.0487,0,0,0,0,0
C09497,103508.15,46428.53,114449.34,45394.27,72,610.79,305491.86,0,0,52,0.4734,0.112,0.1474,0,0,0,0,0
C09498,72875.56,35825.0,53634.31,35974.96,69,379.73,49387.94,0,0,30,0.5849,0.4064,0.0544,0,2,0,0,0
C09499,27920.21,21797.34,25544.54,23111.35,79,217.5,19479.66,1,1,54,0.1465,0.4465,0.1898,0,0,0,0,0
C09500,18125.68,11484.28,17931.88,11064.45,74,158.9,20374.81,0,1,50,0.3364,0.2398,0.2285,0,0,0,0,0
C09501,32036.21,19797.26,36227.88,22227.21,51,403.87,68024.11,0,0,19,0.2437,0.1684,0.1049,0,0,0,0,0
C09502,25974.0,16567.8,24334.07,16363.79,69,254.84,66250.28,0,0,48,0.4188,0.254,0.1385,0,0,0,0,0
C09503,102334.27,79769.57,138740.76,73484.75,69,1226.54,354960.93,0,0,5,0.1679,0.2859,0.0533,0,2,0,0,0
C09504,44791.61,22527.34,45615.89,23599.87,63,338.98,14994.58,1,0,55,0.252,0.2059,0.2333,0,0,0,0,0
C09505,68490.9,32629.9,63565.08,31544.23,81,408.51,94359.31,2,0,19,0.4135,0.2903,0.2322,0,0,0,0,0
C09506,39582.95,20564.7,40674.57,20785.19,58,341.7,48136.29,0,0,26,0.5816,0.3404,0.1155,1,0,0,0,0
C09507,41504.93,29486.22,38843.89,30768.37,54,714.31,14076.82,3,0,33,0.3507,0.3398,0.238,0,2,0,0,0
C09508,44344.13,17934.16,40259.1,15947.69,81,251.82,124748.88,0,1,43,0.5951,0.2602,0.2177,0,0,0,0,0
C09509,74039.98,32804.98,86724.33,40188.19,67,663.05,118869.9,0,1,51,0.3249,0.1949,0.1403,0,1,0,0,0
C09510,51774.29,23438.76,57551.72,26896.39,57,438.33,115287.01,0,0,14,0.126,0.1808,0.091,0,0,0,0,0
C09511,27962.44,17794.45,31092.48,17338.8,88,250.13,47324.75,1,0,54,0.3663,0.2647,0.0608,0,0,0,0,0
C09512,93390.89,59649.92,112368.89,62495.5,81,695.4,131512.92,2,0,3,0.3738,0.413,0.2053,0,0,0,1,0
C09513,39444.54,20406.59,43720.35,22983.83,78,299.88,25796.96,0,0,53,0.2732,0.1813,0.1314,0,0,0,0,0
C09514,36659.71,17387.21,33797.0,18692.04,55,429.65,115117.83,0,0,52,0.2595,0.423,0.0452,0,0,0,0,0
C09515,12596.07,8686.17,14297.01,11079.92,79,149.38,7482.65,0,2,9,0.0779,0.4076,0.2037,0,0,0,0,0
C09516,59868.01,21808.54,54767.6,22274.38,65,322.32,126265.7,0,1,9,0.4146,0.2816,0.1024,0,0,0,0,0
C09517,47092.71,32137.57,46745.89,38329.76,68,405.43,161117.24,0,2,17,0.1472,0.3408,0.2183,0,0,0,0,0
C09518,47069.68,20928.28,49164.93,18622.89,97,225.43,53928.1,1,1,60,0.4821,0.2276,0.0974,0,1,0,0,0
C09519,37539.41,28389.17,38753.38,25786.0,55,352.54,66642.24,0,0,48,0.3654,0.1548,0.0541,0,1,1,0,0
C09520,34737.31,18624.83,29007.67,23320.83,66,266.46,92423.17,0,0,18,0.1627,0.3008,0.2008,0,0,0,0,0
C09521,38105.22,24350.52,35585.99,24305.84,74,274.72,39904.37,1,0,41,0.1657,0.2407,0.0394,0,0,0,0,0
C09522,55428.0,22417.09,58049.69,20397.45,72,305.49,52264.17,0,0,55,0.465,0.369,0.1137,0,0,0,0,0
C09523,59995.26,27852.68,58598.42,29085.8,79,455.05,33915.81,0,2,26,0.4996,0.227,0.1661,0,0,0,0,0
C09524,40556.59,26981.24,48065.68,32422.74,87,262.73,11146.43,1,1,4,0.4634,0.2942,0.2186,0,0,0,0,0
C09525,68970.88,41221.13,83158.07,39505.39,65,672.69,78133.61,0,0,60,0.1519,0.271,0.0792,0,1,0,0,0
C09526,43428.86,30257.53,39761.45,31618.98,76,421.43,106021.07,0,0,30,0.4275,0.1278,0.0419,0,0,0,0,0
C09527,35864.95,21645.61,37915.37,17910.91,70,274.46,16066.24,2,1,22,0.5773,0.3417,0.2165,0,0,0,1,0
C09528,49202.75,29826.66,61007.77,29639.92,63,524.13,134508.3,0,0,4,0.2872,0.3581,0.2084,0,0,1,0,0
C09529,24408.67,17970.07,25235.98,21018.94,63,365.47,39301.36,0,0,51,0.525,0.1181,0.0973,0,1,0,0,0
C09530,49968.15,27038.29,50026.23,25845.33,60,516.18,101341.38,0,0,14,0.057,0.2366,0.0349,1,0,0,0,0
C09531,22481.23,16923.19,25925.95,15186.39,94,123.66,27656.58,0,1,33,0.1152,0.1949,0.0824,0,1,0,0,0
C09532,28337.48,14664.56,28821.93,14032.02,73,160.32,67316.0,1,0,30,0.1215,0.218,0.246,0,0,0,0,0
C09533,18142.39,9032.51,21816.31,8823.3,70,152.11,48893.6,0,0,29,0.5068,0.191,0.0772,0,1,0,0,0
C09534,41590.0,29143.76,40701.24,33275.35,73,338.54,19999.96,1,0,51,0.4412,0.2067,0.1896,0,1,0,0,0
C09535,92851.15,32980.35,92205.78,36132.39,60,775.83,290571.37,1,0,11,0.0852,0.2045,0.053,0,0,0,0,0
C09536,42690.57,18249.64,48872.96,20416.84,71,279.74,91408.65,0,3,4,0.3872,0.2639,0.0871,0,1,0,1,0
C09537,60115.99,22982.02,63847.11,24209.53,70,315.44,140873.49,0,1,58,0.2435,0.4341,0.1686,0,1,1,0,0
C09538,129697.36,75282.48,137869.43,73446.84,74,958.97,251369.89,0,0,47,0.1759,0.3639,0.234,1,0,0,0,0
C09539,53973.2,34145.17,44305.53,32671.33,60,474.35,27420.53,0,0,34,0.4609,0.1839,0.0801,1,0,0,0,0
C09540,31890.78,11310.68,32132.85,12463.0,77,193.49,53290.28,0,0,58,0.3835,0.2249,0.0749,0,2,0,0,0
C09541,33928.54,14340.19,39142.83,17791.59,91,209.13,26563.89,0,0,37,0.3358,0.4452,0.1527,0,1,0,0,0
C09542,45013.33,21882.94,43030.71,20506.76,65,275.37,84889.84,1,0,25,0.434,0.4151,0.1957,1,1,0,0,0
C09543,33847.32,16328.01,38385.58,15149.81,68,260.21,107445.07,2,2,47,0.4522,0.1702,0.1822,0,0,0,0,0
C09544,35006.14,13782.26,37882.2,12592.86,71,199.57,61435.48,1,3,57,0.1354,0.2577,0.0562,0,2,0,0,0
C09545,70107.29,29990.59,71932.47,34482.68,68,533.61,62405.74,0,1,19,0.3809,0.2794,0.1717,0,1,0,0,0
C09546,71409.64,52212.82,86614.93,54559.41,77,684.56,133348.38,0,0,20,0.2603,0.3229,0.0756,0,0,0,0,0
C09547,21446.49,14267.52,21644.2,15931.8,70,275.07,28191.2,1,1,8,0.2762,0.2749,0.0913,0,0,0,0,0
C09548,31139.78,15048.07,31687.29,14883.2,67,183.15,101665.26,1,0,35,0.0604,0.1479,0.2061,1,2,0,0,1
C09549,36520.02,17110.85,37420.73,19235.81,78,306.75,58660.64,0,0,10,0.1064,0.4336,0.0696,0,0,0,0,0
C09550,58924.24,22750.04,62439.83,23102.29,66,370.3,166751.17,1,1,48,0.0986,0.2013,0.0458,0,0,0,0,0
C09551,75267.35,38161.13,85957.95,32994.45,76,550.01,134723.06,2,0,41,0.0721,0.2178,0.1402,0,1,0,0,0
C09552,151797.6,80320.86,132563.84,93232.26,65,1809.13,148623.09,2,0,14,0.0646,0.2857,0.1216,0,1,0,0,0
C09553,36492.6,27620.58,42118.5,28881.54,68,318.61,87171.08,1,1,43,0.4399,0.107,0.027,0,3,0,0,0
C09554,37322.06,25543.3,39493.15,25869.33,65,358.47,9788.68,0,0,41,0.512,0.2743,0.0224,0,1,0,0,0
C09555,58645.98,33171.29,65477.3,35949.55,64,614.04,169740.66,0,0,22,0.2921,0.2842,0.2088,1,0,0,0,0
C09556,33104.36,13595.49,44261.26,11919.17,75,123.54,104070.64,1,1,23,0.3467,0.2715,0.0625,0,0,0,0,0
C09557,42234.17,27252.56,41752.73,30023.78,69,447.38,84773.59,1,0,6,0.6097,0.2326,0.0825,0,2,0,0,0
C09558,37333.66,28791.93,33713.77,28172.98,66,386.24,37965.96,1,3,47,0.3454,0.4092,0.245,0,1,0,1,0
C09559,13831.08,5326.63,14844.29,5493.18,56,127.49,10722.73,1,1,13,0.6021,0.2507,0.1747,0,0,0,0,0
C09560,47565.96,34812.27,51954.4,41312.25,49,691.54,122762.08,0,2,19,0.6159,0.2241,0.0829,0,2,0,0,0
C09561,41454.65,17869.09,47863.25,20139.6,72,214.37,37623.34,1,2,58,0.17,0.3842,0.2345,0,0,0,0,0
C09562,79735.62,53070.15,78571.07,54600.39,78,681.33,150409.35,1,2,40,0.609,0.3595,0.1889,0,0,0,1,0
C09563,45111.32,19521.26,42873.22,20260.53,72,238.16,137484.49,1,1,54,0.1912,0.2138,0.219,0,2,0,0,0
C09564,25585.51,15863.17,22158.16,11782.08,70,199.51,69628.97,1,1,23,0.2767,0.2897,0.1245,0,0,0,0,0
C09565,40065.6,18307.22,35494.14,17416.99,85,145.57,9954.94,1,1,31,0.5664,0.2408,0.074,1,0,0,0,0
C09566,17560.91,10427.04,17562.39,11157.51,72,169.12,44281.78,0,3,29,0.2765,0.296,0.1824,1,0,0,0,0
C09567,26095.15,16180.85,27034.83,15506.11,69,212.26,6247.64,0,1,10,0.3003,0.1288,0.1308,0,0,0,0,0
C09568,59897.82,37635.85,77736.36,33527.07,73,578.21,76040.81,0,2,52,0.3939,0.3915,0.0876,0,0,0,0,0
C09569,40260.04,26461.29,34095.82,29309.0,74,494.37,57784.76,1,1,50,0.4133,0.2271,0.1693,0,1,0,0,0
C09570,68155.45,25971.54,74306.36,31341.77,61,606.49,119781.2,0,0,26,0.3198,0.124,0.0908,0,1,0,0,0
C09571,18570.25,12377.53,17881.07,11924.91,69,165.53,43842.45,0,0,32,0.1158,0.1091,0.0704,0,0,0,0,0
C09572,40348.53,16928.99,43445.03,19553.0,72,259.57,140027.26,0,0,24,0.5348,0.3598,0.1435,0,1,0,0,0
C09573,36331.38,23784.87,35735.97,27042.84,64,301.17,28492.43,0,1,28,0.3061,0.3096,0.1259,0,1,1,0,0
C09574,69185.71,28076.73,81241.05,26189.47,54,609.43,167086.65,0,0,22,0.6485,0.3538,0.2,0,0,0,0,0
C09575,60910.51,34459.31,71478.66,33173.2,77,554.18,48671.2,2,0,38,0.3854,0.3513,0.1375,0,2,0,0,0
C09576,60079.94,31484.64,62268.52,39871.27,78,422.47,77921.1,0,0,46,0.1298,0.1313,0.1274,0,0,0,0,0
C09577,90043.87,70711.98,110096.05,64769.15,82,777.0,259922.7,0,1,42,0.5125,0.2778,0.1847,1,2,1,0,1
C09578,38130.84,24169.77,43515.41,23611.87,72,343.38,16645.48,1,1,24,0.2945,0.4186,0.232,0,2,0,0,0
C09579,82059.85,31978.12,99875.62,41120.34,69,610.18,21801.59,0,1,18,0.4446,0.3862,0.1012,0,1,0,0,0
C09580,28128.12,18716.42,29388.92,18374.58,70,259.29,39074.13,0,0,32,0.5706,0.2089,0.0347,0,2,0,0,0
C09581,27667.75,12100.83,32211.23,14670.55,71,219.81,45679.67,1,0,37,0.2514,0.3019,0.1511,0,0,0,0,0
C09582,63142.78,30230.72,60478.68,28034.7,74,444.63,98439.56,0,3,53,0.5623,0.265,0.19,0,0,0,1,0
C09583,22863.21,11895.71,21620.39,12687.88,69,174.41,48836.3,1,0,12,0.1984,0.3864,0.0574,1,0,0,0,0
C09584,58230.37,40720.58,76373.73,48062.93,74,483.7,152849.28,2,1,56,0.5866,0.4313,0.122,0,0,0,1,0
C09585,47099.08,36494.08,43316.8,36271.62,73,430.01,109322.51,0,0,60,0.2886,0.3133,0.0423,1,1,1,0,1
C09586,72893.26,55832.66,72723.23,59292.51,71,644.43,192168.29,2,0,30,0.1577,0.23,0.0388,0,0,0,0,0
C09587,43812.22,18699.39,36024.12,21304.82,65,348.22,83939.51,1,1,33,0.563,0.2162,0.1178,0,1,0,0,0
C09588,46149.43,17406.92,43772.57,16393.16,55,299.68,76514.68,0,2,24,0.3495,0.1978,0.19,0,2,0,0,0
C09589,56589.97,40905.48,52667.82,53947.9,74,575.85,35764.87,0,1,35,0.4695,0.1919,0.0682,0,0,0,1,0
C09590,33397.14,16020.55,32380.7,18816.56,58,293.24,115307.74,1,0,60,0.2904,0.2546,0.1233,0,4,0,0,0
C09591,32748.91,20051.23,35564.86,20194.12,69,365.19,77521.41,0,1,59,0.2705,0.1144,0.1835,0,2,0,0,0
C09592,55709.78,44032.03,62112.19,44992.86,71,775.0,53462.4,1,1,26,0.3283,0.2684,0.2213,0,0,1,0,0
C09593,44410.81,19269.4,41265.77,24653.4,65,399.02,109619.02,2,2,34,0.514,0.1514,0.1972,1,0,0,0,0
C09594,37463.65,19431.84,35786.78,19576.07,74,187.89,73961.94,1,0,57,0.1068,0.1934,0.0791,0,0,0,0,0
C09595,43354.46,32100.49,51159.19,31886.73,70,534.5,66460.82,0,1,33,0.2926,0.3969,0.2013,0,0,0,0,0
C09596,92223.43,59252.75,115706.76,70365.0,80,642.97,205640.61,0,1,26,0.3716,0.2715,0.0777,0,1,0,0,0
C09597,36866.53,28457.24,44266.02,25097.38,79,396.87,34469.85,1,0,41,0.6153,0.2973,0.1372,0,0,0,0,0
C09598,36388.53,23080.29,31019.05,24017.35,81,311.18,123955.61,1,1,31,0.5699,0.3652,0.1801,0,0,0,0,0
C09599,20870.0,10155.48,24892.25,10765.81,82,111.94,34325.62,0,1,36,0.2428,0.2309,0.1372,0,1,0,0,0
C09600,44150.47,31448.33,56178.95,30365.07,66,348.37,92125.69,1,1,22,0.3697,0.1412,0.056,1,1,0,1,0
C09601,60476.82,41829.92,51192.78,36062.75,72,572.06,32625.41,1,1,36,0.4432,0.1829,0.2041,1,1,0,0,0
C09602,65559.07,50488.91,77354.73,53432.02,58,718.44,203393.36,1,0,38,0.0594,0.2326,0.1874,0,1,0,0,0
C09603,47245.64,26659.54,50884.78,30194.11,66,448.1,115531.31,1,0,3,0.0791,0.2421,0.0934,1,0,1,0,0
C09604,69185.24,39869.91,69928.53,38614.54,71,387.71,36530.39,1,2,30,0.2962,0.1509,0.053,0,0,0,0,0
C09605,62534.36,30999.56,66457.89,28160.72,60,585.77,100760.44,0,1,43,0.1857,0.4039,0.1162,0,1,0,0,0
C09606,74253.88,34969.22,81916.24,41988.58,75,651.39,78742.75,2,0,14,0.1559,0.3989,0.0296,1,0,0,0,0
C09607,70077.28,55952.33,83315.6,62295.95,81,611.28,125950.85,0,0,30,0.3917,0.1424,0.0858,0,1,0,0,0
C09608,91208.92,72033.61,107874.77,72507.85,74,1061.33,143568.28,0,0,5,0.5959,0.2524,0.0469,0,1,0,0,0
C09609,41691.64,24528.9,36237.07,28465.85,73,384.68,115200.92,0,1,6,0.1916,0.1639,0.1742,0,2,0,0,0
C09610,24766.36,19312.52,24076.85,20838.38,84,186.57,51357.02,1,1,12,0.491,0.168,0.1441,1,0,0,0,0
C09611,60663.12,30954.57,64377.39,39148.42,72,532.59,100462.47,2,1,12,0.1714,0.4371,0.0322,0,1,0,0,0
C09612,63937.84,46834.31,79197.65,52908.73,74,659.52,49524.84,1,1,32,0.5239,0.164,0.1236,0,0,0,0,0
C09613,91209.62,57981.11,65917.29,51209.85,51,841.86,302805.15,1,0,6,0.0873,0.233,0.1675,0,0,0,0,0
C09614,80097.38,53879.89,78231.09,52314.75,62,1064.56,96177.94,2,0,55,0.5067,0.3795,0.2232,0,0,0,0,0
C09615,107999.34,72704.22,93597.96,71009.58,69,860.62,43728.45,0,2,21,0.0709,0.1245,0.2237,0,0,1,0,0
C09616,59477.42,37834.95,52677.65,41132.16,88,513.75,70106.9,1,0,50,0.6271,0.3266,0.2012,0,1,0,0,0
C09617,49880.36,36589.62,58274.63,37086.55,64,744.06,40189.87,1,0,17,0.3814,0.3367,0.0517,0,0,0,0,0
C09618,24129.14,12701.72,23795.52,11618.59,62,133.47,34056.89,1,0,38,0.1898,0.3898,0.1642,0,0,0,0,0
C09619,51692.15,37845.63,39800.69,42413.48,72,461.74,149744.64,1,0,59,0.2034,0.2298,0.1777,0,0,0,1,0
C09620,35094.2,15179.54,36181.68,17760.27,57,349.34,50819.7,1,1,13,0.0584,0.3019,0.1187,0,0,0,0,0
C09621,49493.53,21776.25,64059.63,22596.6,73,318.67,84793.47,2,0,48,0.4154,0.3037,0.0598,1,1,0,0,0
C09622,46117.54,31028.09,38425.0,33359.38,65,610.12,130244.91,0,0,10,0.1496,0.33,0.149,0,2,1,0,0
C09623,55642.24,38257.29,61982.81,35728.22,75,470.36,104523.28,0,0,19,0.5471,0.3227,0.0577,0,0,0,0,0
C09624,43071.59,32563.65,53327.99,32149.95,74,542.84,111652.25,2,2,47,0.3346,0.3743,0.1183,0,0,0,0,0
C09625,68540.28,32461.18,71560.8,32208.11,63,422.89,122859.67,3,1,50,0.3087,0.1331,0.1004,0,1,0,0,0
C09626,13213.55,5000.0,16931.32,5585.15,78,100.0,17677.55,1,2,25,0.4023,0.1347,0.081,0,1,1,0,0
C09627,49016.63,28349.37,47586.46,30637.82,66,564.2,91188.11,3,0,42,0.5356,0.2001,0.0589,0,0,0,0,0
C09628,77306.87,57508.83,94585.95,58109.05,77,589.75,265086.76,1,0,24,0.2633,0.3894,0.1454,0,1,0,0,0
C09629,104395.26,82175.74,124772.43,82642.01,70,1236.07,58026.8,1,2,28,0.4089,0.1553,0.0943,0,0,0,0,0
C09630,62554.93,46041.8,65438.47,37471.66,62,570.77,195387.12,0,0,51,0.5414,0.1029,0.0573,0,0,0,0,0
C09631,96049.13,54794.15,83710.23,68092.96,64,1120.94,217530.68,0,0,55,0.4322,0.2415,0.144,0,0,0,0,0
C09632,48554.35,35858.45,45145.46,28677.67,79,287.3,164824.79,1,1,15,0.1504,0.1619,0.1765,0,1,0,0,0
C09633,45058.0,20108.8,34635.98,22132.26,78,297.18,46149.66,1,1,5,0.1804,0.1184,0.0559,0,0,1,0,0
C09634,57105.45,43658.62,64032.22,46039.11,72,672.39,83320.05,2,0,41,0.1261,0.3104,0.1824,0,1,0,0,0
C09635,44935.36,27189.52,49739.67,27682.14,78,373.44,25240.77,0,0,36,0.4992,0.2102,0.1015,0,0,0,0,0
C09636,31645.68,16620.74,33528.79,17435.44,71,198.17,11805.87,0,1,56,0.1746,0.2368,0.1429,0,0,0,0,0
C09637,35687.64,21831.5,36946.5,21186.21,68,291.0,61846.84,0,1,42,0.1906,0.1757,0.0749,0,0,0,0,0
C09638,27281.09,19173.25,33089.53,21633.9,83,253.46,13522.95,0,0,23,0.0851,0.3518,0.0231,0,1,0,0,0
C09639,57078.77,26145.2,61972.46,23331.24,77,331.53,124917.35,0,0,50,0.349,0.2976,0.0682,0,1,0,0,0
C09640,45231.28,17904.62,44482.36,19504.17,68,364.13,93206.88,2,0,56,0.4114,0.2191,0.108,0,1,0,0,0
C09641,38264.93,26016.48,40854.21,25201.34,81,233.1,127023.11,2,2,38,0.1554,0.392,0.0553,0,1,0,0,0
C09642,34870.97,27150.93,45182.34,27117.49,57,603.74,111858.04,2,1,51,0.3562,0.1759,0.1852,0,0,0,0,0
C09643,56482.89,35959.28,63524.05,36031.6,69,634.58,66274.75,2,0,33,0.4924,0.2572,0.2332,1,0,0,0,0
C09644,63934.82,26479.41,64140.04,27277.96,59,431.5,207788.11,1,1,32,0.4145,0.2923,0.1093,0,0,0,0,0
C09645,27056.61,17303.33,28265.04,19211.17,65,306.13,10282.23,0,0,31,0.1489,0.4402,0.1386,1,0,1,0,0
C09646,25209.08,10146.26,27871.3,10609.99,68,133.88,66012.31,2,1,57,0.5633,0.2367,0.1754,0,0,0,0,0
C09647,69144.05,33644.53,69107.38,39093.52,81,481.37,146270.13,0,0,28,0.2888,0.3431,0.1963,0,1,0,0,0
C09648,24236.32,8827.33,23966.2,10375.53,82,150.54,33242.09,0,1,38,0.6006,0.2098,0.1199,1,0,0,0,0
C09649,57571.73,32779.94,60372.09,35633.51,68,369.16,167595.53,1,1,38,0.5685,0.1058,0.0464,1,0,0,0,0
C09650,93155.64,46075.65,114794.84,52153.53,65,990.84,127275.78,0,0,6,0.434,0.246,0.2476,1,0,0,0,0
C09651,93253.18,36731.01,106767.17,47492.9,58,834.19,181866.89,1,0,15,0.3511,0.2185,0.0405,0,0,0,0,0
C09652,62721.55,30674.75,62775.28,27006.06,61,472.92,154392.19,1,0,26,0.5721,0.426,0.1135,0,0,0,0,0
C09653,61906.6,39707.3,71457.64,46820.32,69,668.83,67084.2,1,1,36,0.4059,0.2898,0.0442,0,0,0,0,0
C09654,123967.67,59515.23,130293.6,73524.02,81,768.04,72430.85,1,1,16,0.3806,0.1513,0.1944,0,1,0,0,0
C09655,15739.67,6522.24,17177.5,7187.78,69,100.0,39241.77,3,0,28,0.2688,0.2962,0.1619,1,0,0,0,0
C09656,36514.57,21731.97,39451.62,27784.01,69,403.22,29680.66,1,1,32,0.5266,0.284,0.1712,0,0,0,0,0
C09657,65922.76,45417.64,52525.23,57355.69,69,794.86,59354.68,0,2,43,0.5698,0.3131,0.217,0,0,1,1,0
C09658,38663.01,27975.15,27064.11,28242.48,65,456.59,33249.45,2,1,52,0.4104,0.4285,0.0686,0,0,0,1,0
C09659,78615.02,44216.52,84683.67,45045.44,68,476.21,209616.89,2,2,43,0.4042,0.3265,0.0976,0,0,0,1,0
C09660,44210.1,29619.99,41895.99,32986.98,76,489.65,54739.69,0,2,27,0.4861,0.2906,0.1359,0,0,0,0,0
C09661,47748.48,34617.53,40743.23,33755.77,57,609.05,126244.31,2,0,54,0.4471,0.34,0.0944,0,0,0,0,0
C09662,39767.85,25960.46,37833.5,35704.63,74,601.92,82424.94,0,0,34,0.4382,0.3102,0.031,0,1,0,0,0
C09663,35571.07,20889.9,41296.48,23911.83,72,330.92,66640.62,1,1,17,0.2812,0.152,0.0957,0,1,0,0,0
C09664,35179.48,13261.7,38449.03,13998.85,71,142.38,111996.19,1,1,37,0.2587,0.4498,0.1807,0,0,0,0,0
C09665,50840.2,24429.5,58090.59,21516.91,56,456.18,107139.0,1,2,20,0.2298,0.4476,0.168,1,0,0,0,0
C09666,31756.84,15685.24,35071.35,16943.67,56,382.73,31150.17,0,2,12,0.4425,0.381,0.1485,0,0,0,0,0
C09667,69103.45,36469.7,64939.29,33104.35,71,498.03,238121.73,0,2,39,0.5697,0.1262,0.1971,1,3,0,1,0
C09668,60377.36,46967.65,69022.51,53599.02,66,754.78,73889.59,1,3,43,0.2057,0.2571,0.2047,1,0,0,1,0
C09669,73803.04,32768.1,82680.71,24567.44,70,361.24,130168.32,0,0,11,0.4405,0.3841,0.029,0,2,0,0,0
C09670,27075.97,16074.99,28048.05,19547.95,57,418.76,39066.14,1,0,39,0.3582,0.2988,0.1951,0,1,0,0,0
C09671,20944.96,16673.2,22140.1,16658.23,73,171.24,55280.76,0,0,42,0.375,0.1461,0.0754,0,2,0,0,0
C09672,44915.32,28227.37,51432.35,23908.4,80,219.2,77807.84,0,1,12,0.2065,0.1107,0.1718,0,0,0,0,0
C09673,165856.47,73641.9,159233.17,77179.15,54,1715.32,224769.26,1,1,33,0.5845,0.2224,0.0368,0,1,0,0,0
C09674,79555.62,62219.33,93919.07,65455.9,69,759.71,185852.44,0,1,38,0.0904,0.1831,0.2045,0,0,0,0,0
C09675,35063.53,17578.46,39194.41,18321.71,66,311.61,63973.99,0,0,8,0.1824,0.1111,0.2481,0,0,0,0,0
C09676,54472.33,20238.75,57210.71,24601.56,86,357.18,14048.87,2,0,53,0.546,0.3102,0.0739,0,0,0,0,0
C09677,62431.91,33970.0,77025.27,37221.12,44,714.41,145355.69,1,5,39,0.4776,0.3434,0.1958,0,1,0,1,0
C09678,24310.0,11141.15,21749.68,12762.53,63,255.58,17624.72,1,0,58,0.1258,0.3642,0.1355,0,0,0,0,0
C09679,83345.46,59882.77,82910.21,61089.58,60,1207.22,280857.86,1,1,32,0.2243,0.2589,0.0911,0,0,0,0,0
C09680,41734.23,18737.84,40404.16,20634.86,64,358.14,110856.52,0,0,24,0.0638,0.4473,0.0859,0,0,1,0,0
C09681,43200.67,31058.45,47217.08,27734.62,83,340.85,61901.4,0,0,18,0.2646,0.4149,0.1476,0,0,0,0,0
C09682,45484.23,16659.82,54212.17,18008.81,80,187.66,18132.39,0,2,34,0.4828,0.3394,0.1043,0,1,0,0,0
C09683,75316.98,57852.54,70198.24,55481.45,69,843.88,96507.27,0,1,24,0.355,0.1485,0.2387,0,0,0,0,0
C09684,32035.05,11820.52,46343.81,14283.4,75,138.56,75272.62,2,0,34,0.4241,0.3716,0.0237,1,0,0,0,0
C09685,20874.45,16122.23,20258.01,17074.42,71,227.65,66078.84,0,0,26,0.5185,0.1622,0.1847,0,0,0,0,0
C09686,52038.94,19939.3,56893.24,22522.32,77,317.44,138803.4,2,1,20,0.5944,0.1611,0.0644,0,0,1,0,0
C09687,17939.7,13323.15,18842.47,14408.7,61,291.23,49182.11,1,1,58,0.1894,0.3749,0.084,0,1,0,0,0
C09688,39297.7,28455.44,41480.24,36046.1,75,392.66,24762.55,1,0,28,0.5871,0.3417,0.1232,0,0,0,0,0
C09689,76765.55,47402.01,73304.24,40896.39,56,529.52,73456.34,0,1,56,0.6438,0.2006,0.1473,0,1,0,0,0
C09690,58396.43,21384.41,68797.16,22161.61,75,207.48,164004.15,0,2,9,0.604,0.2154,0.2476,0,1,1,0,1
C09691,71932.11,45282.29,68157.79,42329.41,75,671.26,103726.97,1,1,10,0.352,0.222,0.1634,0,1,0,0,0
C09692,59490.74,37362.02,49837.09,30040.71,83,331.92,180417.22,0,0,5,0.3616,0.3973,0.1071,0,0,0,0,0
C09693,133128.26,79975.32,121860.32,74136.84,65,878.02,44375.0,0,0,30,0.2131,0.111,0.0911,0,0,0,0,0
C09694,34534.36,21901.22,42250.64,26076.57,69,446.92,77222.64,0,1,36,0.6105,0.3307,0.1048,0,0,0,0,0
C09695,53829.51,42291.06,64598.44,44252.48,68,494.49,101168.36,0,2,15,0.5208,0.2044,0.1147,0,0,0,1,0
C09696,36947.88,29483.61,29895.7,30180.23,63,495.58,105521.36,2,1,11,0.434,0.126,0.0466,1,1,0,1,0
C09697,69215.38,40437.22,79434.86,46212.47,78,644.81,52565.73,1,1,18,0.0828,0.1733,0.0841,0,2,0,0,0
C09698,43770.23,17127.74,35548.78,18221.38,70,323.04,37365.51,1,0,59,0.6251,0.2607,0.0396,0,1,0,0,0
C09699,97528.31,40014.51,102086.07,44960.3,66,653.93,178074.28,0,0,38,0.4015,0.1036,0.1756,0,1,0,0,0
C09700,35438.38,23891.06,32074.2,26011.18,74,389.27,77751.41,3,0,38,0.618,0.1906,0.1181,0,1,0,0,0
C09701,84763.87,67123.12,98062.8,74850.62,74,716.92,62399.62,1,1,4,0.5553,0.449,0.071,1,2,0,1,0
C09702,58766.69,32099.83,65616.5,31972.63,71,455.72,187514.08,2,0,57,0.223,0.2988,0.1302,0,0,0,0,0
C09703,44347.44,17478.1,51777.83,20548.14,65,305.43,132252.59,0,0,52,0.5515,0.1411,0.1405,0,0,0,0,0
C09704,57441.18,29230.1,58278.17,26439.91,66,351.86,35302.39,1,0,29,0.1282,0.3494,0.1353,0,1,0,0,0
C09705,50614.16,26484.1,51982.8,27535.05,70,492.41,152018.58,2,0,33,0.4947,0.3833,0.0292,0,0,0,0,0
C09706,52817.47,42173.06,45955.98,49832.98,73,747.85,169956.4,1,1,10,0.3941,0.2707,0.2073,0,0,1,1,0
C09707,40999.94,27017.42,37979.96,27868.8,82,353.2,41281.0,1,0,48,0.5744,0.3292,0.164,0,1,0,0,0
C09708,32817.03,13226.57,38193.25,13204.05,60,171.36,100197.11,1,1,36,0.3222,0.2652,0.0562,0,0,0,0,0
C09709,38701.58,19415.98,42342.31,25718.66,64,445.42,79654.17,0,1,12,0.1701,0.1874,0.1867,0,1,0,0,0
C09710,21099.46,7845.86,22418.6,9573.76,75,124.38,60089.28,1,1,44,0.2685,0.4074,0.0734,0,0,0,0,0
C09711,65728.93,42321.36,78970.27,45156.72,62,815.94,143838.67,1,1,44,0.0573,0.1204,0.2077,0,0,0,0,0
C09712,25811.98,16848.32,23075.47,15728.63,62,289.66,30551.42,2,1,44,0.4054,0.4157,0.0208,0,1,1,0,0
C09713,40801.6,15336.24,46367.66,12357.79,84,175.67,101369.06,1,0,59,0.0518,0.3992,0.0891,0,1,0,0,0
C09714,60236.76,30177.65,54725.17,34252.82,71,466.59,151125.19,0,1,32,0.4848,0.1014,0.1201,1,0,0,0,0
C09715,65653.51,49652.25,80579.49,59677.25,71,1030.57,169375.6,1,0,35,0.0536,0.3227,0.106,0,1,0,0,0
C09716,20248.27,14620.61,22583.64,16046.01,71,207.75,54839.19,0,0,10,0.1182,0.4026,0.1138,0,0,0,0,0
C09717,43177.99,26269.3,50334.32,22190.1,73,333.76,100730.35,1,0,47,0.3942,0.2883,0.0812,1,0,1,0,0
C09718,55342.86,31439.2,53450.26,33616.0,55,559.24,90344.0,1,1,10,0.3366,0.3657,0.2333,0,0,0,0,0
C09719,46065.75,36704.42,60431.44,36395.3,72,624.54,59757.7,0,2,46,0.4805,0.2987,0.0238,0,0,0,0,0
C09720,82392.65,55614.05,106272.26,59473.6,73,777.56,263795.57,1,1,43,0.1177,0.1172,0.0854,0,0,0,0,0
C09721,31088.85,24208.45,34248.9,31064.56,70,366.56,89732.76,0,1,35,0.288,0.1811,0.2148,0,1,0,0,0
C09722,17896.3,6840.2,21315.06,7830.18,68,148.57,52904.37,0,1,52,0.5212,0.3739,0.0962,0,3,0,0,0
C09723,64800.23,28866.43,65692.76,32305.26,67,424.6,32480.16,1,1,45,0.1319,0.2148,0.2302,0,1,0,0,0
C09724,35338.53,12863.22,31726.3,13436.39,67,249.73,54470.43,0,1,36,0.6141,0.3888,0.0414,0,0,0,0,0
C09725,20395.6,15104.23,23363.06,16610.68,73,273.87,27923.53,2,0,30,0.6384,0.1611,0.0595,0,1,0,0,0
C09726,41901.93,27756.01,39374.52,26735.64,60,455.65,129486.41,2,2,46,0.1154,0.2589,0.0582,0,1,0,0,0
C09727,78289.51,33660.04,94513.16,37584.55,70,467.55,101263.4,4,0,43,0.1777,0.1395,0.196,0,2,0,0,0
C09728,25487.77,20094.2,29967.07,20632.64,64,239.1,84192.01,0,1,34,0.3512,0.1479,0.0974,0,0,0,0,0
C09729,128748.47,100437.81,138820.04,95549.43,70,1162.84,369769.15,1,1,9,0.3436,0.3267,0.2382,0,1,0,1,0
C09730,30864.78,13922.15,33072.09,15979.84,62,317.63,94649.19,0,1,15,0.3653,0.2928,0.1419,0,0,0,0,0
C09731,46796.92,30004.05,54692.24,23469.57,64,319.05,25795.18,0,0,34,0.6189,0.3101,0.2439,0,3,0,0,0
C09732,25998.87,16916.07,28155.41,16656.32,80,174.88,88926.61,2,1,18,0.1701,0.3028,0.0284,0,3,0,0,0
C09733,45850.55,16130.57,45917.7,18124.28,79,168.44,65128.99,0,1,35,0.2649,0.3882,0.0775,0,0,0,0,0
C09734,42371.5,27963.11,36789.44,33470.45,60,563.7,19696.1,0,0,47,0.1879,0.3495,0.1836,1,0,0,0,0
C09735,23020.62,10350.14,26820.58,11453.51,72,163.35,51972.4,1,1,29,0.4265,0.1685,0.2302,0,0,0,0,0
C09736,160498.5,121271.62,175580.98,117554.59,73,1791.82,490024.68,0,0,51,0.4982,0.3147,0.1367,0,0,0,0,0
C09737,36008.71,26190.15,49716.47,27339.58,72,463.37,93711.19,1,1,10,0.179,0.1369,0.1272,0,0,0,0,0
C09738,36022.88,27283.09,37409.43,29600.86,52,434.34,91045.8,0,1,59,0.5079,0.3142,0.1058,1,2,0,0,1
C09739,69597.5,48084.86,75599.89,59493.68,58,947.44,230079.61,1,0,27,0.4752,0.1885,0.1449,0,1,0,0,0
C09740,101806.83,43187.22,110873.79,50117.54,72,744.2,345321.28,0,2,14,0.2098,0.1363,0.0884,0,2,0,0,0
C09741,74705.9,38268.06,84275.04,44442.67,83,436.23,218054.94,0,0,60,0.0864,0.2782,0.0703,0,0,0,0,0
C09742,26209.75,17534.82,24479.24,18549.22,71,225.36,73055.61,0,0,17,0.4652,0.3285,0.0257,1,1,0,0,0
C09743,49546.99,24550.35,51565.25,22622.7,60,443.83,67214.24,2,1,21,0.4419,0.4214,0.0472,0,0,0,0,0
C09744,19298.84,12920.86,22180.52,11386.83,72,113.97,33326.32,5,2,10,0.5658,0.1176,0.1476,0,0,0,1,0
C09745,67520.4,33846.05,68200.22,34314.75,64,662.73,131579.17,0,1,60,0.3333,0.3277,0.0327,0,0,0,0,0
C09746,21559.74,9270.22,24682.08,10511.8,70,175.8,38395.96,0,0,13,0.331,0.3407,0.1054,0,0,0,0,0
C09747,31350.24,18282.64,33281.6,18095.67,66,245.33,89761.35,1,1,47,0.3679,0.2997,0.0271,0,0,1,0,0
C09748,44935.22,29603.43,49348.96,33116.2,66,455.68,156266.3,1,0,18,0.56,0.282,0.063,0,0,0,0,0
C09749,54977.03,32037.21,65320.21,30583.93,66,392.04,48314.55,0,1,22,0.2902,0.1034,0.037,0,0,0,0,0
C09750,40014.5,25562.88,40923.52,24876.5,62,282.64,112154.08,1,1,34,0.1106,0.3763,0.0303,0,0,1,0,0
C09751,89143.74,48772.59,78070.12,59451.89,71,941.15,197584.74,2,1,39,0.1636,0.2957,0.2446,0,0,0,0,0
C09752,62309.9,43632.45,63433.92,49829.33,91,644.71,161874.1,1,2,6,0.115,0.2525,0.2412,0,0,0,1,0
C09753,60146.82,38643.43,57195.62,39154.34,73,434.46,111389.04,1,3,14,0.0873,0.3334,0.0323,0,1,0,0,0
C09754,25879.01,15749.26,20571.52,14967.06,70,200.79,64622.77,0,0,23,0.1419,0.347,0.1927,0,0,0,0,0
C09755,96677.24,52777.78,100273.46,61426.46,70,853.49,218844.97,2,1,9,0.3133,0.1582,0.1365,0,0,0,0,0
C09756,31352.16,18531.55,33668.57,21407.19,60,268.88,74114.45,1,2,4,0.5315,0.402,0.0945,0,0,0,1,0
C09757,98352.36,36680.94,115317.3,41328.56,68,531.18,328318.18,0,1,49,0.379,0.206,0.061,1,0,0,0,0
C09758,111793.15,72668.21,102098.75,74750.93,59,1106.97,39253.04,1,0,42,0.3399,0.2907,0.1491,0,1,0,0,0
C09759,56676.4,25050.14,60112.3,23012.28,72,388.07,66700.8,0,1,47,0.0751,0.4481,0.1656,0,1,0,0,0
C09760,71598.09,52772.59,84870.3,55317.27,76,555.88,166578.16,1,1,24,0.2937,0.1157,0.2267,0,0,0,0,0
C09761,12000.0,8586.66,11772.51,10466.38,53,166.27,17536.92,0,2,30,0.3243,0.1984,0.1637,0,2,0,0,0
C09762,41219.5,24219.74,45932.81,22788.72,76,291.61,69445.11,2,1,53,0.4171,0.3351,0.1591,0,1,0,0,0
C09763,73894.4,54032.25,91756.61,57041.54,74,603.68,118853.58,1,1,44,0.4931,0.336,0.1748,0,0,0,0,0
C09764,68216.88,44467.96,56381.96,55420.2,70,650.33,188829.21,0,0,15,0.4017,0.1253,0.1559,0,0,0,0,0
C09765,25991.95,10749.41,28141.97,10894.45,56,247.63,10084.58,0,1,30,0.4537,0.379,0.2144,0,0,0,0,0
C09766,39428.45,26943.34,46901.98,27878.33,64,531.9,66426.63,1,0,59,0.0639,0.2707,0.2107,0,0,0,0,0
C09767,14372.23,11470.66,14485.98,10185.4,59,134.08,34506.09,1,0,40,0.1939,0.2093,0.1482,0,2,0,0,0
C09768,54190.7,19966.01,65918.17,22457.45,90,215.38,84044.11,1,2,13,0.2358,0.2126,0.2388,0,0,0,0,0
C09769,19281.86,8873.78,21713.43,8528.84,67,155.57,7990.38,1,0,8,0.4724,0.3706,0.0908,0,1,0,0,0
C09770,74841.87,46325.87,94474.61,39999.96,67,543.64,249545.53,0,2,7,0.2298,0.2825,0.1619,0,1,0,0,0
C09771,76622.34,41133.75,85809.03,38483.62,73,508.75,111158.17,1,0,38,0.3496,0.3692,0.1995,1,0,0,0,0
C09772,36350.12,23151.4,46248.42,24888.07,67,300.7,120066.41,1,1,44,0.4755,0.3325,0.1815,0,0,0,0,0
C09773,56896.66,34927.83,61789.77,30051.47,72,429.13,184381.02,0,1,58,0.2904,0.1384,0.2168,0,1,0,0,0
C09774,40811.67,28755.71,36153.61,25411.48,68,294.14,26558.35,1,2,59,0.307,0.1008,0.1603,0,0,0,0,0
C09775,50175.22,19162.23,48884.71,21406.4,83,261.58,115676.74,0,2,6,0.3621,0.2281,0.0986,0,0,0,0,0
C09776,26853.49,14723.16,31477.76,15331.43,73,262.79,30790.37,2,1,7,0.3703,0.4376,0.2016,0,1,0,0,0
C09777,59548.09,43888.38,69661.9,41269.18,58,701.81,52384.39,2,2,54,0.2902,0.1634,0.1851,0,1,0,1,0
C09778,21501.64,11035.56,21775.31,11161.9,70,190.2,44142.84,2,2,43,0.6377,0.1498,0.0909,0,4,0,1,0
C09779,19750.8,11390.38,25014.7,14335.71,82,182.6,38911.22,0,0,24,0.3591,0.1981,0.2318,0,0,0,0,0
C09780,42597.47,15322.75,42917.96,18445.65,83,204.53,132888.41,0,1,14,0.5199,0.3544,0.1691,0,0,0,0,0
C09781,40919.35,18449.64,45233.77,19134.27,77,314.41,99610.11,1,0,23,0.3144,0.3333,0.0209,0,0,0,0,0
C09782,50866.18,28416.13,56060.33,32620.06,65,651.46,133277.57,2,1,29,0.1627,0.3727,0.0316,0,0,0,0,0
C09783,33595.23,17789.87,29911.3,18937.68,78,217.34,94402.89,0,1,43,0.2333,0.1214,0.2323,0,1,0,0,0
C09784,105132.74,70606.59,108995.42,59104.54,69,1107.79,44483.46,1,1,16,0.2766,0.4061,0.2483,0,0,0,0,0
C09785,48372.66,30249.65,64608.44,24672.26,73,436.15,67562.31,0,2,55,0.5168,0.2463,0.0372,0,0,0,1,0
C09786,49971.82,37285.33,46939.93,35081.03,72,434.27,110808.2,1,2,54,0.5971,0.2543,0.1117,1,1,0,1,0
C09787,49176.59,36127.43,55324.6,31102.45,76,398.37,135756.13,0,0,12,0.2906,0.3894,0.0538,0,0,0,0,0
C09788,70666.52,32404.06,64410.7,35080.24,61,416.67,202047.27,0,1,13,0.2549,0.4332,0.1598,1,0,0,0,0
C09789,58315.64,20873.35,54704.58,20539.53,76,191.78,179364.17,0,2,28,0.0526,0.1212,0.095,0,1,0,0,0
C09790,54903.14,40327.01,48330.44,44401.63,70,504.22,133264.37,0,1,5,0.5832,0.1872,0.1216,0,1,0,0,0
C09791,62668.27,31215.34,72878.72,34426.89,74,400.59,41704.72,0,0,9,0.2895,0.1127,0.0365,0,0,0,0,0
C09792,19798.1,10021.79,18717.79,11352.71,71,197.48,22090.69,1,0,55,0.424,0.1454,0.0335,0,1,0,0,0
C09793,20137.45,8483.46,24207.21,7960.24,74,100.0,44357.53,1,0,17,0.4014,0.2261,0.0718,0,0,1,0,0
C09794,43485.87,28781.27,42887.57,32001.33,59,613.03,99292.2,0,0,59,0.2068,0.1399,0.021,0,2,0,0,0
C09795,41169.98,19598.93,43860.84,18331.75,70,332.08,9011.68,0,0,35,0.5043,0.1741,0.1979,0,0,0,0,0
C09796,58415.25,25091.36,64219.72,28487.74,62,466.73,107283.79,1,0,13,0.5563,0.3584,0.2254,0,4,0,0,0
C09797,45407.17,26178.41,38867.4,31328.19,63,598.53,155668.68,1,1,59,0.3949,0.3999,0.0554,0,0,1,0,0
C09798,58469.29,40208.58,62821.62,45708.25,69,628.93,23098.48,3,0,59,0.444,0.2156,0.2175,0,0,1,1,0
C09799,25691.1,12108.71,28054.37,12456.85,70,151.82,36386.51,0,2,22,0.638,0.2634,0.1187,1,1,0,0,0
C09800,44782.95,30224.8,53148.49,33791.69,68,578.15,95721.28,0,2,44,0.5443,0.1506,0.2278,0,1,0,0,0
C09801,24610.84,13730.11,23007.68,11890.38,71,181.89,81022.56,1,1,4,0.0801,0.1856,0.2184,0,0,0,0,0
C09802,53557.11,28476.19,50984.09,23890.25,75,349.35,23907.69,4,0,33,0.339,0.2183,0.0833,0,0,0,0,0
C09803,19325.67,9890.58,21821.5,10939.13,61,161.04,57196.87,1,0,46,0.3433,0.1607,0.0935,0,1,0,0,0
C09804,52636.09,21870.9,64189.03,26396.6,63,418.09,64088.8,2,2,30,0.6339,0.3461,0.0828,0,1,0,1,0
C09805,23233.91,11609.64,22743.67,10474.52,90,108.7,27556.78,0,0,3,0.5971,0.4421,0.2115,0,0,0,0,0
C09806,37866.81,28235.89,34147.36,29699.13,81,455.42,41563.14,0,1,29,0.5948,0.4119,0.0378,0,0,0,0,0
C09807,67314.79,26654.98,68122.07,29391.48,75,493.34,210283.83,0,0,19,0.3163,0.155,0.2281,0,1,0,0,0
C09808,49848.25,38943.2,46279.18,38018.45,75,389.25,37228.22,1,0,27,0.1639,0.4477,0.1131,0,1,0,0,0
C09809,21458.38,8548.45,23555.59,8627.73,75,129.42,9442.44,0,0,36,0.3814,0.1085,0.1575,0,0,0,0,0
C09810,33251.01,17054.92,30604.89,19162.72,66,248.98,94004.83,1,0,21,0.0853,0.1257,0.1303,0,1,0,0,0
C09811,22897.83,14261.63,26716.01,15159.87,66,259.33,70526.63,0,2,5,0.3121,0.3849,0.2178,0,1,0,0,0
C09812,20989.48,15259.95,22574.48,16229.06,55,251.82,22002.08,0,0,27,0.3536,0.3674,0.0377,1,2,0,0,0
C09813,47446.89,19672.06,55536.2,18336.8,75,236.43,161866.4,1,1,43,0.2767,0.4359,0.1367,0,0,0,0,0
C09814,57904.6,23943.32,43961.34,25050.99,72,329.15,189795.2,0,0,58,0.3417,0.1281,0.1869,0,0,0,0,0
C09815,54868.27,34719.0,46035.68,34797.13,78,530.88,32939.31,2,1,21,0.505,0.4135,0.1591,1,1,0,0,0
C09816,59018.12,28431.15,71123.96,28677.77,82,318.7,42112.26,1,1,20,0.392,0.4135,0.1521,0,0,0,0,0
C09817,44759.45,28647.21,43132.78,28218.4,46,765.59,65008.06,0,0,14,0.4426,0.4333,0.0804,0,0,0,0,0
C09818,39790.85,28620.06,34778.56,29957.37,83,275.16,96232.19,1,0,48,0.1676,0.4086,0.104,0,2,0,0,0
C09819,27765.14,10678.24,28478.04,10099.55,79,107.5,6228.72,1,1,6,0.3147,0.1223,0.2344,0,3,0,0,0
C09820,36915.32,26949.01,39834.64,28335.56,63,378.59,81957.98,1,1,28,0.4214,0.2944,0.0838,0,0,0,0,0
C09821,24830.08,9110.49,25600.76,9166.94,67,116.77,75099.28,0,3,49,0.4115,0.1452,0.1005,0,1,0,0,0
C09822,30763.78,23210.4,34029.71,21774.81,69,334.16,54689.61,2,0,22,0.446,0.2668,0.0456,0,2,0,0,0
C09823,46837.29,36955.94,51047.96,30162.29,77,365.76,21767.12,2,0,12,0.3019,0.148,0.201,0,0,0,0,0
C09824,42676.56,27754.91,46245.09,32298.27,66,476.96,35291.56,0,0,30,0.2263,0.2302,0.0346,1,0,0,0,0
C09825,178714.6,141705.47,216567.16,161481.48,74,2822.12,398787.79,2,0,56,0.3331,0.4102,0.1314,0,1,0,0,0
C09826,24558.41,17679.51,25744.54,16855.96,65,309.91,54898.71,0,1,55,0.169,0.205,0.1866,0,3,0,0,0
C09827,42536.74,15737.08,44441.12,17811.23,62,275.65,28936.75,2,0,7,0.596,0.1782,0.0525,0,2,0,0,0
C09828,23712.04,8339.88,27182.0,7731.28,78,113.89,53633.08,0,0,56,0.2607,0.2762,0.1411,0,1,0,0,0
C09829,37794.32,13581.74,42190.52,13760.27,68,157.34,45912.48,1,1,21,0.5216,0.2401,0.1211,0,1,0,0,0
C09830,38492.77,21300.29,36246.99,21009.89,64,293.28,20769.44,0,2,59,0.1648,0.4391,0.1593,0,0,0,0,0
C09831,65815.71,41498.26,68378.99,42190.83,62,857.24,133796.78,0,0,56,0.3778,0.3219,0.1191,1,0,0,0,0
C09832,36756.41,20828.47,40527.15,23484.97,69,438.17,90344.27,0,1,19,0.1207,0.3175,0.2198,0,0,0,0,0
C09833,41287.87,27031.52,40444.79,27079.51,64,514.63,44020.08,1,1,29,0.2907,0.1862,0.0846,0,0,0,0,0
C09834,37077.84,20478.87,36532.75,20668.17,69,325.51,102364.5,1,0,40,0.2109,0.1732,0.1715,0,1,0,0,0
C09835,23955.29,8843.18,21153.12,10074.04,79,151.37,9863.97,1,0,3,0.2818,0.1071,0.0444,0,1,0,0,0
C09836,33556.02,15159.77,23625.67,16030.02,61,206.37,36546.48,0,1,45,0.4577,0.3874,0.2236,0,1,0,0,0
C09837,37893.93,30189.37,38087.59,29554.95,56,496.98,63221.73,1,0,9,0.1747,0.1099,0.2157,0,1,0,0,0
C09838,46520.08,23522.36,49556.65,25377.73,70,383.65,83431.67,1,0,46,0.6382,0.3552,0.1533,0,1,1,0,0
C09839,57869.4,28711.59,53155.96,33567.28,79,449.08,129606.47,0,3,26,0.3008,0.2824,0.1,1,0,0,0,0
C09840,40491.58,16956.11,49211.23,19952.42,60,287.13,49942.64,0,0,41,0.1654,0.1491,0.2319,0,0,0,0,0
C09841,40172.52,31905.6,37135.32,28429.32,66,464.7,29538.66,0,1,57,0.055,0.1929,0.1731,0,0,0,0,0
C09842,20744.82,9412.06,24053.69,8443.14,75,100.0,70405.67,1,1,26,0.352,0.1629,0.189,0,0,0,0,0
C09843,57371.23,36779.09,63122.15,43027.49,62,799.23,33364.95,1,1,5,0.3523,0.3163,0.2025,1,0,0,0,0
C09844,32901.18,12137.95,43138.72,12326.06,63,193.16,7200.4,1,1,28,0.2074,0.3178,0.1149,0,1,0,0,0
C09845,62983.2,23928.11,70212.45,18807.47,57,338.0,125467.39,0,1,55,0.3233,0.1341,0.1206,0,0,0,0,0
C09846,81374.38,54727.38,71320.32,52670.28,65,1026.26,57354.96,3,0,4,0.5838,0.198,0.0215,0,5,0,0,0
C09847,41351.17,26292.14,48650.64,26221.54,72,468.28,98474.75,0,0,27,0.1304,0.174,0.1906,0,0,0,0,0
C09848,28393.85,18628.44,35597.64,18861.14,65,343.41,67284.52,0,1,53,0.4962,0.3993,0.1513,0,1,0,0,0
C09849,44663.12,20274.23,37397.97,23148.94,74,300.57,83070.79,0,1,35,0.6274,0.4246,0.2308,0,0,0,0,0
C09850,52645.37,41758.31,59315.31,39190.17,74,513.98,69060.73,4,0,45,0.5957,0.1772,0.2185,0,0,0,1,0
C09851,39043.58,23475.69,45026.53,27284.94,70,393.6,96604.07,2,0,27,0.5845,0.365,0.0599,0,0,0,0,0
C09852,34912.51,27451.59,35766.49,29763.45,67,515.87,75208.29,0,4,34,0.3176,0.1237,0.2248,0,3,0,1,0
C09853,57988.92,24580.16,44034.78,22014.36,79,317.21,64915.18,3,0,28,0.2383,0.2057,0.1326,0,0,0,0,0
C09854,56293.14,29964.55,57108.55,30314.03,77,341.29,32486.08,2,2,15,0.356,0.2092,0.1175,0,0,1,0,0
C09855,38506.7,19294.11,37747.02,21404.11,70,297.41,24513.08,2,1,39,0.4218,0.3712,0.0486,0,0,1,0,0
C09856,21377.37,14745.76,26370.54,15553.05,62,277.52,44582.73,1,1,54,0.2479,0.1584,0.0348,1,0,0,0,0
C09857,55259.08,37930.23,57434.58,41551.68,81,382.17,93818.07,1,1,37,0.3008,0.4068,0.036,0,0,0,0,0
C09858,31860.44,18126.83,31877.1,17755.41,58,233.96,77499.58,0,0,36,0.577,0.3991,0.1268,0,0,1,0,0
C09859,49556.63,17704.93,48546.59,19768.83,72,327.98,17293.64,0,0,42,0.1976,0.4,0.1703,0,1,0,0,0
C09860,48167.44,20656.25,52458.66,20701.37,79,329.56,164045.63,1,2,31,0.6223,0.4072,0.2497,0,0,0,0,0
C09861,19233.17,7166.65,20326.07,9714.68,83,100.0,39215.79,0,1,15,0.1693,0.272,0.1247,0,1,1,0,0
C09862,46672.23,34124.7,44581.62,30427.83,79,481.47,42003.35,2,0,39,0.1735,0.1791,0.0879,0,0,0,0,0
C09863,56724.27,27250.18,61357.65,37435.05,69,658.26,49421.85,1,0,52,0.4752,0.4353,0.2106,0,1,0,0,0
C09864,59942.22,24160.62,58930.96,22611.01,56,318.2,185158.63,1,0,13,0.2369,0.1474,0.0766,0,0,0,0,0
C09865,47440.54,24165.15,35055.18,29059.72,74,309.38,22562.29,0,0,48,0.28,0.3332,0.0358,0,0,0,0,0
C09866,18484.43,7112.44,20890.41,8174.28,85,100.0,10247.98,1,0,48,0.1466,0.1875,0.1436,0,0,0,0,0
C09867,79945.81,63196.02,89441.93,59458.11,76,917.08,222081.29,0,0,7,0.2489,0.3396,0.1375,0,3,0,0,0
C09868,54142.67,26624.85,58147.54,29871.4,72,412.71,180101.77,1,0,5,0.2625,0.4204,0.2337,0,2,0,0,0
C09869,26184.53,20158.95,26103.46,19967.49,65,366.53,43328.93,3,2,25,0.5036,0.2373,0.0437,1,0,0,1,0
C09870,31568.79,20747.89,32874.25,22469.59,67,261.47,16399.31,3,1,60,0.1554,0.3788,0.1845,1,0,0,0,0
C09871,49934.56,30197.83,57340.55,32243.56,48,569.91,123576.67,1,0,19,0.2523,0.2731,0.1758,0,0,0,0,0
C09872,61103.27,34460.63,59525.74,34739.17,73,541.14,67068.68,2,0,12,0.3502,0.3754,0.0545,0,2,0,0,0
C09873,36128.4,23820.21,41661.73,23775.15,67,356.79,120394.03,0,0,10,0.4603,0.284,0.1218,0,0,0,0,0
C09874,65244.97,42984.94,56960.05,46892.48,61,727.09,207111.14,3,1,50,0.3407,0.2222,0.207,1,1,0,1,0
C09875,20083.88,7124.44,21493.36,6707.96,73,110.4,62305.52,2,1,43,0.3572,0.2608,0.2168,1,1,0,0,0
C09876,28150.24,21352.03,29644.76,20200.49,63,251.37,5894.51,1,0,46,0.181,0.2075,0.0264,0,0,0,0,0
C09877,17773.32,9163.63,20800.52,10671.94,71,142.03,58667.0,0,1,58,0.3674,0.3249,0.0714,0,0,0,0,0
C09878,30049.02,15294.14,28237.92,16845.06,65,321.87,73894.48,1,0,51,0.4708,0.4429,0.0898,0,1,0,0,0
C09879,88703.31,47275.83,84518.54,42226.77,64,822.22,31945.66,0,2,9,0.204,0.2448,0.0658,0,2,0,0,0
C09880,113598.86,74790.91,100269.25,69526.11,71,901.13,292016.83,2,1,35,0.5598,0.305,0.1466,0,1,0,0,0
C09881,50010.26,25965.73,49109.67,20606.89,66,298.48,161824.7,0,0,13,0.3342,0.1769,0.2172,0,0,0,0,0
C09882,33763.13,17496.86,36486.13,20281.71,83,182.22,45149.61,0,1,50,0.0683,0.2953,0.0422,1,0,0,0,0
C09883,40728.36,15418.09,33977.99,17462.98,78,185.47,99436.01,1,2,34,0.6236,0.2302,0.1252,0,0,0,0,0
C09884,55682.47,29928.7,55507.1,27514.93,58,337.11,72223.06,1,1,22,0.1146,0.4332,0.1647,0,0,0,0,0
C09885,22271.8,9293.25,25017.79,10482.39,64,167.07,52629.71,2,0,53,0.3421,0.364,0.0274,0,3,0,0,0
C09886,34779.84,25563.71,36089.45,32932.71,65,655.09,67431.72,0,0,34,0.588,0.3134,0.0684,0,1,0,0,0
C09887,85829.64,42960.31,90895.7,37172.67,76,385.36,53766.06,1,3,56,0.6052,0.2786,0.2071,1,1,0,0,0
C09888,28109.09,21992.28,24434.33,21468.6,60,454.43,6315.14,0,1,13,0.5646,0.2912,0.1439,0,1,0,0,0
C09889,32123.93,21138.75,33344.47,18235.5,74,232.69,87425.32,0,0,28,0.2633,0.131,0.0357,0,0,0,0,0
C09890,45267.97,31247.04,47687.19,36366.09,60,442.57,42175.98,1,4,18,0.1718,0.1097,0.0632,0,0,1,1,0
C09891,51114.92,39690.13,52666.38,41217.13,66,497.23,79251.45,0,0,18,0.5219,0.3104,0.0217,0,0,0,0,0
C09892,33967.72,15540.93,36288.95,15575.55,62,244.15,106979.52,1,0,25,0.5322,0.3155,0.0443,0,1,0,0,0
C09893,46585.83,28197.52,47187.02,30376.91,73,342.42,139445.5,1,0,30,0.6219,0.1791,0.1538,0,1,0,0,0
C09894,59159.39,21789.98,58879.89,21423.21,78,302.44,136286.88,0,0,23,0.2874,0.3753,0.137,0,0,0,0,0
C09895,108778.73,43004.74,100645.07,43082.32,77,471.07,121129.59,0,0,48,0.2567,0.1325,0.0288,0,0,0,0,0
C09896,42514.81,21893.6,49612.04,23710.15,59,468.15,25982.43,1,1,21,0.6462,0.3556,0.1404,0,1,0,1,0
C09897,44171.45,29026.2,39878.03,28352.52,73,320.69,34912.78,1,1,6,0.337,0.2901,0.1446,0,0,1,0,0
C09898,89480.08,64807.03,95650.06,64400.16,75,903.66,298114.17,0,0,27,0.565,0.2142,0.1266,0,1,0,0,0
C09899,35146.95,16356.75,44551.7,16867.37,68,251.41,80180.55,1,1,49,0.3528,0.4143,0.1918,1,0,0,0,0
C09900,24796.53,17037.32,29313.77,18075.92,65,328.73,38788.75,1,0,4,0.5569,0.3638,0.1428,0,0,0,0,0
C09901,50363.89,22710.64,55960.52,25485.82,64,424.04,167052.49,1,0,5,0.1043,0.429,0.1991,0,1,0,0,0
C09902,73035.18,25761.34,78875.74,28852.37,56,519.9,143058.76,2,0,16,0.1146,0.2013,0.2005,0,0,0,0,0
C09903,52938.65,19824.78,54773.9,17248.53,61,351.55,80946.08,1,1,27,0.2468,0.3178,0.2241,0,0,0,0,0
C09904,43077.7,26428.23,40572.22,32214.8,66,599.78,26524.07,0,1,25,0.5029,0.3631,0.1884,0,1,0,0,0
C09905,23450.35,13453.85,23908.58,14221.99,79,221.32,11233.62,0,1,59,0.3182,0.2834,0.2388,0,0,1,0,0
C09906,43833.41,20675.84,49048.93,20886.75,65,270.6,105651.19,2,0,51,0.1835,0.4092,0.2097,0,0,0,0,0
C09907,78381.05,27664.32,85965.66,26048.04,66,446.4,29967.52,1,1,54,0.2244,0.2112,0.168,0,1,0,0,0
C09908,25824.14,15639.22,29559.52,20154.26,75,291.32,12156.47,0,1,4,0.2604,0.3263,0.0328,1,0,0,0,0
C09909,40307.04,28937.35,48221.76,38578.81,77,605.95,135953.08,0,1,9,0.3823,0.3108,0.1804,0,0,0,0,0
C09910,37799.44,14395.74,38970.66,18339.33,64,309.23,81545.3,0,1,41,0.5652,0.3283,0.2,1,0,0,0,0
C09911,32874.44,22401.09,35275.0,23847.52,70,277.72,103589.2,1,0,47,0.2567,0.2763,0.1072,0,2,0,0,0
C09912,50311.21,31974.99,41361.42,34894.08,82,371.21,38193.74,0,3,9,0.4155,0.3726,0.2403,0,1,1,0,0
C09913,54934.95,31077.23,72555.0,38191.57,75,504.57,183234.91,1,0,5,0.3861,0.3541,0.1689,0,1,0,0,0
C09914,54676.53,20326.2,54695.02,20755.28,78,274.64,138493.21,0,0,12,0.6479,0.301,0.2179,0,1,0,0,0
C09915,28994.27,22198.22,32711.42,24750.04,58,408.02,35991.56,1,2,56,0.5507,0.113,0.2476,0,1,0,1,0
C09916,21455.26,12118.97,21460.77,13055.36,74,214.72,68409.9,0,2,26,0.5502,0.2173,0.1323,0,0,0,0,0
C09917,50639.77,26830.12,50511.68,34349.32,67,621.02,27613.87,2,0,27,0.2297,0.1604,0.2078,0,0,0,0,0
C09918,35837.65,26436.14,36610.3,32314.46,72,515.91,112987.78,0,0,4,0.3153,0.1173,0.2045,0,0,0,0,0
C09919,102914.96,75180.43,92683.75,77694.72,80,939.36,245078.43,1,0,54,0.5878,0.3885,0.1813,0,1,0,0,0
C09920,105076.84,71165.12,79057.13,87747.02,73,1391.2,197370.09,1,2,44,0.3665,0.2076,0.0207,0,0,0,0,0
C09921,110219.4,79711.99,131068.81,83660.83,64,1588.63,342286.64,0,0,12,0.3403,0.4411,0.1406,0,0,0,0,0
C09922,29477.07,11966.15,32881.21,11780.76,83,150.96,7221.28,1,1,58,0.2658,0.3454,0.1925,0,0,0,0,0
C09923,58141.44,40257.83,54658.61,40892.28,77,564.78,118371.52,1,0,47,0.5124,0.1288,0.1048,0,0,1,0,0
C09924,66592.44,33137.42,73533.33,35380.47,55,540.88,124940.18,2,0,18,0.5217,0.1664,0.1294,0,0,0,0,0
C09925,63302.31,46867.3,72726.26,44795.49,65,629.24,45076.53,1,1,6,0.138,0.3777,0.1572,0,0,0,0,0
C09926,38366.45,19820.27,37094.13,19580.16,69,315.3,40532.58,2,1,14,0.0997,0.2761,0.1425,0,2,0,0,0
C09927,80020.81,29962.73,87976.62,26271.14,71,459.28,64625.7,1,0,41,0.5466,0.1147,0.0908,0,1,0,0,0
C09928,45009.62,24146.36,52698.0,22970.48,72,354.91,45600.68,2,0,30,0.4278,0.2396,0.1987,0,2,0,0,0
C09929,47670.38,32918.77,41825.88,35491.22,72,446.22,120256.1,0,0,49,0.3328,0.3228,0.1667,0,1,0,0,0
C09930,22525.26,12961.47,25093.35,15230.46,62,287.89,76240.72,1,0,18,0.4074,0.2614,0.181,0,1,0,0,0
C09931,60147.91,41720.71,65785.36,48382.84,65,735.81,141023.25,1,2,29,0.4276,0.3408,0.0752,0,0,0,0,0
C09932,40023.92,14643.68,51056.67,16131.19,64,230.87,80913.44,2,0,24,0.4011,0.1652,0.1984,0,1,0,0,0
C09933,55468.37,23836.08,61949.53,20653.66,76,247.62,101235.21,0,0,53,0.5776,0.2419,0.0343,0,0,0,0,0
C09934,50022.04,30194.48,50056.77,28584.5,72,468.41,33104.87,1,0,41,0.3002,0.1756,0.0978,1,0,0,0,0
C09935,48817.26,25550.52,49528.89,26222.68,69,461.15,130632.33,0,0,57,0.3987,0.2743,0.1888,0,2,0,0,0
C09936,44083.76,28922.43,56991.8,33710.25,72,419.57,141461.67,1,1,49,0.5821,0.1803,0.1437,1,0,0,0,0
C09937,64112.05,50209.32,64587.63,49364.67,75,541.84,91783.79,0,1,25,0.133,0.3687,0.1384,0,0,0,0,0
C09938,41147.4,26619.81,46098.98,24054.44,80,307.27,24021.76,0,1,28,0.1243,0.1006,0.0359,0,0,0,0,0
C09939,23378.66,12573.35,23878.83,15387.2,79,234.94,58548.42,0,1,52,0.2606,0.445,0.2205,0,0,0,0,0
C09940,58130.62,34533.3,68579.68,33214.4,62,409.12,154723.91,1,0,25,0.2112,0.1397,0.1493,0,0,0,0,0
C09941,31268.46,23788.17,37074.4,21757.98,79,273.38,20890.99,1,0,26,0.4976,0.3589,0.0674,0,2,0,0,0
C09942,24797.55,16188.96,25969.97,17440.04,64,190.82,24710.7,0,1,20,0.5144,0.3117,0.155,0,0,0,0,0
C09943,28407.49,20209.97,28441.26,21099.02,65,342.57,37556.11,1,0,45,0.2589,0.3868,0.2138,0,1,0,0,0
C09944,51119.3,24827.79,51033.78,24579.13,70,300.32,64794.61,0,0,29,0.3076,0.4194,0.1268,0,1,0,0,0
C09945,43087.33,29512.43,36310.93,30989.36,60,476.92,47818.42,1,2,55,0.4327,0.3109,0.0225,0,1,0,1,0
C09946,17235.22,7113.74,18304.96,6679.0,64,100.0,36792.57,1,0,11,0.1506,0.1948,0.1805,0,0,0,0,0
C09947,37864.63,26028.11,40123.16,25731.65,76,336.89,113936.91,0,1,41,0.3961,0.2036,0.1369,1,2,0,0,0
C09948,76158.49,56867.65,72507.77,59464.48,69,955.15,162675.23,2,1,52,0.386,0.2381,0.2056,0,0,0,0,0
C09949,36729.47,27734.59,30478.95,22345.69,73,232.59,26808.35,0,0,16,0.1466,0.2427,0.2095,0,2,0,0,0
C09950,41770.82,16811.32,44893.37,19578.59,72,297.1,27830.19,3,0,26,0.252,0.389,0.1223,1,0,0,0,0
C09951,71952.68,52053.94,78422.28,46080.83,73,547.38,243980.18,1,0,7,0.6441,0.4182,0.0248,0,0,0,0,0
C09952,64369.03,25713.59,70635.84,24102.31,69,401.72,14695.75,1,1,15,0.2389,0.3033,0.0748,1,1,0,0,0
C09953,71268.22,40286.4,66365.49,47135.83,84,428.7,234051.49,2,0,14,0.3384,0.2012,0.2084,1,0,0,0,0
C09954,12923.06,8492.19,14184.52,9496.97,74,151.17,22425.29,0,1,11,0.1885,0.2872,0.0522,0,1,0,0,0
C09955,98174.63,55754.56,100979.49,59126.53,74,890.57,21485.28,0,3,18,0.5155,0.3489,0.1957,0,1,0,0,0
C09956,59921.94,30138.3,69134.25,25467.38,70,276.09,60327.74,2,0,15,0.3812,0.4292,0.1295,0,0,0,0,0
C09957,136227.58,89599.54,127103.26,87567.27,77,1401.58,304224.58,2,0,44,0.3278,0.2298,0.1292,1,1,0,0,0
C09958,31646.13,20487.56,37596.37,20980.51,60,260.54,27990.88,0,0,33,0.3094,0.4103,0.1754,0,0,0,0,0
C09959,20350.59,12460.7,25055.61,12869.13,73,137.88,66081.25,2,0,52,0.6141,0.3208,0.1029,1,1,0,0,0
C09960,45146.41,26536.74,48032.6,31498.32,73,350.55,13629.18,1,2,13,0.254,0.4054,0.0549,0,0,0,0,0
C09961,39755.37,26540.01,43668.92,34218.44,61,456.95,52348.1,2,0,8,0.4021,0.3986,0.2061,0,0,0,0,0
C09962,60389.26,32088.84,69089.37,36060.88,48,938.62,80932.51,1,0,45,0.096,0.1996,0.0268,0,1,0,0,0
C09963,72994.22,27806.83,67659.49,27414.01,85,305.01,183608.75,0,1,60,0.208,0.2968,0.1054,0,1,0,0,0
C09964,43266.56,25607.51,42905.21,30619.66,66,369.64,149480.8,0,0,44,0.5748,0.1489,0.1776,0,1,1,0,0
C09965,40380.37,27279.16,43292.08,26713.17,64,429.42,134632.96,0,0,7,0.5914,0.3289,0.1101,0,0,0,0,0
C09966,56933.64,27591.29,73628.14,20283.92,64,363.21,90090.29,0,0,45,0.4135,0.1744,0.0975,0,1,0,0,0
C09967,40097.52,16573.83,36347.09,14917.38,85,225.88,92331.96,0,0,36,0.4123,0.1821,0.2407,0,0,0,0,0
C09968,38616.15,29360.96,48136.07,22471.98,78,305.07,124793.88,3,0,45,0.6464,0.1966,0.0563,0,1,0,0,0
C09969,71763.3,53010.64,73687.48,53219.53,63,651.35,191974.6,1,0,36,0.6395,0.4457,0.0724,0,1,0,0,0
C09970,79325.73,49839.99,82964.21,51265.71,75,530.3,55509.02,1,0,57,0.1323,0.2797,0.0981,0,0,0,0,0
C09971,73291.69,51595.39,87668.98,44314.22,77,722.61,237023.52,0,2,50,0.4954,0.221,0.1546,0,0,0,0,0
C09972,41719.1,32789.65,53925.02,31068.39,65,554.28,70205.89,2,0,39,0.5852,0.274,0.2206,0,1,0,1,0
C09973,17180.2,10414.06,18910.96,9152.26,74,100.0,27445.87,1,0,3,0.2577,0.3547,0.2351,1,2,0,0,1
C09974,42096.72,19359.51,50085.4,20032.44,68,346.19,17771.63,2,0,19,0.3458,0.2754,0.2486,1,0,0,0,0
C09975,31994.74,20395.54,30061.08,19326.44,77,190.36,97154.47,2,0,28,0.179,0.2315,0.2425,0,0,0,0,0
C09976,42448.27,32327.21,41873.68,37861.39,63,555.71,136584.92,1,1,44,0.4753,0.221,0.0986,0,1,0,0,0
C09977,33270.52,21977.39,29534.45,23523.77,75,223.52,104920.12,1,0,5,0.4157,0.259,0.0274,0,0,0,0,0
C09978,44581.97,16130.12,44052.76,20042.88,69,373.25,37428.09,0,0,26,0.2323,0.1522,0.0389,0,0,0,0,0
C09979,28190.6,21501.24,31512.24,21402.94,73,265.03,15818.31,0,2,29,0.4058,0.1917,0.2482,1,0,0,0,0
C09980,25288.24,17427.49,27196.43,22783.38,72,245.18,23610.04,0,0,59,0.0586,0.2696,0.2259,0,0,0,0,0
C09981,78012.86,41411.09,98081.85,43494.17,52,992.7,80425.81,3,3,30,0.543,0.1764,0.1169,0,0,0,1,0
C09982,29087.73,23106.46,37714.15,22796.47,77,281.37,38039.45,0,1,41,0.2126,0.3706,0.2275,0,0,0,0,0
C09983,45006.72,30368.54,46519.82,40664.94,67,650.86,84816.89,3,1,4,0.2963,0.1346,0.0945,0,1,1,0,0
C09984,69144.2,49883.98,66961.86,41432.6,65,775.87,238914.49,1,0,50,0.2241,0.3695,0.1777,0,0,0,0,0
C09985,67904.3,52586.78,80752.08,51728.49,67,661.19,96124.1,4,0,24,0.2619,0.3601,0.203,0,0,0,1,0
C09986,64350.47,23668.76,77330.4,20123.04,82,251.04,60268.27,0,1,11,0.5033,0.4155,0.1163,0,1,1,0,0
C09987,51570.63,36021.52,56879.82,29876.5,66,361.93,45437.76,1,0,30,0.087,0.2554,0.1664,0,2,0,0,0
C09988,62331.32,32652.63,70725.31,26185.57,55,576.35,134329.16,2,0,14,0.3198,0.1869,0.2335,0,1,0,0,0
C09989,83475.41,61862.27,93150.07,69533.87,65,954.5,206454.62,1,1,45,0.6301,0.335,0.2232,1,1,0,1,1
C09990,54484.85,40618.63,50744.42,36171.44,70,512.72,93659.0,1,0,4,0.2771,0.4112,0.2132,0,1,0,0,0
C09991,19686.27,14230.78,17791.89,14507.24,62,265.45,56874.54,1,0,36,0.3302,0.1016,0.2385,0,1,1,0,0
C09992,35474.8,24855.07,37031.85,28758.06,75,476.32,8895.09,1,0,15,0.2008,0.2379,0.227,0,1,0,0,0
C09993,61561.03,43549.95,63154.85,48148.89,75,583.42,136221.37,2,1,40,0.0869,0.1056,0.0653,0,0,0,0,0
C09994,33935.76,16406.2,36760.34,18041.41,67,202.21,74596.36,0,0,46,0.0873,0.1436,0.0703,0,1,0,0,0
C09995,93289.75,49717.62,96485.21,59445.3,64,942.06,295376.61,0,0,46,0.5248,0.327,0.0359,0,0,0,0,0
C09996,43738.62,17573.07,36985.74,21845.64,66,234.32,38268.46,0,0,59,0.3191,0.3394,0.022,0,0,0,0,0
C09997,46759.83,33843.18,37245.92,30451.82,57,499.8,66904.24,0,1,57,0.1473,0.3551,0.0529,0,0,0,0,0
C09998,74649.02,47827.84,84987.28,52992.5,59,848.7,136554.02,0,0,16,0.4516,0.4114,0.1231,0,2,0,0,0
C09999,41445.53,25933.4,40221.44,26382.93,76,340.06,79949.77,1,1,26,0.5429,0.1075,0.1508,0,0,0,0,0
